image,H,W,area
0,256,256,259
0,256,256,112
0,256,256,353
0,256,256,174
0,256,256,198
0,256,256,21
0,256,256,434
0,256,256,267
0,256,256,82
0,256,256,74
0,256,256,356
0,256,256,305
0,256,256,21
0,256,256,309
0,256,256,400
0,256,256,280
0,256,256,310
0,256,256,139
0,256,256,460
0,256,256,38
0,256,256,195
0,256,256,21
0,256,256,104
0,256,256,261
0,256,256,21
0,256,256,253
0,256,256,268
1,256,256,140
1,256,256,82
1,256,256,159
1,256,256,142
1,256,256,152
1,256,256,123
1,256,256,139
1,256,256,111
1,256,256,132
1,256,256,162
1,256,256,35
1,256,256,114
1,256,256,112
1,256,256,58
1,256,256,124
1,256,256,158
1,256,256,153
1,256,256,136
1,256,256,152
1,256,256,134
1,256,256,132
1,256,256,97
1,256,256,141
1,256,256,175
1,256,256,115
1,256,256,143
1,256,256,159
1,256,256,137
1,256,256,102
1,256,256,108
1,256,256,133
1,256,256,276
1,256,256,157
1,256,256,103
1,256,256,106
1,256,256,135
2,256,320,200
2,256,320,237
2,256,320,478
2,256,320,461
2,256,320,188
2,256,320,544
2,256,320,449
2,256,320,562
2,256,320,638
2,256,320,222
2,256,320,82
2,256,320,541
2,256,320,181
2,256,320,495
2,256,320,218
2,256,320,188
2,256,320,658
2,256,320,841
2,256,320,449
2,256,320,261
2,256,320,295
2,256,320,145
2,256,320,807
2,256,320,246
2,256,320,639
2,256,320,693
2,256,320,483
2,256,320,388
2,256,320,568
2,256,320,595
2,256,320,345
2,256,320,463
2,256,320,56
2,256,320,346
2,256,320,426
2,256,320,195
2,256,320,312
2,256,320,1026
2,256,320,400
2,256,320,433
2,256,320,438
2,256,320,643
2,256,320,658
2,256,320,199
2,256,320,272
2,256,320,214
2,256,320,465
2,256,320,366
2,256,320,108
2,256,320,253
2,256,320,72
2,256,320,481
2,256,320,488
2,256,320,515
2,256,320,625
2,256,320,466
2,256,320,541
2,256,320,682
2,256,320,525
2,256,320,351
2,256,320,299
2,256,320,227
2,256,320,345
2,256,320,273
2,256,320,533
2,256,320,219
2,256,320,348
2,256,320,502
2,256,320,1067
2,256,320,446
3,256,320,439
3,256,320,93
3,256,320,42
3,256,320,537
3,256,320,283
3,256,320,226
3,256,320,54
3,256,320,44
3,256,320,149
3,256,320,36
3,256,320,162
3,256,320,429
3,256,320,41
3,256,320,520
3,256,320,71
3,256,320,231
3,256,320,199
3,256,320,194
3,256,320,29
3,256,320,151
3,256,320,368
3,256,320,63
3,256,320,47
3,256,320,168
3,256,320,36
3,256,320,28
3,256,320,24
3,256,320,187
3,256,320,27
3,256,320,53
3,256,320,52
3,256,320,111
3,256,320,170
3,256,320,102
3,256,320,209
3,256,320,271
3,256,320,74
3,256,320,157
3,256,320,24
3,256,320,132
3,256,320,36
3,256,320,353
3,256,320,130
3,256,320,131
3,256,320,118
3,256,320,38
3,256,320,69
3,256,320,47
3,256,320,420
3,256,320,421
3,256,320,36
3,256,320,144
3,256,320,109
3,256,320,223
3,256,320,36
3,256,320,457
3,256,320,143
3,256,320,36
3,256,320,146
3,256,320,22
3,256,320,176
3,256,320,343
3,256,320,31
3,256,320,101
3,256,320,496
3,256,320,57
3,256,320,39
3,256,320,112
3,256,320,71
3,256,320,183
3,256,320,278
3,256,320,112
3,256,320,197
3,256,320,256
3,256,320,160
3,256,320,38
3,256,320,524
3,256,320,120
3,256,320,115
3,256,320,261
3,256,320,752
3,256,320,199
3,256,320,39
3,256,320,420
3,256,320,31
3,256,320,67
4,256,320,777
4,256,320,846
4,256,320,617
4,256,320,662
4,256,320,1563
4,256,320,1078
4,256,320,152
5,256,256,262
5,256,256,112
5,256,256,327
5,256,256,178
5,256,256,204
5,256,256,73
5,256,256,143
5,256,256,297
5,256,256,229
5,256,256,162
5,256,256,21
5,256,256,379
5,256,256,332
5,256,256,57
5,256,256,209
5,256,256,26
6,256,256,246
6,256,256,191
6,256,256,339
6,256,256,475
6,256,256,28
6,256,256,398
6,256,256,203
6,256,256,503
6,256,256,379
6,256,256,375
6,256,256,318
6,256,256,389
6,256,256,177
6,256,256,168
6,256,256,351
6,256,256,656
6,256,256,51
6,256,256,186
6,256,256,237
6,256,256,361
6,256,256,26
6,256,256,91
6,256,256,297
6,256,256,315
6,256,256,237
6,256,256,164
6,256,256,138
6,256,256,35
6,256,256,346
6,256,256,393
6,256,256,186
6,256,256,419
6,256,256,77
6,256,256,132
6,256,256,224
6,256,256,279
6,256,256,180
6,256,256,21
6,256,256,554
6,256,256,21
6,256,256,128
6,256,256,239
6,256,256,191
6,256,256,349
6,256,256,339
6,256,256,89
6,256,256,21
6,256,256,213
6,256,256,155
6,256,256,385
6,256,256,330
6,256,256,353
6,256,256,337
6,256,256,314
6,256,256,377
6,256,256,369
6,256,256,215
6,256,256,212
6,256,256,597
6,256,256,340
6,256,256,205
6,256,256,312
7,360,360,349
7,360,360,1755
7,360,360,2000
7,360,360,2051
7,360,360,2064
7,360,360,1496
7,360,360,102
7,360,360,954
7,360,360,742
7,360,360,831
7,360,360,1103
7,360,360,1552
7,360,360,1414
7,360,360,3009
7,360,360,1782
7,360,360,1711
7,360,360,2238
7,360,360,2275
7,360,360,2217
7,360,360,1444
7,360,360,499
7,360,360,357
7,360,360,35
8,256,256,98
8,256,256,104
8,256,256,61
8,256,256,96
8,256,256,101
8,256,256,84
8,256,256,69
8,256,256,45
8,256,256,52
8,256,256,86
8,256,256,27
8,256,256,98
8,256,256,83
8,256,256,142
8,256,256,63
8,256,256,41
9,360,360,1766
9,360,360,1710
9,360,360,2635
9,360,360,239
9,360,360,2320
9,360,360,1752
9,360,360,1309
9,360,360,1935
9,360,360,1691
9,360,360,59
9,360,360,948
9,360,360,2023
9,360,360,1923
9,360,360,2009
9,360,360,2333
9,360,360,1891
9,360,360,1866
9,360,360,2379
9,360,360,632
9,360,360,2118
9,360,360,546
9,360,360,322
10,360,360,144
10,360,360,1890
10,360,360,3375
10,360,360,3402
10,360,360,188
10,360,360,2030
10,360,360,2142
10,360,360,1841
10,360,360,1935
10,360,360,1785
10,360,360,1175
10,360,360,3863
10,360,360,2040
10,360,360,1685
10,360,360,2730
10,360,360,2058
10,360,360,3284
11,260,347,91
11,260,347,205
11,260,347,158
11,260,347,209
11,260,347,71
11,260,347,152
11,260,347,27
11,260,347,213
11,260,347,197
11,260,347,154
11,260,347,304
11,260,347,235
11,260,347,95
11,260,347,57
11,260,347,257
11,260,347,34
11,260,347,74
11,260,347,241
11,260,347,77
11,260,347,196
11,260,347,108
11,260,347,49
11,260,347,143
11,260,347,121
11,260,347,22
11,260,347,141
11,260,347,81
11,260,347,267
11,260,347,75
11,260,347,68
11,260,347,68
11,260,347,54
11,260,347,140
11,260,347,251
11,260,347,219
11,260,347,219
11,260,347,44
11,260,347,151
11,260,347,112
11,260,347,207
11,260,347,44
11,260,347,273
11,260,347,111
11,260,347,56
11,260,347,215
11,260,347,216
11,260,347,28
11,260,347,191
11,260,347,104
11,260,347,157
11,260,347,267
11,260,347,40
11,260,347,114
11,260,347,149
11,260,347,295
11,260,347,176
11,260,347,134
11,260,347,42
11,260,347,231
11,260,347,76
11,260,347,185
11,260,347,171
11,260,347,99
11,260,347,257
11,260,347,117
11,260,347,38
11,260,347,176
11,260,347,206
11,260,347,34
11,260,347,168
11,260,347,44
11,260,347,159
11,260,347,48
11,260,347,270
11,260,347,259
11,260,347,148
11,260,347,160
11,260,347,249
11,260,347,106
11,260,347,129
11,260,347,259
11,260,347,72
11,260,347,94
11,260,347,147
11,260,347,208
11,260,347,44
11,260,347,21
11,260,347,45
11,260,347,21
11,260,347,218
11,260,347,23
11,260,347,147
11,260,347,266
11,260,347,35
11,260,347,120
11,260,347,237
11,260,347,77
11,260,347,165
11,260,347,22
11,260,347,140
11,260,347,169
11,260,347,36
11,260,347,91
11,260,347,56
11,260,347,107
11,260,347,129
11,260,347,23
11,260,347,128
11,260,347,291
11,260,347,148
11,260,347,27
11,260,347,85
11,260,347,162
11,260,347,176
11,260,347,51
11,260,347,140
11,260,347,88
11,260,347,202
11,260,347,64
11,260,347,41
11,260,347,263
11,260,347,159
11,260,347,131
11,260,347,303
11,260,347,199
12,256,256,129
12,256,256,32
12,256,256,124
12,256,256,140
12,256,256,335
12,256,256,225
12,256,256,131
12,256,256,126
12,256,256,127
12,256,256,122
12,256,256,150
12,256,256,157
12,256,256,104
12,256,256,148
12,256,256,138
12,256,256,108
12,256,256,177
12,256,256,137
12,256,256,142
12,256,256,129
12,256,256,109
12,256,256,207
12,256,256,115
12,256,256,113
12,256,256,47
12,256,256,89
12,256,256,134
12,256,256,133
12,256,256,109
12,256,256,156
12,256,256,222
12,256,256,212
12,256,256,119
12,256,256,41
12,256,256,130
12,256,256,154
12,256,256,135
12,256,256,140
12,256,256,94
12,256,256,109
12,256,256,100
12,256,256,136
12,256,256,107
12,256,256,83
12,256,256,93
12,256,256,221
12,256,256,76
12,256,256,227
12,256,256,114
12,256,256,221
12,256,256,119
12,256,256,137
12,256,256,139
12,256,256,131
12,256,256,135
12,256,256,168
12,256,256,152
12,256,256,115
12,256,256,222
12,256,256,228
12,256,256,143
12,256,256,117
12,256,256,143
12,256,256,122
12,256,256,126
12,256,256,31
12,256,256,112
12,256,256,147
12,256,256,117
12,256,256,162
12,256,256,105
12,256,256,123
12,256,256,97
12,256,256,126
12,256,256,115
12,256,256,300
12,256,256,160
12,256,256,122
12,256,256,45
12,256,256,128
12,256,256,130
12,256,256,111
13,256,256,259
13,256,256,337
13,256,256,139
13,256,256,236
13,256,256,82
13,256,256,118
13,256,256,227
13,256,256,149
13,256,256,183
13,256,256,31
13,256,256,316
13,256,256,161
13,256,256,137
13,256,256,181
13,256,256,137
13,256,256,155
13,256,256,461
13,256,256,304
13,256,256,139
13,256,256,507
13,256,256,165
13,256,256,409
13,256,256,345
13,256,256,131
14,360,360,139
14,360,360,2335
14,360,360,3019
14,360,360,1854
14,360,360,444
14,360,360,1088
14,360,360,2502
14,360,360,385
14,360,360,67
14,360,360,1634
14,360,360,2430
14,360,360,443
14,360,360,1983
14,360,360,1940
14,360,360,1726
14,360,360,2105
14,360,360,2811
14,360,360,801
14,360,360,1309
14,360,360,809
14,360,360,346
14,360,360,1839
14,360,360,1134
14,360,360,1612
15,256,256,100
15,256,256,51
15,256,256,123
15,256,256,41
15,256,256,100
15,256,256,133
15,256,256,145
15,256,256,45
15,256,256,100
15,256,256,92
15,256,256,39
15,256,256,193
15,256,256,113
15,256,256,105
15,256,256,105
15,256,256,126
15,256,256,63
15,256,256,95
15,256,256,104
15,256,256,84
15,256,256,91
15,256,256,54
15,256,256,94
15,256,256,74
15,256,256,85
15,256,256,97
16,256,256,145
16,256,256,43
16,256,256,250
16,256,256,93
16,256,256,306
16,256,256,197
16,256,256,211
16,256,256,360
16,256,256,72
16,256,256,180
16,256,256,331
16,256,256,178
16,256,256,397
16,256,256,302
16,256,256,261
16,256,256,366
16,256,256,302
16,256,256,244
16,256,256,197
17,360,360,1823
17,360,360,1883
17,360,360,765
17,360,360,196
17,360,360,2068
17,360,360,2075
17,360,360,1699
17,360,360,1984
17,360,360,769
17,360,360,44
17,360,360,34
17,360,360,1080
17,360,360,2360
17,360,360,1437
17,360,360,874
17,360,360,1205
17,360,360,2164
17,360,360,2575
17,360,360,2984
17,360,360,342
17,360,360,1649
17,360,360,2113
17,360,360,64
17,360,360,966
17,360,360,1475
17,360,360,129
17,360,360,1864
17,360,360,149
17,360,360,2003
17,360,360,59
18,256,256,162
18,256,256,139
18,256,256,22
18,256,256,162
18,256,256,284
18,256,256,209
18,256,256,193
19,256,256,119
19,256,256,87
19,256,256,48
19,256,256,126
19,256,256,88
20,256,256,168
20,256,256,203
20,256,256,163
20,256,256,174
20,256,256,178
20,256,256,106
21,520,696,428
21,520,696,344
21,520,696,372
21,520,696,234
21,520,696,475
21,520,696,190
21,520,696,219
21,520,696,241
21,520,696,173
21,520,696,420
21,520,696,366
21,520,696,477
21,520,696,345
21,520,696,217
21,520,696,346
21,520,696,474
21,520,696,480
21,520,696,143
21,520,696,290
21,520,696,304
21,520,696,592
21,520,696,241
21,520,696,258
21,520,696,172
21,520,696,338
21,520,696,369
21,520,696,591
21,520,696,543
21,520,696,219
21,520,696,155
21,520,696,386
21,520,696,558
21,520,696,90
21,520,696,458
21,520,696,285
21,520,696,556
21,520,696,169
21,520,696,366
21,520,696,307
21,520,696,457
21,520,696,326
21,520,696,305
21,520,696,491
21,520,696,356
21,520,696,375
21,520,696,480
21,520,696,419
21,520,696,418
21,520,696,343
21,520,696,432
21,520,696,382
21,520,696,386
21,520,696,133
21,520,696,467
21,520,696,369
21,520,696,92
21,520,696,400
21,520,696,290
21,520,696,390
21,520,696,282
21,520,696,342
21,520,696,515
21,520,696,226
21,520,696,339
21,520,696,306
21,520,696,332
21,520,696,360
21,520,696,26
21,520,696,265
21,520,696,473
21,520,696,405
21,520,696,515
21,520,696,265
21,520,696,515
21,520,696,374
21,520,696,486
21,520,696,400
21,520,696,397
21,520,696,401
21,520,696,485
21,520,696,221
21,520,696,348
21,520,696,320
21,520,696,364
21,520,696,139
21,520,696,440
21,520,696,454
21,520,696,402
21,520,696,425
21,520,696,172
21,520,696,503
21,520,696,445
21,520,696,400
21,520,696,374
21,520,696,504
21,520,696,530
21,520,696,369
21,520,696,454
21,520,696,208
21,520,696,556
21,520,696,363
21,520,696,199
21,520,696,195
21,520,696,440
21,520,696,335
21,520,696,192
21,520,696,508
21,520,696,346
21,520,696,172
21,520,696,443
21,520,696,359
21,520,696,350
21,520,696,98
21,520,696,268
21,520,696,479
21,520,696,451
21,520,696,406
21,520,696,685
21,520,696,353
21,520,696,418
21,520,696,140
21,520,696,504
21,520,696,352
21,520,696,562
21,520,696,342
21,520,696,63
21,520,696,413
21,520,696,403
21,520,696,580
21,520,696,272
21,520,696,456
21,520,696,322
21,520,696,328
21,520,696,345
21,520,696,327
21,520,696,474
21,520,696,213
21,520,696,476
21,520,696,428
21,520,696,429
21,520,696,514
21,520,696,471
21,520,696,542
21,520,696,423
21,520,696,94
21,520,696,418
21,520,696,584
21,520,696,359
21,520,696,325
21,520,696,419
21,520,696,364
21,520,696,54
21,520,696,262
21,520,696,354
21,520,696,316
21,520,696,353
21,520,696,443
21,520,696,70
21,520,696,384
21,520,696,220
21,520,696,422
21,520,696,438
21,520,696,369
21,520,696,403
21,520,696,40
21,520,696,312
21,520,696,295
21,520,696,267
21,520,696,233
21,520,696,478
21,520,696,240
21,520,696,170
21,520,696,329
21,520,696,209
21,520,696,386
21,520,696,163
21,520,696,407
21,520,696,548
21,520,696,344
21,520,696,190
21,520,696,427
21,520,696,443
21,520,696,378
21,520,696,458
21,520,696,336
21,520,696,319
21,520,696,380
21,520,696,322
21,520,696,266
21,520,696,150
21,520,696,294
21,520,696,294
21,520,696,226
21,520,696,194
21,520,696,418
21,520,696,317
21,520,696,337
21,520,696,180
21,520,696,335
21,520,696,456
21,520,696,336
21,520,696,268
21,520,696,396
21,520,696,348
21,520,696,301
21,520,696,398
21,520,696,359
21,520,696,276
21,520,696,67
21,520,696,159
21,520,696,291
21,520,696,77
21,520,696,350
21,520,696,373
21,520,696,419
21,520,696,445
21,520,696,238
21,520,696,446
21,520,696,513
21,520,696,96
21,520,696,187
21,520,696,412
21,520,696,260
21,520,696,336
21,520,696,320
21,520,696,239
21,520,696,414
21,520,696,421
21,520,696,312
21,520,696,158
21,520,696,565
21,520,696,523
21,520,696,431
21,520,696,330
21,520,696,397
21,520,696,296
21,520,696,168
21,520,696,238
21,520,696,422
21,520,696,372
21,520,696,233
21,520,696,216
21,520,696,365
21,520,696,353
21,520,696,293
21,520,696,419
21,520,696,353
21,520,696,562
21,520,696,454
21,520,696,457
21,520,696,106
21,520,696,543
21,520,696,451
21,520,696,180
21,520,696,459
21,520,696,467
21,520,696,445
21,520,696,532
21,520,696,188
21,520,696,362
21,520,696,424
21,520,696,366
21,520,696,305
21,520,696,221
21,520,696,373
21,520,696,653
21,520,696,426
21,520,696,396
21,520,696,551
21,520,696,489
21,520,696,178
21,520,696,390
21,520,696,187
21,520,696,342
21,520,696,328
21,520,696,205
21,520,696,324
21,520,696,117
21,520,696,323
21,520,696,244
21,520,696,348
21,520,696,150
21,520,696,201
21,520,696,363
21,520,696,458
21,520,696,276
21,520,696,451
21,520,696,491
21,520,696,385
21,520,696,331
21,520,696,390
21,520,696,107
21,520,696,235
21,520,696,457
21,520,696,385
21,520,696,804
21,520,696,435
21,520,696,442
21,520,696,258
21,520,696,244
21,520,696,224
21,520,696,286
21,520,696,354
21,520,696,402
21,520,696,469
21,520,696,334
21,520,696,306
21,520,696,337
21,520,696,694
21,520,696,399
21,520,696,58
21,520,696,573
21,520,696,406
22,360,360,2007
22,360,360,1462
22,360,360,163
22,360,360,2439
22,360,360,2062
22,360,360,329
22,360,360,1124
22,360,360,1649
22,360,360,3268
22,360,360,1649
22,360,360,1729
22,360,360,21
22,360,360,37
22,360,360,2834
22,360,360,1780
22,360,360,320
22,360,360,2001
22,360,360,33
22,360,360,214
22,360,360,161
22,360,360,81
22,360,360,28
22,360,360,2090
22,360,360,1172
22,360,360,1654
23,1024,1024,48
23,1024,1024,368
23,1024,1024,170
23,1024,1024,36
23,1024,1024,58
23,1024,1024,318
23,1024,1024,392
23,1024,1024,339
23,1024,1024,466
23,1024,1024,45
23,1024,1024,264
23,1024,1024,350
23,1024,1024,196
23,1024,1024,142
23,1024,1024,281
23,1024,1024,150
23,1024,1024,61
23,1024,1024,468
23,1024,1024,320
23,1024,1024,578
23,1024,1024,386
23,1024,1024,91
23,1024,1024,114
23,1024,1024,70
23,1024,1024,479
23,1024,1024,551
23,1024,1024,332
23,1024,1024,247
23,1024,1024,387
23,1024,1024,200
23,1024,1024,425
23,1024,1024,413
23,1024,1024,45
23,1024,1024,409
23,1024,1024,47
23,1024,1024,381
23,1024,1024,49
23,1024,1024,54
23,1024,1024,50
23,1024,1024,535
23,1024,1024,26
23,1024,1024,227
23,1024,1024,472
23,1024,1024,432
23,1024,1024,336
23,1024,1024,143
23,1024,1024,359
23,1024,1024,68
23,1024,1024,223
23,1024,1024,72
23,1024,1024,32
23,1024,1024,83
23,1024,1024,461
23,1024,1024,538
23,1024,1024,456
23,1024,1024,51
23,1024,1024,77
23,1024,1024,269
23,1024,1024,67
23,1024,1024,471
23,1024,1024,195
23,1024,1024,56
23,1024,1024,427
23,1024,1024,39
23,1024,1024,501
23,1024,1024,366
23,1024,1024,49
23,1024,1024,396
23,1024,1024,239
23,1024,1024,378
23,1024,1024,373
23,1024,1024,157
23,1024,1024,63
23,1024,1024,427
23,1024,1024,396
23,1024,1024,619
23,1024,1024,55
23,1024,1024,29
23,1024,1024,182
23,1024,1024,112
23,1024,1024,356
23,1024,1024,49
23,1024,1024,256
23,1024,1024,29
23,1024,1024,38
23,1024,1024,343
23,1024,1024,315
23,1024,1024,388
23,1024,1024,349
23,1024,1024,379
23,1024,1024,436
23,1024,1024,192
23,1024,1024,139
23,1024,1024,350
23,1024,1024,535
23,1024,1024,66
23,1024,1024,68
23,1024,1024,49
24,256,256,172
24,256,256,154
24,256,256,75
24,256,256,138
24,256,256,233
24,256,256,102
24,256,256,189
25,1024,1024,127
25,1024,1024,88
25,1024,1024,291
25,1024,1024,503
25,1024,1024,505
25,1024,1024,430
25,1024,1024,51
25,1024,1024,520
25,1024,1024,363
25,1024,1024,494
25,1024,1024,539
25,1024,1024,649
25,1024,1024,385
25,1024,1024,51
25,1024,1024,245
25,1024,1024,61
25,1024,1024,504
25,1024,1024,348
25,1024,1024,451
25,1024,1024,43
25,1024,1024,69
25,1024,1024,543
25,1024,1024,399
25,1024,1024,182
25,1024,1024,491
25,1024,1024,482
25,1024,1024,280
25,1024,1024,322
25,1024,1024,492
25,1024,1024,396
25,1024,1024,27
25,1024,1024,64
25,1024,1024,321
25,1024,1024,402
25,1024,1024,67
25,1024,1024,44
25,1024,1024,75
25,1024,1024,690
25,1024,1024,56
25,1024,1024,436
25,1024,1024,58
25,1024,1024,457
25,1024,1024,222
25,1024,1024,134
26,256,256,63
26,256,256,45
26,256,256,24
26,256,256,29
26,256,256,46
26,256,256,21
26,256,256,83
26,256,256,70
26,256,256,76
26,256,256,59
26,256,256,49
26,256,256,88
26,256,256,148
26,256,256,55
26,256,256,21
26,256,256,21
26,256,256,23
26,256,256,54
26,256,256,84
26,256,256,46
26,256,256,89
26,256,256,23
26,256,256,72
26,256,256,50
26,256,256,84
26,256,256,66
26,256,256,61
26,256,256,82
26,256,256,71
26,256,256,64
26,256,256,89
26,256,256,21
26,256,256,35
26,256,256,55
26,256,256,175
26,256,256,61
26,256,256,26
26,256,256,28
26,256,256,21
26,256,256,57
26,256,256,63
26,256,256,91
26,256,256,101
26,256,256,24
26,256,256,101
26,256,256,110
26,256,256,42
26,256,256,38
26,256,256,80
26,256,256,26
26,256,256,93
26,256,256,39
26,256,256,115
26,256,256,103
26,256,256,109
26,256,256,80
26,256,256,98
26,256,256,58
26,256,256,25
26,256,256,71
26,256,256,58
26,256,256,82
26,256,256,30
26,256,256,55
26,256,256,21
27,256,256,200
27,256,256,270
27,256,256,171
27,256,256,605
27,256,256,200
27,256,256,205
27,256,256,401
27,256,256,134
27,256,256,521
27,256,256,472
27,256,256,280
27,256,256,554
27,256,256,37
27,256,256,379
27,256,256,95
27,256,256,572
27,256,256,439
27,256,256,513
27,256,256,258
27,256,256,379
27,256,256,669
27,256,256,324
27,256,256,332
27,256,256,239
27,256,256,149
27,256,256,244
27,256,256,408
28,256,256,192
28,256,256,134
28,256,256,266
28,256,256,256
28,256,256,279
28,256,256,392
28,256,256,267
28,256,256,21
28,256,256,95
29,520,696,250
29,520,696,72
29,520,696,101
29,520,696,692
29,520,696,776
29,520,696,382
29,520,696,815
30,256,256,185
30,256,256,157
30,256,256,185
30,256,256,195
30,256,256,223
31,256,256,150
31,256,256,55
31,256,256,91
31,256,256,88
31,256,256,95
31,256,256,82
31,256,256,82
31,256,256,88
31,256,256,54
31,256,256,21
31,256,256,108
31,256,256,85
31,256,256,88
31,256,256,59
31,256,256,72
31,256,256,88
31,256,256,43
31,256,256,81
31,256,256,83
31,256,256,21
31,256,256,43
31,256,256,78
31,256,256,69
31,256,256,36
31,256,256,160
31,256,256,63
31,256,256,86
31,256,256,118
31,256,256,67
31,256,256,109
31,256,256,94
31,256,256,39
31,256,256,66
31,256,256,47
31,256,256,31
31,256,256,68
31,256,256,26
31,256,256,80
31,256,256,51
31,256,256,32
31,256,256,83
31,256,256,63
31,256,256,89
31,256,256,21
31,256,256,151
31,256,256,21
31,256,256,61
31,256,256,49
31,256,256,81
31,256,256,21
31,256,256,65
31,256,256,94
31,256,256,60
32,256,320,608
32,256,320,112
32,256,320,485
32,256,320,128
32,256,320,582
32,256,320,440
32,256,320,241
32,256,320,915
32,256,320,443
32,256,320,282
32,256,320,516
32,256,320,564
32,256,320,244
32,256,320,300
32,256,320,409
32,256,320,489
32,256,320,153
32,256,320,653
32,256,320,133
32,256,320,98
32,256,320,80
32,256,320,220
32,256,320,543
32,256,320,287
32,256,320,69
32,256,320,424
32,256,320,80
32,256,320,71
32,256,320,551
33,256,256,303
33,256,256,409
33,256,256,380
33,256,256,62
33,256,256,697
33,256,256,282
33,256,256,75
33,256,256,382
33,256,256,442
33,256,256,418
33,256,256,715
33,256,256,332
33,256,256,285
33,256,256,463
33,256,256,82
33,256,256,319
33,256,256,420
33,256,256,100
33,256,256,241
33,256,256,418
33,256,256,21
33,256,256,325
33,256,256,92
33,256,256,387
33,256,256,107
33,256,256,150
33,256,256,148
33,256,256,380
33,256,256,53
33,256,256,248
33,256,256,444
33,256,256,746
33,256,256,77
33,256,256,201
33,256,256,245
33,256,256,300
33,256,256,374
33,256,256,222
33,256,256,118
33,256,256,70
33,256,256,282
33,256,256,390
33,256,256,412
33,256,256,457
33,256,256,463
33,256,256,655
33,256,256,243
33,256,256,256
33,256,256,368
33,256,256,359
33,256,256,431
33,256,256,457
33,256,256,337
33,256,256,376
33,256,256,395
33,256,256,438
33,256,256,372
34,256,320,207
34,256,320,399
34,256,320,410
34,256,320,399
34,256,320,458
34,256,320,94
34,256,320,114
34,256,320,350
34,256,320,502
34,256,320,312
34,256,320,403
34,256,320,105
34,256,320,300
34,256,320,227
34,256,320,502
34,256,320,291
34,256,320,694
34,256,320,364
34,256,320,220
34,256,320,200
34,256,320,192
34,256,320,89
34,256,320,38
34,256,320,379
34,256,320,420
34,256,320,439
34,256,320,302
34,256,320,147
34,256,320,245
34,256,320,77
34,256,320,220
34,256,320,288
34,256,320,175
34,256,320,431
34,256,320,78
34,256,320,465
34,256,320,99
34,256,320,344
34,256,320,547
34,256,320,320
34,256,320,456
34,256,320,607
34,256,320,565
34,256,320,347
34,256,320,193
34,256,320,400
34,256,320,339
34,256,320,232
34,256,320,670
34,256,320,551
34,256,320,469
34,256,320,120
34,256,320,185
34,256,320,189
34,256,320,96
34,256,320,78
34,256,320,417
34,256,320,409
34,256,320,65
34,256,320,522
34,256,320,188
34,256,320,348
34,256,320,99
34,256,320,534
34,256,320,476
34,256,320,322
34,256,320,347
34,256,320,462
34,256,320,570
34,256,320,98
34,256,320,424
34,256,320,423
34,256,320,251
35,256,256,394
35,256,256,160
35,256,256,171
35,256,256,131
35,256,256,267
35,256,256,101
35,256,256,75
35,256,256,288
35,256,256,325
35,256,256,173
35,256,256,191
35,256,256,198
35,256,256,88
35,256,256,21
35,256,256,94
35,256,256,178
35,256,256,192
35,256,256,167
35,256,256,306
35,256,256,21
35,256,256,21
35,256,256,78
35,256,256,465
35,256,256,462
35,256,256,167
35,256,256,457
35,256,256,70
35,256,256,216
36,360,360,86
36,360,360,3914
36,360,360,747
36,360,360,2545
36,360,360,197
36,360,360,2113
36,360,360,2404
36,360,360,4262
36,360,360,777
36,360,360,82
36,360,360,1473
36,360,360,2215
36,360,360,67
36,360,360,1841
36,360,360,2252
36,360,360,2666
36,360,360,3544
36,360,360,2735
36,360,360,2055
37,256,320,2920
37,256,320,48
37,256,320,1458
37,256,320,1340
37,256,320,207
37,256,320,147
37,256,320,1955
37,256,320,1575
37,256,320,1293
37,256,320,3919
37,256,320,2062
37,256,320,1761
37,256,320,2681
37,256,320,2123
37,256,320,33
37,256,320,610
37,256,320,1793
37,256,320,1281
37,256,320,1475
37,256,320,688
37,256,320,992
38,256,256,472
38,256,256,447
38,256,256,246
38,256,256,166
38,256,256,481
38,256,256,460
38,256,256,256
38,256,256,485
38,256,256,122
38,256,256,512
38,256,256,443
38,256,256,789
38,256,256,111
38,256,256,122
38,256,256,168
38,256,256,151
38,256,256,268
38,256,256,623
38,256,256,447
38,256,256,436
38,256,256,105
38,256,256,429
38,256,256,402
38,256,256,473
38,256,256,113
38,256,256,655
38,256,256,620
38,256,256,455
38,256,256,501
38,256,256,24
38,256,256,507
38,256,256,527
39,256,320,422
39,256,320,398
39,256,320,536
39,256,320,222
39,256,320,157
39,256,320,356
39,256,320,184
39,256,320,87
39,256,320,226
39,256,320,96
39,256,320,146
39,256,320,354
39,256,320,214
39,256,320,98
39,256,320,48
39,256,320,401
39,256,320,419
39,256,320,379
39,256,320,395
39,256,320,284
39,256,320,293
39,256,320,149
39,256,320,75
39,256,320,791
39,256,320,455
39,256,320,236
39,256,320,515
39,256,320,119
39,256,320,361
40,256,320,319
40,256,320,180
40,256,320,496
40,256,320,403
40,256,320,445
40,256,320,448
40,256,320,608
40,256,320,109
40,256,320,571
40,256,320,363
40,256,320,671
40,256,320,242
40,256,320,295
40,256,320,600
40,256,320,116
40,256,320,396
40,256,320,357
40,256,320,322
40,256,320,82
40,256,320,383
40,256,320,221
40,256,320,107
40,256,320,786
40,256,320,270
40,256,320,397
40,256,320,135
40,256,320,516
40,256,320,273
40,256,320,70
40,256,320,371
40,256,320,454
40,256,320,621
40,256,320,495
40,256,320,496
40,256,320,542
40,256,320,310
40,256,320,611
40,256,320,390
40,256,320,691
40,256,320,1063
40,256,320,136
40,256,320,344
40,256,320,125
40,256,320,329
40,256,320,311
40,256,320,657
40,256,320,246
40,256,320,86
40,256,320,113
40,256,320,427
40,256,320,196
40,256,320,278
40,256,320,73
40,256,320,414
40,256,320,393
40,256,320,586
40,256,320,513
40,256,320,444
40,256,320,569
40,256,320,344
40,256,320,439
40,256,320,466
41,256,256,353
41,256,256,388
41,256,256,159
41,256,256,126
41,256,256,279
41,256,256,362
41,256,256,423
41,256,256,225
41,256,256,106
41,256,256,344
41,256,256,338
41,256,256,117
41,256,256,383
41,256,256,307
41,256,256,178
41,256,256,208
41,256,256,315
41,256,256,136
41,256,256,204
41,256,256,197
41,256,256,333
41,256,256,366
41,256,256,124
41,256,256,96
41,256,256,311
41,256,256,315
41,256,256,157
41,256,256,184
42,520,696,292
42,520,696,560
42,520,696,271
42,520,696,208
42,520,696,168
42,520,696,361
42,520,696,472
42,520,696,220
42,520,696,484
42,520,696,361
42,520,696,451
42,520,696,180
42,520,696,293
42,520,696,350
42,520,696,347
42,520,696,438
42,520,696,389
42,520,696,286
42,520,696,265
42,520,696,575
42,520,696,475
42,520,696,349
42,520,696,255
42,520,696,112
42,520,696,363
42,520,696,393
42,520,696,500
42,520,696,643
42,520,696,509
42,520,696,379
42,520,696,133
42,520,696,371
42,520,696,350
42,520,696,192
42,520,696,397
42,520,696,248
42,520,696,456
42,520,696,604
42,520,696,271
42,520,696,370
42,520,696,347
42,520,696,574
42,520,696,355
42,520,696,397
42,520,696,460
42,520,696,608
42,520,696,205
42,520,696,280
42,520,696,232
42,520,696,419
42,520,696,478
42,520,696,328
42,520,696,133
42,520,696,232
42,520,696,499
42,520,696,113
42,520,696,26
42,520,696,185
42,520,696,427
42,520,696,308
42,520,696,332
42,520,696,323
42,520,696,410
42,520,696,270
42,520,696,246
42,520,696,226
42,520,696,466
42,520,696,425
42,520,696,420
42,520,696,397
42,520,696,343
42,520,696,252
42,520,696,261
42,520,696,272
42,520,696,530
42,520,696,326
42,520,696,270
42,520,696,380
42,520,696,321
42,520,696,393
42,520,696,356
42,520,696,340
42,520,696,143
42,520,696,469
42,520,696,413
42,520,696,336
42,520,696,291
42,520,696,34
42,520,696,333
42,520,696,441
42,520,696,200
42,520,696,306
42,520,696,486
42,520,696,352
42,520,696,248
42,520,696,168
42,520,696,53
42,520,696,363
42,520,696,350
42,520,696,331
42,520,696,231
42,520,696,512
42,520,696,130
42,520,696,334
42,520,696,494
42,520,696,375
42,520,696,446
42,520,696,292
42,520,696,37
42,520,696,347
42,520,696,387
42,520,696,312
42,520,696,162
42,520,696,107
42,520,696,28
42,520,696,773
42,520,696,484
42,520,696,205
42,520,696,356
42,520,696,197
42,520,696,374
42,520,696,163
42,520,696,313
42,520,696,310
42,520,696,162
42,520,696,371
42,520,696,344
42,520,696,416
42,520,696,311
42,520,696,317
42,520,696,216
42,520,696,115
42,520,696,200
42,520,696,448
42,520,696,280
42,520,696,350
42,520,696,507
42,520,696,390
42,520,696,274
42,520,696,347
42,520,696,357
42,520,696,304
42,520,696,270
42,520,696,257
42,520,696,463
42,520,696,322
42,520,696,201
42,520,696,118
42,520,696,157
42,520,696,271
42,520,696,473
42,520,696,203
42,520,696,276
42,520,696,357
42,520,696,278
42,520,696,430
42,520,696,305
42,520,696,417
42,520,696,397
42,520,696,363
42,520,696,373
42,520,696,435
42,520,696,292
42,520,696,406
42,520,696,387
42,520,696,371
42,520,696,33
42,520,696,400
42,520,696,46
42,520,696,63
42,520,696,204
42,520,696,309
42,520,696,485
42,520,696,391
42,520,696,351
42,520,696,293
42,520,696,342
42,520,696,381
42,520,696,389
42,520,696,318
42,520,696,203
42,520,696,314
42,520,696,442
42,520,696,442
42,520,696,263
42,520,696,461
42,520,696,342
42,520,696,214
42,520,696,178
42,520,696,165
42,520,696,270
42,520,696,184
42,520,696,203
42,520,696,216
42,520,696,341
42,520,696,552
42,520,696,480
42,520,696,364
42,520,696,380
42,520,696,634
42,520,696,237
42,520,696,267
42,520,696,608
42,520,696,208
42,520,696,112
42,520,696,411
42,520,696,314
42,520,696,244
42,520,696,471
42,520,696,589
42,520,696,383
42,520,696,151
42,520,696,341
42,520,696,475
42,520,696,424
42,520,696,200
42,520,696,297
42,520,696,323
42,520,696,409
42,520,696,482
42,520,696,285
42,520,696,317
42,520,696,338
42,520,696,316
42,520,696,515
42,520,696,75
42,520,696,226
42,520,696,374
42,520,696,462
42,520,696,135
42,520,696,198
42,520,696,622
42,520,696,513
42,520,696,187
42,520,696,356
42,520,696,432
42,520,696,348
42,520,696,233
42,520,696,445
42,520,696,348
42,520,696,541
42,520,696,169
42,520,696,282
42,520,696,403
42,520,696,449
42,520,696,59
42,520,696,365
42,520,696,396
42,520,696,512
42,520,696,124
42,520,696,195
42,520,696,273
42,520,696,449
42,520,696,376
42,520,696,208
42,520,696,265
42,520,696,389
42,520,696,351
42,520,696,370
42,520,696,355
42,520,696,331
42,520,696,239
42,520,696,292
42,520,696,168
42,520,696,202
42,520,696,215
42,520,696,202
42,520,696,280
42,520,696,311
42,520,696,467
42,520,696,353
42,520,696,112
42,520,696,448
42,520,696,145
42,520,696,262
42,520,696,464
42,520,696,404
42,520,696,197
42,520,696,340
42,520,696,214
42,520,696,327
42,520,696,264
42,520,696,413
42,520,696,456
42,520,696,163
42,520,696,306
42,520,696,417
42,520,696,294
42,520,696,338
42,520,696,426
42,520,696,424
42,520,696,477
42,520,696,281
42,520,696,283
42,520,696,441
42,520,696,249
42,520,696,215
42,520,696,272
42,520,696,180
42,520,696,301
42,520,696,125
42,520,696,295
42,520,696,360
42,520,696,345
42,520,696,476
42,520,696,306
42,520,696,326
42,520,696,299
42,520,696,407
42,520,696,614
42,520,696,330
42,520,696,212
42,520,696,298
42,520,696,388
42,520,696,469
42,520,696,259
42,520,696,167
42,520,696,436
42,520,696,370
42,520,696,369
42,520,696,349
42,520,696,355
42,520,696,449
42,520,696,255
42,520,696,264
42,520,696,438
42,520,696,507
42,520,696,424
42,520,696,317
42,520,696,433
42,520,696,55
42,520,696,203
42,520,696,375
42,520,696,239
42,520,696,255
42,520,696,377
42,520,696,279
42,520,696,270
42,520,696,429
42,520,696,245
42,520,696,204
42,520,696,123
42,520,696,398
42,520,696,487
42,520,696,338
42,520,696,143
42,520,696,351
42,520,696,445
42,520,696,451
42,520,696,473
42,520,696,307
42,520,696,325
42,520,696,375
42,520,696,383
42,520,696,131
42,520,696,247
42,520,696,208
42,520,696,446
42,520,696,520
42,520,696,444
42,520,696,102
42,520,696,497
42,520,696,339
42,520,696,374
42,520,696,359
42,520,696,373
42,520,696,262
42,520,696,207
42,520,696,274
43,360,360,2210
43,360,360,3696
43,360,360,1408
43,360,360,2475
43,360,360,804
43,360,360,1999
43,360,360,2152
43,360,360,2806
43,360,360,1734
43,360,360,277
43,360,360,3371
43,360,360,3811
43,360,360,2285
43,360,360,443
43,360,360,578
43,360,360,1021
43,360,360,302
43,360,360,2296
43,360,360,2421
43,360,360,2923
43,360,360,1246
43,360,360,1947
43,360,360,496
44,256,256,286
44,256,256,290
44,256,256,59
44,256,256,154
44,256,256,131
44,256,256,52
44,256,256,139
44,256,256,74
44,256,256,192
44,256,256,217
44,256,256,225
44,256,256,258
44,256,256,203
44,256,256,210
44,256,256,38
44,256,256,104
44,256,256,308
44,256,256,192
44,256,256,262
44,256,256,150
44,256,256,312
44,256,256,96
44,256,256,21
45,520,696,518
45,520,696,680
45,520,696,843
45,520,696,524
45,520,696,912
45,520,696,489
45,520,696,1405
45,520,696,788
45,520,696,465
45,520,696,268
45,520,696,486
45,520,696,53
45,520,696,329
45,520,696,559
45,520,696,222
45,520,696,513
45,520,696,490
45,520,696,591
45,520,696,548
45,520,696,770
45,520,696,387
45,520,696,621
45,520,696,705
45,520,696,474
45,520,696,624
45,520,696,659
45,520,696,555
45,520,696,521
45,520,696,1098
45,520,696,540
45,520,696,904
45,520,696,370
45,520,696,914
45,520,696,506
45,520,696,683
45,520,696,627
45,520,696,491
45,520,696,69
45,520,696,696
45,520,696,757
45,520,696,416
45,520,696,547
45,520,696,751
45,520,696,806
45,520,696,544
45,520,696,721
45,520,696,803
45,520,696,317
45,520,696,653
45,520,696,457
45,520,696,490
45,520,696,795
45,520,696,1439
45,520,696,664
45,520,696,529
45,520,696,467
45,520,696,708
45,520,696,478
45,520,696,502
45,520,696,1062
45,520,696,267
45,520,696,744
45,520,696,395
45,520,696,663
45,520,696,721
45,520,696,1446
45,520,696,876
46,256,256,144
46,256,256,141
46,256,256,154
46,256,256,148
46,256,256,70
46,256,256,127
46,256,256,229
46,256,256,158
46,256,256,163
46,256,256,115
46,256,256,140
46,256,256,149
47,520,696,724
47,520,696,478
47,520,696,599
47,520,696,439
47,520,696,430
47,520,696,193
47,520,696,662
47,520,696,171
47,520,696,45
47,520,696,290
47,520,696,687
47,520,696,299
47,520,696,481
47,520,696,676
47,520,696,372
47,520,696,264
47,520,696,128
47,520,696,120
47,520,696,471
47,520,696,299
47,520,696,491
47,520,696,712
47,520,696,289
47,520,696,79
47,520,696,390
47,520,696,456
47,520,696,293
47,520,696,448
47,520,696,494
47,520,696,538
47,520,696,356
47,520,696,381
47,520,696,478
47,520,696,268
47,520,696,433
47,520,696,348
47,520,696,206
47,520,696,291
47,520,696,560
47,520,696,402
47,520,696,328
47,520,696,660
47,520,696,315
47,520,696,557
47,520,696,384
47,520,696,608
47,520,696,354
47,520,696,449
47,520,696,500
47,520,696,585
47,520,696,562
47,520,696,800
47,520,696,356
47,520,696,573
47,520,696,492
47,520,696,381
47,520,696,395
47,520,696,776
47,520,696,190
47,520,696,534
47,520,696,393
47,520,696,534
47,520,696,474
47,520,696,56
47,520,696,329
47,520,696,441
47,520,696,374
47,520,696,477
47,520,696,357
47,520,696,288
47,520,696,164
47,520,696,455
47,520,696,407
47,520,696,341
47,520,696,531
47,520,696,374
47,520,696,308
47,520,696,67
47,520,696,406
47,520,696,253
47,520,696,941
47,520,696,467
47,520,696,434
47,520,696,395
47,520,696,301
47,520,696,516
47,520,696,399
47,520,696,302
47,520,696,489
47,520,696,507
47,520,696,546
47,520,696,461
47,520,696,476
47,520,696,428
47,520,696,534
47,520,696,532
47,520,696,239
47,520,696,425
47,520,696,478
47,520,696,424
47,520,696,404
47,520,696,457
47,520,696,377
47,520,696,337
47,520,696,372
47,520,696,542
47,520,696,633
47,520,696,272
47,520,696,483
47,520,696,381
47,520,696,540
47,520,696,268
47,520,696,408
47,520,696,472
47,520,696,467
47,520,696,355
47,520,696,74
47,520,696,469
47,520,696,203
47,520,696,92
47,520,696,476
47,520,696,404
47,520,696,434
47,520,696,177
48,256,256,88
48,256,256,106
48,256,256,78
48,256,256,88
48,256,256,133
48,256,256,79
48,256,256,45
48,256,256,103
48,256,256,181
48,256,256,58
48,256,256,89
48,256,256,21
48,256,256,103
48,256,256,21
48,256,256,59
48,256,256,73
48,256,256,52
48,256,256,21
48,256,256,58
48,256,256,68
48,256,256,42
48,256,256,71
48,256,256,21
48,256,256,115
48,256,256,97
48,256,256,90
48,256,256,106
48,256,256,45
48,256,256,37
48,256,256,102
48,256,256,78
48,256,256,66
48,256,256,62
48,256,256,57
48,256,256,105
48,256,256,55
48,256,256,33
48,256,256,103
48,256,256,90
48,256,256,33
48,256,256,49
48,256,256,96
48,256,256,81
48,256,256,63
48,256,256,87
48,256,256,66
48,256,256,42
48,256,256,21
48,256,256,53
48,256,256,21
48,256,256,87
48,256,256,58
48,256,256,127
48,256,256,35
48,256,256,123
48,256,256,48
48,256,256,265
48,256,256,118
48,256,256,91
48,256,256,68
48,256,256,128
48,256,256,104
48,256,256,117
48,256,256,69
48,256,256,21
48,256,256,42
48,256,256,29
48,256,256,110
48,256,256,124
48,256,256,83
48,256,256,114
48,256,256,73
48,256,256,59
48,256,256,89
48,256,256,179
48,256,256,78
48,256,256,21
48,256,256,192
49,256,320,255
49,256,320,146
49,256,320,171
49,256,320,215
49,256,320,210
49,256,320,431
49,256,320,213
49,256,320,312
49,256,320,418
49,256,320,132
49,256,320,390
49,256,320,279
49,256,320,229
49,256,320,165
49,256,320,177
49,256,320,366
49,256,320,509
49,256,320,649
49,256,320,102
49,256,320,416
49,256,320,398
49,256,320,23
49,256,320,512
49,256,320,82
49,256,320,157
49,256,320,305
49,256,320,461
49,256,320,272
49,256,320,161
49,256,320,407
49,256,320,460
49,256,320,286
49,256,320,55
49,256,320,71
50,256,256,119
50,256,256,99
50,256,256,99
50,256,256,181
50,256,256,139
50,256,256,139
50,256,256,115
50,256,256,170
50,256,256,126
50,256,256,113
51,256,256,129
51,256,256,247
51,256,256,21
51,256,256,218
51,256,256,86
51,256,256,176
51,256,256,182
51,256,256,77
51,256,256,79
51,256,256,106
51,256,256,116
51,256,256,141
51,256,256,148
51,256,256,156
51,256,256,214
51,256,256,22
51,256,256,547
52,256,320,1999
52,256,320,6845
52,256,320,386
52,256,320,4711
52,256,320,3579
52,256,320,539
52,256,320,4163
52,256,320,5890
52,256,320,2418
52,256,320,41
52,256,320,2966
52,256,320,683
52,256,320,860
52,256,320,2825
52,256,320,5028
52,256,320,3529
52,256,320,2037
53,512,640,603
53,512,640,1303
53,512,640,1572
53,512,640,2646
53,512,640,691
53,512,640,201
53,512,640,249
53,512,640,1471
53,512,640,2512
53,512,640,1118
53,512,640,2510
53,512,640,1749
53,512,640,1094
53,512,640,1705
53,512,640,896
53,512,640,1867
53,512,640,1348
53,512,640,623
53,512,640,655
53,512,640,938
53,512,640,944
53,512,640,3367
53,512,640,427
53,512,640,197
53,512,640,1555
54,360,360,2469
54,360,360,2276
54,360,360,2251
54,360,360,2572
54,360,360,111
54,360,360,1914
54,360,360,1713
54,360,360,2280
54,360,360,1978
54,360,360,1042
54,360,360,2090
54,360,360,2341
54,360,360,1991
54,360,360,2496
54,360,360,2010
54,360,360,21
54,360,360,2430
54,360,360,555
54,360,360,338
54,360,360,2401
54,360,360,2192
55,256,320,473
55,256,320,40
55,256,320,187
55,256,320,866
55,256,320,401
55,256,320,221
55,256,320,286
55,256,320,309
55,256,320,361
55,256,320,87
55,256,320,98
55,256,320,267
55,256,320,287
55,256,320,32
55,256,320,64
55,256,320,99
55,256,320,170
55,256,320,302
55,256,320,765
55,256,320,339
55,256,320,297
55,256,320,700
55,256,320,563
55,256,320,122
55,256,320,411
55,256,320,234
55,256,320,75
55,256,320,476
55,256,320,64
55,256,320,33
55,256,320,193
55,256,320,40
55,256,320,674
56,520,696,580
56,520,696,551
56,520,696,522
56,520,696,419
56,520,696,343
56,520,696,568
56,520,696,552
56,520,696,513
56,520,696,666
56,520,696,1019
56,520,696,556
56,520,696,468
56,520,696,488
56,520,696,350
56,520,696,387
56,520,696,524
56,520,696,478
56,520,696,945
56,520,696,393
56,520,696,505
56,520,696,645
56,520,696,437
56,520,696,399
56,520,696,553
56,520,696,488
56,520,696,495
56,520,696,203
56,520,696,337
56,520,696,529
56,520,696,323
56,520,696,432
56,520,696,566
56,520,696,723
56,520,696,529
56,520,696,473
56,520,696,283
56,520,696,506
56,520,696,560
56,520,696,495
56,520,696,111
56,520,696,483
56,520,696,560
56,520,696,128
56,520,696,194
56,520,696,440
56,520,696,243
56,520,696,165
56,520,696,454
56,520,696,435
56,520,696,579
56,520,696,389
56,520,696,437
56,520,696,454
56,520,696,420
56,520,696,420
56,520,696,507
56,520,696,216
56,520,696,413
56,520,696,493
56,520,696,539
56,520,696,553
56,520,696,499
56,520,696,568
56,520,696,452
56,520,696,531
56,520,696,106
56,520,696,508
56,520,696,513
56,520,696,582
56,520,696,461
56,520,696,642
56,520,696,504
56,520,696,194
56,520,696,388
56,520,696,505
56,520,696,416
56,520,696,469
56,520,696,424
56,520,696,486
56,520,696,400
56,520,696,437
56,520,696,619
56,520,696,218
56,520,696,440
56,520,696,515
56,520,696,647
56,520,696,300
56,520,696,574
56,520,696,217
56,520,696,180
56,520,696,428
56,520,696,376
56,520,696,178
56,520,696,405
56,520,696,182
56,520,696,425
56,520,696,151
56,520,696,187
56,520,696,344
56,520,696,259
56,520,696,381
56,520,696,520
56,520,696,202
56,520,696,517
56,520,696,555
56,520,696,593
56,520,696,546
56,520,696,486
56,520,696,553
56,520,696,404
56,520,696,478
56,520,696,386
56,520,696,436
56,520,696,650
56,520,696,315
56,520,696,311
56,520,696,185
56,520,696,448
56,520,696,707
56,520,696,674
56,520,696,478
56,520,696,386
56,520,696,569
56,520,696,147
56,520,696,473
56,520,696,649
56,520,696,633
56,520,696,591
56,520,696,160
56,520,696,599
56,520,696,260
56,520,696,533
56,520,696,602
56,520,696,258
56,520,696,441
56,520,696,373
56,520,696,589
56,520,696,460
56,520,696,367
56,520,696,448
56,520,696,485
56,520,696,673
56,520,696,511
56,520,696,497
56,520,696,320
56,520,696,443
56,520,696,120
56,520,696,253
56,520,696,430
56,520,696,689
56,520,696,504
56,520,696,407
56,520,696,410
56,520,696,346
56,520,696,493
56,520,696,225
56,520,696,474
56,520,696,606
56,520,696,602
56,520,696,470
56,520,696,461
56,520,696,438
56,520,696,447
56,520,696,330
56,520,696,449
56,520,696,386
56,520,696,291
56,520,696,210
56,520,696,346
56,520,696,594
56,520,696,514
56,520,696,451
56,520,696,504
56,520,696,195
56,520,696,426
56,520,696,479
56,520,696,252
56,520,696,588
56,520,696,449
56,520,696,433
56,520,696,466
56,520,696,424
56,520,696,313
56,520,696,477
56,520,696,175
56,520,696,483
56,520,696,338
56,520,696,199
56,520,696,431
56,520,696,732
56,520,696,493
56,520,696,223
56,520,696,246
56,520,696,447
56,520,696,581
56,520,696,503
56,520,696,436
56,520,696,494
57,360,360,2289
57,360,360,86
57,360,360,228
57,360,360,2246
57,360,360,2228
57,360,360,2155
57,360,360,808
57,360,360,2216
57,360,360,1911
57,360,360,1751
57,360,360,1088
57,360,360,2604
57,360,360,32
57,360,360,2176
57,360,360,523
57,360,360,1992
57,360,360,366
57,360,360,2200
57,360,360,1161
58,256,320,237
58,256,320,1151
58,256,320,560
58,256,320,731
58,256,320,490
58,256,320,174
58,256,320,295
58,256,320,129
58,256,320,604
58,256,320,835
58,256,320,435
58,256,320,210
58,256,320,371
58,256,320,242
58,256,320,3213
58,256,320,175
58,256,320,566
58,256,320,213
58,256,320,110
58,256,320,706
58,256,320,34
58,256,320,83
58,256,320,248
58,256,320,149
58,256,320,418
58,256,320,236
58,256,320,405
58,256,320,650
58,256,320,106
58,256,320,275
58,256,320,215
58,256,320,280
59,256,256,46
59,256,256,190
59,256,256,140
59,256,256,26
59,256,256,260
59,256,256,289
59,256,256,398
59,256,256,355
59,256,256,398
59,256,256,21
59,256,256,245
60,256,256,132
60,256,256,164
60,256,256,149
60,256,256,146
60,256,256,255
60,256,256,141
60,256,256,278
60,256,256,223
60,256,256,175
61,520,696,760
61,520,696,713
61,520,696,255
61,520,696,789
61,520,696,400
61,520,696,571
61,520,696,559
61,520,696,626
61,520,696,1401
61,520,696,137
61,520,696,622
61,520,696,113
61,520,696,479
61,520,696,553
61,520,696,806
61,520,696,828
61,520,696,110
61,520,696,610
61,520,696,168
61,520,696,811
61,520,696,459
61,520,696,727
61,520,696,232
61,520,696,666
61,520,696,540
61,520,696,614
61,520,696,436
61,520,696,748
61,520,696,717
61,520,696,678
61,520,696,684
61,520,696,558
61,520,696,640
61,520,696,690
61,520,696,774
61,520,696,786
61,520,696,583
61,520,696,781
61,520,696,461
61,520,696,655
61,520,696,419
61,520,696,674
61,520,696,515
61,520,696,760
61,520,696,679
61,520,696,402
61,520,696,866
61,520,696,770
61,520,696,549
61,520,696,595
61,520,696,558
61,520,696,544
61,520,696,590
61,520,696,487
61,520,696,595
61,520,696,701
61,520,696,110
61,520,696,731
61,520,696,595
61,520,696,698
61,520,696,486
61,520,696,485
61,520,696,780
61,520,696,635
61,520,696,620
61,520,696,471
61,520,696,570
61,520,696,516
61,520,696,630
61,520,696,609
61,520,696,576
61,520,696,681
61,520,696,695
61,520,696,607
61,520,696,181
61,520,696,388
61,520,696,548
61,520,696,549
61,520,696,817
61,520,696,970
61,520,696,671
61,520,696,395
61,520,696,149
61,520,696,694
61,520,696,591
61,520,696,768
61,520,696,613
61,520,696,753
61,520,696,509
61,520,696,858
61,520,696,393
61,520,696,636
61,520,696,567
61,520,696,648
61,520,696,732
61,520,696,246
61,520,696,152
61,520,696,194
61,520,696,743
61,520,696,28
61,520,696,687
61,520,696,611
61,520,696,443
61,520,696,645
61,520,696,647
61,520,696,667
61,520,696,593
61,520,696,550
61,520,696,506
61,520,696,573
61,520,696,581
61,520,696,372
61,520,696,933
61,520,696,825
61,520,696,643
61,520,696,780
61,520,696,561
61,520,696,610
61,520,696,813
61,520,696,1377
61,520,696,933
61,520,696,737
61,520,696,842
61,520,696,603
61,520,696,609
61,520,696,723
61,520,696,610
61,520,696,610
61,520,696,868
61,520,696,1046
61,520,696,779
61,520,696,473
61,520,696,415
61,520,696,710
61,520,696,831
61,520,696,907
61,520,696,676
61,520,696,655
61,520,696,90
61,520,696,684
61,520,696,771
61,520,696,606
61,520,696,551
61,520,696,645
61,520,696,976
61,520,696,631
61,520,696,537
61,520,696,735
61,520,696,436
61,520,696,736
61,520,696,627
61,520,696,988
61,520,696,728
61,520,696,455
61,520,696,458
61,520,696,192
61,520,696,653
61,520,696,602
61,520,696,684
61,520,696,905
61,520,696,533
61,520,696,765
61,520,696,428
61,520,696,548
61,520,696,784
61,520,696,141
61,520,696,382
61,520,696,130
61,520,696,670
61,520,696,779
61,520,696,300
61,520,696,548
61,520,696,428
61,520,696,574
61,520,696,698
61,520,696,604
61,520,696,585
61,520,696,155
61,520,696,679
62,256,256,125
62,256,256,104
62,256,256,138
62,256,256,76
62,256,256,158
62,256,256,161
62,256,256,21
62,256,256,99
62,256,256,59
63,520,696,463
63,520,696,447
63,520,696,488
63,520,696,529
63,520,696,570
63,520,696,666
63,520,696,435
63,520,696,544
63,520,696,341
63,520,696,362
63,520,696,612
63,520,696,349
63,520,696,212
63,520,696,680
63,520,696,453
63,520,696,68
63,520,696,664
63,520,696,198
63,520,696,166
63,520,696,478
63,520,696,647
63,520,696,419
63,520,696,529
63,520,696,465
63,520,696,655
63,520,696,580
63,520,696,455
63,520,696,362
63,520,696,488
63,520,696,274
63,520,696,603
63,520,696,544
63,520,696,548
63,520,696,702
63,520,696,543
63,520,696,591
63,520,696,396
63,520,696,587
63,520,696,523
63,520,696,360
63,520,696,597
63,520,696,500
63,520,696,501
63,520,696,673
63,520,696,171
63,520,696,289
63,520,696,499
63,520,696,508
63,520,696,477
63,520,696,455
63,520,696,438
63,520,696,726
63,520,696,572
63,520,696,411
63,520,696,176
63,520,696,367
63,520,696,527
63,520,696,336
63,520,696,601
63,520,696,328
63,520,696,460
63,520,696,537
63,520,696,385
63,520,696,298
63,520,696,642
63,520,696,521
63,520,696,535
63,520,696,471
63,520,696,434
63,520,696,167
63,520,696,608
63,520,696,514
63,520,696,51
63,520,696,456
63,520,696,587
63,520,696,200
63,520,696,474
63,520,696,650
63,520,696,526
63,520,696,450
63,520,696,562
63,520,696,464
63,520,696,460
63,520,696,116
63,520,696,192
63,520,696,163
63,520,696,588
63,520,696,363
63,520,696,679
63,520,696,510
63,520,696,329
63,520,696,267
63,520,696,489
63,520,696,421
63,520,696,277
63,520,696,191
63,520,696,479
63,520,696,408
63,520,696,349
63,520,696,480
63,520,696,520
63,520,696,481
63,520,696,472
63,520,696,367
63,520,696,434
63,520,696,199
63,520,696,461
63,520,696,475
63,520,696,452
63,520,696,455
63,520,696,359
63,520,696,603
63,520,696,540
63,520,696,210
63,520,696,502
63,520,696,508
63,520,696,231
63,520,696,691
63,520,696,507
63,520,696,391
63,520,696,362
63,520,696,464
63,520,696,479
63,520,696,621
63,520,696,264
63,520,696,585
63,520,696,440
63,520,696,163
63,520,696,350
63,520,696,459
63,520,696,289
63,520,696,486
63,520,696,388
63,520,696,220
63,520,696,460
63,520,696,510
63,520,696,445
63,520,696,584
63,520,696,26
63,520,696,525
63,520,696,187
63,520,696,555
63,520,696,769
63,520,696,424
63,520,696,409
63,520,696,489
63,520,696,321
63,520,696,584
63,520,696,464
63,520,696,534
63,520,696,509
63,520,696,558
63,520,696,401
63,520,696,490
63,520,696,596
63,520,696,164
63,520,696,286
64,260,347,720
64,260,347,244
64,260,347,356
64,260,347,158
64,260,347,303
64,260,347,420
64,260,347,143
64,260,347,32
64,260,347,181
64,260,347,183
64,260,347,28
64,260,347,166
64,260,347,554
64,260,347,23
64,260,347,216
64,260,347,553
64,260,347,32
64,260,347,320
64,260,347,711
64,260,347,283
64,260,347,292
64,260,347,706
64,260,347,22
64,260,347,175
64,260,347,290
64,260,347,135
64,260,347,182
64,260,347,112
64,260,347,239
64,260,347,231
64,260,347,170
64,260,347,253
64,260,347,129
64,260,347,486
64,260,347,225
64,260,347,24
64,260,347,42
64,260,347,237
64,260,347,124
64,260,347,29
64,260,347,430
64,260,347,42
64,260,347,1063
64,260,347,206
64,260,347,263
64,260,347,60
64,260,347,466
64,260,347,194
64,260,347,515
64,260,347,25
64,260,347,179
64,260,347,263
64,260,347,222
64,260,347,23
64,260,347,151
64,260,347,638
64,260,347,470
64,260,347,139
64,260,347,479
64,260,347,84
64,260,347,214
64,260,347,31
64,260,347,216
64,260,347,249
64,260,347,224
64,260,347,212
64,260,347,232
64,260,347,274
64,260,347,45
64,260,347,57
65,1024,1024,60
65,1024,1024,131
65,1024,1024,507
65,1024,1024,373
65,1024,1024,252
65,1024,1024,413
65,1024,1024,81
65,1024,1024,145
65,1024,1024,193
65,1024,1024,244
65,1024,1024,166
65,1024,1024,141
65,1024,1024,157
65,1024,1024,87
65,1024,1024,476
65,1024,1024,181
65,1024,1024,163
65,1024,1024,448
65,1024,1024,532
65,1024,1024,206
65,1024,1024,93
65,1024,1024,74
65,1024,1024,406
65,1024,1024,59
65,1024,1024,325
65,1024,1024,409
65,1024,1024,149
65,1024,1024,310
65,1024,1024,165
65,1024,1024,188
65,1024,1024,88
65,1024,1024,151
65,1024,1024,374
65,1024,1024,259
65,1024,1024,456
65,1024,1024,493
65,1024,1024,146
65,1024,1024,197
65,1024,1024,457
65,1024,1024,158
65,1024,1024,191
65,1024,1024,123
65,1024,1024,63
65,1024,1024,606
65,1024,1024,223
65,1024,1024,124
66,360,360,2177
66,360,360,1828
66,360,360,2272
66,360,360,2002
66,360,360,3064
66,360,360,184
66,360,360,1768
66,360,360,116
66,360,360,1279
66,360,360,1561
66,360,360,774
66,360,360,3119
66,360,360,2314
66,360,360,2319
66,360,360,121
66,360,360,336
66,360,360,3118
66,360,360,318
66,360,360,2498
66,360,360,1435
67,256,256,93
67,256,256,108
67,256,256,37
67,256,256,27
67,256,256,106
67,256,256,211
67,256,256,35
67,256,256,132
68,256,256,313
68,256,256,121
68,256,256,128
68,256,256,229
68,256,256,97
68,256,256,153
68,256,256,119
68,256,256,133
68,256,256,74
68,256,256,172
68,256,256,277
69,1024,1024,65
69,1024,1024,61
69,1024,1024,38
69,1024,1024,48
69,1024,1024,483
69,1024,1024,475
69,1024,1024,630
69,1024,1024,22
69,1024,1024,541
69,1024,1024,117
69,1024,1024,609
69,1024,1024,255
69,1024,1024,324
69,1024,1024,205
69,1024,1024,623
69,1024,1024,958
69,1024,1024,422
69,1024,1024,514
69,1024,1024,56
69,1024,1024,109
69,1024,1024,47
69,1024,1024,85
69,1024,1024,396
69,1024,1024,444
69,1024,1024,270
69,1024,1024,507
69,1024,1024,53
69,1024,1024,76
69,1024,1024,558
69,1024,1024,527
69,1024,1024,29
69,1024,1024,569
69,1024,1024,43
69,1024,1024,339
69,1024,1024,504
69,1024,1024,540
69,1024,1024,485
69,1024,1024,41
69,1024,1024,369
69,1024,1024,45
69,1024,1024,47
69,1024,1024,358
69,1024,1024,226
69,1024,1024,386
69,1024,1024,488
69,1024,1024,65
69,1024,1024,66
69,1024,1024,35
69,1024,1024,448
69,1024,1024,52
69,1024,1024,523
69,1024,1024,75
69,1024,1024,68
69,1024,1024,378
69,1024,1024,36
69,1024,1024,90
69,1024,1024,441
69,1024,1024,338
69,1024,1024,35
69,1024,1024,87
69,1024,1024,524
69,1024,1024,437
69,1024,1024,588
69,1024,1024,132
69,1024,1024,499
69,1024,1024,41
69,1024,1024,36
69,1024,1024,475
69,1024,1024,455
69,1024,1024,410
69,1024,1024,410
69,1024,1024,22
69,1024,1024,297
69,1024,1024,227
69,1024,1024,577
69,1024,1024,27
69,1024,1024,60
69,1024,1024,33
69,1024,1024,44
69,1024,1024,57
69,1024,1024,326
69,1024,1024,588
69,1024,1024,434
69,1024,1024,50
69,1024,1024,49
69,1024,1024,435
69,1024,1024,345
69,1024,1024,350
69,1024,1024,561
69,1024,1024,31
69,1024,1024,644
69,1024,1024,536
69,1024,1024,82
69,1024,1024,57
69,1024,1024,636
69,1024,1024,437
70,520,696,773
70,520,696,1086
70,520,696,651
70,520,696,586
70,520,696,1116
70,520,696,683
70,520,696,640
70,520,696,937
70,520,696,901
70,520,696,471
70,520,696,700
70,520,696,674
70,520,696,1004
70,520,696,904
70,520,696,962
70,520,696,1061
70,520,696,767
70,520,696,1285
70,520,696,1323
70,520,696,775
70,520,696,582
70,520,696,334
70,520,696,620
70,520,696,704
70,520,696,837
70,520,696,958
70,520,696,237
70,520,696,930
70,520,696,736
70,520,696,498
70,520,696,662
70,520,696,147
70,520,696,425
70,520,696,772
70,520,696,661
70,520,696,646
70,520,696,1154
70,520,696,582
70,520,696,752
70,520,696,695
70,520,696,746
70,520,696,490
70,520,696,722
70,520,696,801
70,520,696,1228
70,520,696,1066
70,520,696,1060
70,520,696,1079
70,520,696,1054
70,520,696,585
70,520,696,1229
70,520,696,143
70,520,696,772
70,520,696,748
70,520,696,1052
70,520,696,650
70,520,696,539
70,520,696,710
70,520,696,829
70,520,696,564
70,520,696,1103
70,520,696,961
70,520,696,706
70,520,696,956
70,520,696,752
70,520,696,233
70,520,696,673
70,520,696,750
70,520,696,740
70,520,696,509
70,520,696,659
70,520,696,739
70,520,696,316
70,520,696,453
70,520,696,1214
70,520,696,666
71,256,256,184
71,256,256,139
71,256,256,151
71,256,256,76
71,256,256,154
71,256,256,138
71,256,256,162
71,256,256,172
71,256,256,150
71,256,256,221
71,256,256,116
71,256,256,159
71,256,256,106
71,256,256,117
71,256,256,134
71,256,256,91
71,256,256,147
71,256,256,145
71,256,256,109
71,256,256,136
71,256,256,131
71,256,256,275
71,256,256,109
71,256,256,106
71,256,256,137
71,256,256,186
71,256,256,143
71,256,256,137
71,256,256,201
71,256,256,101
71,256,256,132
71,256,256,121
71,256,256,206
71,256,256,153
71,256,256,68
71,256,256,151
71,256,256,182
71,256,256,111
71,256,256,218
72,360,360,2390
72,360,360,2584
72,360,360,2461
72,360,360,2506
72,360,360,308
72,360,360,1713
72,360,360,2618
72,360,360,725
72,360,360,2743
72,360,360,813
72,360,360,703
72,360,360,350
72,360,360,1538
72,360,360,3085
72,360,360,1817
72,360,360,2107
72,360,360,3252
72,360,360,43
72,360,360,943
72,360,360,1632
72,360,360,2135
72,360,360,1717
72,360,360,4614
73,256,256,283
73,256,256,258
73,256,256,218
73,256,256,350
73,256,256,109
73,256,256,165
73,256,256,124
73,256,256,47
73,256,256,156
73,256,256,188
73,256,256,203
73,256,256,325
74,256,256,21
74,256,256,50
74,256,256,30
74,256,256,23
74,256,256,46
74,256,256,21
74,256,256,21
74,256,256,109
74,256,256,105
74,256,256,49
74,256,256,30
74,256,256,81
74,256,256,31
74,256,256,43
74,256,256,113
74,256,256,91
74,256,256,280
74,256,256,58
74,256,256,67
74,256,256,265
74,256,256,63
74,256,256,86
74,256,256,174
74,256,256,93
74,256,256,105
74,256,256,61
74,256,256,81
74,256,256,144
74,256,256,163
74,256,256,129
74,256,256,91
74,256,256,59
74,256,256,145
74,256,256,160
74,256,256,35
74,256,256,140
74,256,256,253
74,256,256,147
74,256,256,66
74,256,256,138
74,256,256,127
74,256,256,51
74,256,256,37
74,256,256,59
74,256,256,278
74,256,256,23
74,256,256,44
74,256,256,30
74,256,256,59
74,256,256,52
74,256,256,30
74,256,256,83
74,256,256,175
74,256,256,103
74,256,256,113
74,256,256,75
74,256,256,55
74,256,256,26
74,256,256,21
74,256,256,42
74,256,256,44
74,256,256,78
74,256,256,46
74,256,256,21
74,256,256,75
74,256,256,96
75,520,696,655
75,520,696,855
75,520,696,678
75,520,696,488
75,520,696,935
75,520,696,623
75,520,696,799
75,520,696,613
75,520,696,565
75,520,696,655
75,520,696,683
75,520,696,935
75,520,696,466
75,520,696,477
75,520,696,697
75,520,696,204
75,520,696,470
75,520,696,679
75,520,696,524
75,520,696,902
75,520,696,244
75,520,696,732
75,520,696,96
75,520,696,788
75,520,696,542
75,520,696,620
75,520,696,668
75,520,696,776
75,520,696,784
75,520,696,1017
75,520,696,171
75,520,696,527
75,520,696,517
75,520,696,507
75,520,696,768
75,520,696,167
75,520,696,778
75,520,696,763
75,520,696,522
75,520,696,586
75,520,696,625
75,520,696,719
75,520,696,704
75,520,696,585
75,520,696,834
75,520,696,706
75,520,696,619
75,520,696,455
75,520,696,559
75,520,696,683
75,520,696,830
75,520,696,743
75,520,696,713
75,520,696,843
75,520,696,815
75,520,696,950
75,520,696,674
75,520,696,616
75,520,696,524
75,520,696,719
75,520,696,479
75,520,696,716
75,520,696,316
75,520,696,773
75,520,696,643
75,520,696,944
75,520,696,766
75,520,696,739
75,520,696,673
75,520,696,260
75,520,696,677
75,520,696,775
75,520,696,854
75,520,696,471
75,520,696,947
75,520,696,785
75,520,696,678
75,520,696,621
75,520,696,865
75,520,696,1141
75,520,696,621
75,520,696,596
75,520,696,771
75,520,696,504
75,520,696,545
75,520,696,613
75,520,696,703
75,520,696,624
75,520,696,483
75,520,696,257
75,520,696,373
75,520,696,1160
75,520,696,445
75,520,696,556
75,520,696,625
75,520,696,558
75,520,696,515
75,520,696,527
75,520,696,549
75,520,696,754
75,520,696,291
75,520,696,704
75,520,696,594
75,520,696,628
75,520,696,384
75,520,696,771
75,520,696,718
75,520,696,756
75,520,696,687
75,520,696,713
75,520,696,573
75,520,696,636
75,520,696,208
75,520,696,751
75,520,696,673
75,520,696,724
75,520,696,318
75,520,696,773
75,520,696,858
75,520,696,693
75,520,696,572
75,520,696,882
75,520,696,688
75,520,696,667
75,520,696,888
75,520,696,635
75,520,696,554
75,520,696,696
75,520,696,666
75,520,696,611
75,520,696,650
75,520,696,734
75,520,696,829
75,520,696,598
75,520,696,734
75,520,696,615
76,256,320,484
76,256,320,44
76,256,320,72
76,256,320,607
76,256,320,88
76,256,320,475
76,256,320,491
76,256,320,194
76,256,320,503
76,256,320,627
76,256,320,401
76,256,320,637
76,256,320,622
76,256,320,197
76,256,320,692
76,256,320,22
76,256,320,152
77,256,256,103
77,256,256,148
77,256,256,150
77,256,256,115
77,256,256,107
77,256,256,105
77,256,256,121
77,256,256,218
77,256,256,82
77,256,256,179
77,256,256,137
77,256,256,134
77,256,256,79
77,256,256,111
77,256,256,95
77,256,256,145
77,256,256,119
77,256,256,158
77,256,256,145
77,256,256,121
77,256,256,106
77,256,256,109
77,256,256,129
77,256,256,107
77,256,256,53
77,256,256,213
77,256,256,107
78,256,256,37
78,256,256,204
78,256,256,120
78,256,256,152
78,256,256,412
78,256,256,179
78,256,256,26
79,256,256,188
79,256,256,144
79,256,256,240
79,256,256,42
79,256,256,152
79,256,256,146
79,256,256,168
79,256,256,240
79,256,256,124
80,256,320,1861
80,256,320,596
80,256,320,127
80,256,320,1705
80,256,320,2138
80,256,320,3857
80,256,320,736
80,256,320,1008
80,256,320,569
80,256,320,3211
81,256,256,181
81,256,256,164
81,256,256,151
81,256,256,89
81,256,256,168
81,256,256,202
82,256,256,124
82,256,256,120
82,256,256,203
82,256,256,21
82,256,256,119
82,256,256,120
82,256,256,268
82,256,256,137
82,256,256,109
82,256,256,129
82,256,256,108
82,256,256,192
82,256,256,248
82,256,256,104
83,256,320,140
83,256,320,762
83,256,320,220
83,256,320,241
83,256,320,699
83,256,320,249
83,256,320,571
83,256,320,247
83,256,320,28
83,256,320,216
83,256,320,361
83,256,320,420
83,256,320,120
83,256,320,68
83,256,320,34
83,256,320,114
83,256,320,383
83,256,320,472
83,256,320,196
83,256,320,303
83,256,320,65
83,256,320,418
83,256,320,198
83,256,320,609
83,256,320,178
83,256,320,82
84,256,256,196
84,256,256,162
84,256,256,200
84,256,256,140
84,256,256,134
84,256,256,193
84,256,256,119
84,256,256,39
84,256,256,400
84,256,256,294
85,360,360,2895
85,360,360,1906
85,360,360,91
85,360,360,1799
85,360,360,851
85,360,360,40
85,360,360,1241
85,360,360,548
85,360,360,4569
85,360,360,1229
85,360,360,59
85,360,360,930
85,360,360,1937
85,360,360,1357
85,360,360,1561
85,360,360,2438
85,360,360,3995
85,360,360,871
85,360,360,1696
85,360,360,2635
85,360,360,1374
85,360,360,1026
85,360,360,1642
85,360,360,1346
85,360,360,1364
85,360,360,569
85,360,360,1400
86,520,696,609
86,520,696,892
86,520,696,819
86,520,696,623
86,520,696,828
86,520,696,743
86,520,696,673
86,520,696,891
86,520,696,842
86,520,696,948
86,520,696,929
86,520,696,659
86,520,696,760
86,520,696,831
86,520,696,960
86,520,696,1041
86,520,696,649
86,520,696,89
86,520,696,297
86,520,696,808
86,520,696,693
86,520,696,1095
86,520,696,944
86,520,696,497
86,520,696,57
86,520,696,631
86,520,696,290
86,520,696,76
86,520,696,308
86,520,696,882
86,520,696,205
86,520,696,490
86,520,696,502
86,520,696,437
86,520,696,922
86,520,696,843
86,520,696,770
86,520,696,368
86,520,696,698
86,520,696,598
86,520,696,551
86,520,696,850
86,520,696,515
86,520,696,61
86,520,696,517
86,520,696,639
86,520,696,494
86,520,696,874
86,520,696,822
86,520,696,569
86,520,696,734
86,520,696,639
86,520,696,713
86,520,696,1020
86,520,696,659
86,520,696,598
86,520,696,487
86,520,696,583
86,520,696,417
86,520,696,622
86,520,696,597
86,520,696,757
86,520,696,36
86,520,696,466
86,520,696,562
86,520,696,534
86,520,696,1039
86,520,696,303
86,520,696,555
86,520,696,813
86,520,696,320
86,520,696,258
86,520,696,647
86,520,696,700
86,520,696,586
86,520,696,680
86,520,696,776
86,520,696,482
86,520,696,1036
86,520,696,714
86,520,696,985
86,520,696,677
86,520,696,651
86,520,696,1344
86,520,696,410
86,520,696,602
86,520,696,873
86,520,696,1107
86,520,696,519
86,520,696,720
86,520,696,541
86,520,696,716
86,520,696,503
86,520,696,1352
86,520,696,272
86,520,696,696
86,520,696,820
86,520,696,770
86,520,696,37
86,520,696,388
86,520,696,669
86,520,696,987
86,520,696,786
86,520,696,158
86,520,696,618
86,520,696,702
86,520,696,491
86,520,696,858
86,520,696,86
86,520,696,417
86,520,696,863
86,520,696,825
86,520,696,1008
86,520,696,1221
86,520,696,253
86,520,696,90
86,520,696,205
86,520,696,747
86,520,696,940
86,520,696,585
86,520,696,448
86,520,696,549
86,520,696,538
86,520,696,838
86,520,696,558
86,520,696,737
86,520,696,333
86,520,696,755
86,520,696,666
86,520,696,523
86,520,696,524
86,520,696,770
86,520,696,391
86,520,696,102
86,520,696,789
86,520,696,645
86,520,696,661
86,520,696,737
86,520,696,477
86,520,696,644
86,520,696,681
86,520,696,709
86,520,696,832
86,520,696,577
86,520,696,511
86,520,696,407
87,256,256,114
87,256,256,70
87,256,256,78
87,256,256,88
87,256,256,72
87,256,256,44
87,256,256,88
87,256,256,71
87,256,256,21
87,256,256,83
87,256,256,130
87,256,256,65
87,256,256,37
87,256,256,21
87,256,256,77
87,256,256,91
87,256,256,52
87,256,256,77
87,256,256,40
87,256,256,63
87,256,256,21
87,256,256,77
87,256,256,28
87,256,256,73
87,256,256,65
87,256,256,88
87,256,256,36
87,256,256,44
87,256,256,82
87,256,256,82
87,256,256,70
87,256,256,57
87,256,256,82
87,256,256,146
87,256,256,50
87,256,256,21
87,256,256,21
87,256,256,61
87,256,256,70
87,256,256,84
87,256,256,39
87,256,256,73
87,256,256,97
87,256,256,193
87,256,256,41
87,256,256,51
87,256,256,65
87,256,256,85
87,256,256,92
87,256,256,53
87,256,256,51
87,256,256,72
87,256,256,93
87,256,256,65
87,256,256,76
87,256,256,86
87,256,256,84
87,256,256,69
87,256,256,89
87,256,256,85
87,256,256,68
87,256,256,74
87,256,256,32
87,256,256,40
87,256,256,30
87,256,256,81
87,256,256,104
87,256,256,29
87,256,256,129
87,256,256,65
87,256,256,41
87,256,256,51
87,256,256,113
87,256,256,112
87,256,256,21
87,256,256,70
87,256,256,65
88,256,256,24
88,256,256,174
88,256,256,141
88,256,256,21
88,256,256,111
88,256,256,95
88,256,256,46
88,256,256,29
88,256,256,21
88,256,256,106
88,256,256,30
88,256,256,73
88,256,256,102
88,256,256,54
88,256,256,100
88,256,256,52
88,256,256,50
88,256,256,46
88,256,256,101
88,256,256,37
89,603,1272,227
89,603,1272,82
89,603,1272,65
89,603,1272,152
89,603,1272,112
89,603,1272,73
89,603,1272,148
89,603,1272,91
89,603,1272,107
89,603,1272,118
89,603,1272,241
89,603,1272,121
89,603,1272,89
89,603,1272,134
89,603,1272,158
89,603,1272,235
89,603,1272,82
89,603,1272,131
89,603,1272,157
89,603,1272,129
89,603,1272,84
89,603,1272,137
89,603,1272,214
89,603,1272,135
89,603,1272,32
89,603,1272,73
89,603,1272,70
89,603,1272,150
89,603,1272,63
89,603,1272,56
89,603,1272,89
89,603,1272,88
89,603,1272,128
89,603,1272,139
89,603,1272,78
89,603,1272,94
89,603,1272,46
89,603,1272,57
89,603,1272,209
89,603,1272,115
89,603,1272,125
89,603,1272,231
89,603,1272,143
89,603,1272,148
89,603,1272,130
89,603,1272,175
89,603,1272,219
89,603,1272,86
89,603,1272,131
89,603,1272,74
89,603,1272,107
89,603,1272,104
89,603,1272,135
89,603,1272,109
89,603,1272,207
89,603,1272,138
89,603,1272,152
89,603,1272,128
89,603,1272,82
89,603,1272,101
89,603,1272,135
89,603,1272,54
89,603,1272,179
89,603,1272,120
89,603,1272,48
89,603,1272,171
89,603,1272,50
89,603,1272,63
89,603,1272,86
89,603,1272,80
89,603,1272,108
89,603,1272,59
89,603,1272,158
89,603,1272,72
89,603,1272,148
89,603,1272,318
89,603,1272,157
89,603,1272,167
89,603,1272,159
89,603,1272,60
89,603,1272,61
89,603,1272,82
89,603,1272,62
89,603,1272,131
89,603,1272,87
89,603,1272,61
89,603,1272,98
89,603,1272,64
89,603,1272,154
89,603,1272,89
89,603,1272,147
89,603,1272,67
89,603,1272,115
89,603,1272,66
89,603,1272,170
89,603,1272,125
89,603,1272,111
89,603,1272,45
89,603,1272,175
89,603,1272,53
89,603,1272,147
89,603,1272,115
89,603,1272,101
89,603,1272,162
89,603,1272,152
89,603,1272,153
89,603,1272,46
89,603,1272,44
89,603,1272,187
89,603,1272,120
89,603,1272,158
89,603,1272,63
89,603,1272,148
89,603,1272,130
89,603,1272,126
89,603,1272,94
89,603,1272,110
89,603,1272,154
89,603,1272,60
89,603,1272,150
89,603,1272,119
89,603,1272,206
89,603,1272,115
89,603,1272,100
89,603,1272,180
89,603,1272,154
89,603,1272,117
89,603,1272,162
89,603,1272,87
89,603,1272,200
89,603,1272,105
89,603,1272,148
89,603,1272,146
89,603,1272,99
89,603,1272,130
89,603,1272,122
89,603,1272,156
89,603,1272,200
89,603,1272,119
89,603,1272,65
89,603,1272,42
89,603,1272,250
89,603,1272,152
89,603,1272,91
89,603,1272,130
89,603,1272,129
89,603,1272,96
89,603,1272,93
89,603,1272,135
89,603,1272,63
89,603,1272,125
89,603,1272,134
89,603,1272,174
89,603,1272,88
89,603,1272,158
89,603,1272,138
89,603,1272,322
89,603,1272,134
89,603,1272,219
89,603,1272,114
89,603,1272,105
89,603,1272,159
89,603,1272,96
89,603,1272,94
89,603,1272,153
89,603,1272,144
89,603,1272,253
89,603,1272,235
89,603,1272,143
89,603,1272,109
89,603,1272,108
89,603,1272,93
89,603,1272,127
89,603,1272,219
89,603,1272,98
89,603,1272,73
89,603,1272,195
89,603,1272,163
89,603,1272,83
89,603,1272,169
89,603,1272,38
89,603,1272,174
89,603,1272,127
89,603,1272,86
89,603,1272,61
89,603,1272,159
89,603,1272,117
89,603,1272,152
89,603,1272,94
89,603,1272,195
89,603,1272,69
89,603,1272,110
89,603,1272,73
89,603,1272,81
89,603,1272,74
89,603,1272,105
89,603,1272,137
89,603,1272,105
89,603,1272,150
89,603,1272,159
89,603,1272,178
89,603,1272,45
89,603,1272,93
89,603,1272,144
89,603,1272,78
89,603,1272,145
89,603,1272,190
89,603,1272,65
89,603,1272,128
89,603,1272,177
89,603,1272,59
89,603,1272,96
89,603,1272,45
89,603,1272,205
89,603,1272,173
89,603,1272,164
89,603,1272,123
89,603,1272,185
89,603,1272,205
89,603,1272,157
89,603,1272,97
89,603,1272,177
89,603,1272,126
89,603,1272,53
89,603,1272,158
89,603,1272,57
89,603,1272,105
89,603,1272,204
89,603,1272,62
89,603,1272,167
89,603,1272,186
89,603,1272,101
89,603,1272,173
89,603,1272,66
89,603,1272,195
89,603,1272,133
89,603,1272,128
89,603,1272,140
89,603,1272,66
89,603,1272,207
89,603,1272,101
89,603,1272,103
89,603,1272,111
89,603,1272,146
89,603,1272,224
89,603,1272,162
89,603,1272,102
89,603,1272,126
89,603,1272,120
89,603,1272,80
89,603,1272,54
89,603,1272,64
89,603,1272,189
89,603,1272,47
89,603,1272,166
89,603,1272,201
89,603,1272,162
89,603,1272,75
89,603,1272,59
89,603,1272,158
89,603,1272,124
89,603,1272,115
89,603,1272,206
89,603,1272,120
89,603,1272,73
89,603,1272,171
89,603,1272,132
89,603,1272,200
89,603,1272,87
89,603,1272,167
89,603,1272,78
89,603,1272,148
89,603,1272,138
89,603,1272,129
89,603,1272,41
89,603,1272,108
89,603,1272,52
89,603,1272,43
89,603,1272,133
89,603,1272,125
89,603,1272,98
89,603,1272,115
89,603,1272,132
89,603,1272,77
89,603,1272,107
89,603,1272,78
89,603,1272,129
89,603,1272,134
89,603,1272,105
90,512,640,1647
90,512,640,1403
90,512,640,750
90,512,640,1732
90,512,640,1222
90,512,640,893
90,512,640,2153
90,512,640,961
90,512,640,794
90,512,640,2098
90,512,640,1373
90,512,640,1154
90,512,640,1788
90,512,640,334
90,512,640,2225
90,512,640,1087
90,512,640,1440
90,512,640,604
90,512,640,1680
90,512,640,753
90,512,640,1279
90,512,640,1418
90,512,640,861
90,512,640,1642
91,512,640,2258
91,512,640,360
91,512,640,151
91,512,640,1201
91,512,640,1703
91,512,640,866
91,512,640,1652
91,512,640,2726
91,512,640,1882
91,512,640,1179
91,512,640,240
91,512,640,1133
91,512,640,2428
91,512,640,583
91,512,640,2495
91,512,640,1105
91,512,640,310
91,512,640,842
91,512,640,1196
91,512,640,1109
91,512,640,287
91,512,640,1971
91,512,640,716
91,512,640,1786
91,512,640,261
91,512,640,1879
91,512,640,1893
91,512,640,721
91,512,640,2099
91,512,640,2490
91,512,640,1570
92,520,696,900
92,520,696,353
92,520,696,502
92,520,696,600
92,520,696,462
92,520,696,817
92,520,696,585
92,520,696,691
92,520,696,615
92,520,696,669
92,520,696,373
92,520,696,723
92,520,696,603
92,520,696,604
92,520,696,47
92,520,696,928
92,520,696,457
92,520,696,654
92,520,696,668
92,520,696,473
92,520,696,248
92,520,696,606
92,520,696,563
92,520,696,466
92,520,696,560
92,520,696,462
92,520,696,600
92,520,696,705
92,520,696,212
92,520,696,685
92,520,696,636
92,520,696,469
92,520,696,296
92,520,696,130
92,520,696,603
92,520,696,569
92,520,696,511
92,520,696,790
92,520,696,444
92,520,696,450
92,520,696,282
92,520,696,571
92,520,696,358
92,520,696,77
92,520,696,446
92,520,696,72
92,520,696,611
92,520,696,590
92,520,696,37
92,520,696,543
92,520,696,949
92,520,696,336
92,520,696,664
92,520,696,594
92,520,696,529
92,520,696,637
92,520,696,632
92,520,696,409
92,520,696,839
92,520,696,628
92,520,696,399
92,520,696,601
92,520,696,287
92,520,696,442
92,520,696,638
92,520,696,530
92,520,696,541
92,520,696,547
92,520,696,555
92,520,696,400
92,520,696,388
92,520,696,503
92,520,696,920
92,520,696,28
92,520,696,303
92,520,696,571
92,520,696,173
92,520,696,164
92,520,696,597
92,520,696,312
92,520,696,502
92,520,696,378
92,520,696,414
92,520,696,471
92,520,696,555
92,520,696,1119
92,520,696,482
92,520,696,665
92,520,696,443
92,520,696,646
92,520,696,407
92,520,696,152
92,520,696,70
92,520,696,333
92,520,696,723
92,520,696,25
92,520,696,1086
92,520,696,179
92,520,696,708
92,520,696,484
93,256,256,133
93,256,256,128
93,256,256,205
93,256,256,24
93,256,256,35
93,256,256,300
93,256,256,175
93,256,256,106
94,256,320,209
95,256,256,73
95,256,256,25
95,256,256,43
95,256,256,64
95,256,256,88
95,256,256,102
95,256,256,52
95,256,256,43
95,256,256,136
95,256,256,110
95,256,256,80
95,256,256,121
95,256,256,75
95,256,256,67
95,256,256,129
95,256,256,68
95,256,256,180
95,256,256,78
95,256,256,34
95,256,256,58
95,256,256,44
95,256,256,129
95,256,256,85
95,256,256,123
95,256,256,21
95,256,256,158
95,256,256,49
95,256,256,64
95,256,256,90
95,256,256,40
95,256,256,57
95,256,256,164
95,256,256,85
95,256,256,118
95,256,256,75
95,256,256,117
95,256,256,64
95,256,256,50
95,256,256,163
95,256,256,21
95,256,256,58
95,256,256,69
95,256,256,96
95,256,256,70
95,256,256,69
95,256,256,353
95,256,256,139
95,256,256,45
95,256,256,65
95,256,256,88
95,256,256,26
95,256,256,52
95,256,256,87
95,256,256,21
95,256,256,56
95,256,256,54
95,256,256,86
95,256,256,73
95,256,256,31
95,256,256,61
96,256,320,272
96,256,320,54
96,256,320,172
96,256,320,225
96,256,320,120
96,256,320,171
96,256,320,78
96,256,320,469
96,256,320,422
96,256,320,121
96,256,320,166
96,256,320,24
96,256,320,134
96,256,320,216
96,256,320,365
96,256,320,273
96,256,320,218
96,256,320,228
96,256,320,232
96,256,320,127
96,256,320,181
96,256,320,126
96,256,320,85
96,256,320,274
96,256,320,59
96,256,320,260
96,256,320,210
96,256,320,194
96,256,320,81
96,256,320,379
96,256,320,120
96,256,320,85
96,256,320,486
96,256,320,24
96,256,320,153
96,256,320,139
96,256,320,128
96,256,320,150
96,256,320,120
96,256,320,497
96,256,320,37
96,256,320,140
96,256,320,92
96,256,320,52
96,256,320,257
96,256,320,364
96,256,320,304
96,256,320,467
96,256,320,295
96,256,320,276
96,256,320,175
96,256,320,325
96,256,320,101
96,256,320,55
96,256,320,158
96,256,320,80
96,256,320,184
96,256,320,44
96,256,320,25
96,256,320,201
96,256,320,285
96,256,320,345
96,256,320,361
96,256,320,281
96,256,320,56
96,256,320,110
96,256,320,262
96,256,320,217
96,256,320,40
96,256,320,584
96,256,320,170
96,256,320,260
96,256,320,334
96,256,320,233
96,256,320,407
96,256,320,73
96,256,320,407
96,256,320,183
96,256,320,67
96,256,320,271
96,256,320,361
96,256,320,391
96,256,320,172
97,256,320,1174
97,256,320,923
97,256,320,212
97,256,320,798
97,256,320,462
97,256,320,717
97,256,320,466
97,256,320,40
97,256,320,141
97,256,320,1035
97,256,320,962
97,256,320,448
97,256,320,682
97,256,320,298
97,256,320,732
98,256,256,234
98,256,256,244
98,256,256,145
98,256,256,122
98,256,256,193
98,256,256,139
98,256,256,29
98,256,256,183
98,256,256,181
99,256,256,146
99,256,256,139
99,256,256,126
99,256,256,118
99,256,256,102
99,256,256,95
99,256,256,144
99,256,256,151
100,256,256,353
100,256,256,328
100,256,256,243
100,256,256,135
100,256,256,74
100,256,256,116
100,256,256,200
100,256,256,37
100,256,256,264
100,256,256,69
100,256,256,203
100,256,256,123
100,256,256,329
100,256,256,282
100,256,256,220
100,256,256,249
100,256,256,261
100,256,256,119
100,256,256,46
100,256,256,235
100,256,256,241
100,256,256,484
100,256,256,178
100,256,256,253
100,256,256,68
100,256,256,288
100,256,256,207
100,256,256,164
100,256,256,327
100,256,256,270
100,256,256,217
100,256,256,319
100,256,256,225
100,256,256,282
100,256,256,54
100,256,256,226
100,256,256,207
100,256,256,498
100,256,256,187
100,256,256,237
101,256,256,53
101,256,256,130
101,256,256,215
101,256,256,232
101,256,256,202
101,256,256,264
101,256,256,68
101,256,256,134
101,256,256,88
101,256,256,53
101,256,256,85
101,256,256,371
101,256,256,21
101,256,256,107
101,256,256,98
101,256,256,52
101,256,256,89
101,256,256,162
101,256,256,82
101,256,256,75
101,256,256,21
101,256,256,86
101,256,256,80
101,256,256,106
101,256,256,122
101,256,256,138
101,256,256,170
101,256,256,78
101,256,256,55
101,256,256,70
101,256,256,67
101,256,256,37
101,256,256,77
101,256,256,108
101,256,256,21
101,256,256,140
101,256,256,102
101,256,256,31
101,256,256,271
101,256,256,182
101,256,256,77
101,256,256,64
101,256,256,84
101,256,256,124
101,256,256,93
101,256,256,86
101,256,256,113
101,256,256,214
101,256,256,66
101,256,256,93
101,256,256,59
101,256,256,63
101,256,256,167
101,256,256,76
101,256,256,32
101,256,256,53
101,256,256,114
101,256,256,60
101,256,256,89
101,256,256,176
101,256,256,49
101,256,256,33
102,256,256,532
102,256,256,263
102,256,256,400
102,256,256,715
102,256,256,394
102,256,256,598
102,256,256,442
102,256,256,639
102,256,256,404
102,256,256,416
102,256,256,518
102,256,256,388
102,256,256,616
102,256,256,566
102,256,256,206
102,256,256,514
102,256,256,308
102,256,256,569
102,256,256,144
102,256,256,728
102,256,256,423
102,256,256,444
102,256,256,461
102,256,256,652
102,256,256,49
102,256,256,453
102,256,256,441
102,256,256,196
102,256,256,591
102,256,256,347
102,256,256,703
102,256,256,210
102,256,256,326
102,256,256,916
102,256,256,431
102,256,256,191
102,256,256,1591
102,256,256,412
102,256,256,166
102,256,256,514
102,256,256,476
102,256,256,451
102,256,256,236
102,256,256,305
102,256,256,491
102,256,256,429
102,256,256,149
102,256,256,171
102,256,256,339
102,256,256,670
102,256,256,403
102,256,256,370
102,256,256,330
102,256,256,286
103,256,320,158
103,256,320,219
103,256,320,238
103,256,320,55
103,256,320,120
103,256,320,141
103,256,320,143
103,256,320,166
103,256,320,72
103,256,320,37
103,256,320,36
103,256,320,256
103,256,320,22
103,256,320,233
103,256,320,124
103,256,320,154
103,256,320,74
103,256,320,168
103,256,320,192
103,256,320,137
103,256,320,173
103,256,320,125
103,256,320,77
103,256,320,168
103,256,320,180
103,256,320,182
103,256,320,80
103,256,320,169
103,256,320,335
103,256,320,314
103,256,320,85
103,256,320,113
103,256,320,140
103,256,320,22
104,256,256,270
104,256,256,156
104,256,256,116
104,256,256,105
104,256,256,162
104,256,256,107
104,256,256,114
104,256,256,91
104,256,256,124
104,256,256,182
104,256,256,134
104,256,256,104
104,256,256,163
104,256,256,100
104,256,256,229
104,256,256,149
104,256,256,98
104,256,256,81
104,256,256,125
104,256,256,101
104,256,256,79
104,256,256,152
104,256,256,166
104,256,256,142
104,256,256,61
104,256,256,136
104,256,256,64
104,256,256,105
104,256,256,134
104,256,256,154
104,256,256,134
104,256,256,96
104,256,256,89
104,256,256,100
104,256,256,120
104,256,256,134
104,256,256,110
104,256,256,118
104,256,256,158
105,256,256,109
105,256,256,105
105,256,256,206
105,256,256,102
105,256,256,101
105,256,256,194
105,256,256,311
105,256,256,256
105,256,256,92
105,256,256,166
105,256,256,260
105,256,256,204
105,256,256,89
105,256,256,71
105,256,256,135
105,256,256,180
106,360,360,1180
106,360,360,1902
106,360,360,2991
106,360,360,1317
106,360,360,411
106,360,360,929
106,360,360,981
106,360,360,464
106,360,360,99
106,360,360,21
106,360,360,2954
106,360,360,182
106,360,360,21
106,360,360,301
106,360,360,407
106,360,360,2192
106,360,360,651
106,360,360,3235
106,360,360,64
106,360,360,2544
106,360,360,1245
106,360,360,2502
107,360,360,157
107,360,360,342
107,360,360,37
107,360,360,85
107,360,360,845
107,360,360,49
107,360,360,1884
107,360,360,27
107,360,360,811
107,360,360,1729
107,360,360,21
107,360,360,59
107,360,360,1735
107,360,360,125
107,360,360,54
107,360,360,485
107,360,360,1744
107,360,360,766
107,360,360,1743
107,360,360,111
107,360,360,1849
107,360,360,1728
107,360,360,3163
107,360,360,1592
107,360,360,1678
107,360,360,1657
107,360,360,764
107,360,360,2313
107,360,360,1596
107,360,360,1845
107,360,360,417
107,360,360,738
107,360,360,1319
107,360,360,512
107,360,360,2003
107,360,360,745
107,360,360,576
107,360,360,2039
107,360,360,1696
108,360,360,1871
108,360,360,375
108,360,360,2225
108,360,360,1998
108,360,360,1695
108,360,360,1323
108,360,360,908
108,360,360,1290
108,360,360,2751
108,360,360,1055
108,360,360,836
108,360,360,3025
108,360,360,2845
108,360,360,1279
108,360,360,2993
108,360,360,3177
108,360,360,2064
108,360,360,1377
109,256,256,96
109,256,256,306
109,256,256,40
109,256,256,160
109,256,256,164
109,256,256,119
109,256,256,38
109,256,256,43
109,256,256,91
109,256,256,288
109,256,256,58
109,256,256,113
109,256,256,334
109,256,256,117
109,256,256,123
109,256,256,26
109,256,256,285
109,256,256,76
109,256,256,144
109,256,256,221
109,256,256,197
109,256,256,93
109,256,256,188
109,256,256,56
109,256,256,229
109,256,256,234
109,256,256,268
109,256,256,99
110,256,256,276
110,256,256,222
110,256,256,144
110,256,256,296
110,256,256,306
110,256,256,284
110,256,256,306
110,256,256,323
110,256,256,237
110,256,256,577
110,256,256,353
110,256,256,227
110,256,256,222
110,256,256,262
110,256,256,502
110,256,256,347
110,256,256,465
110,256,256,250
110,256,256,291
110,256,256,105
110,256,256,74
110,256,256,325
110,256,256,300
110,256,256,74
110,256,256,240
110,256,256,344
110,256,256,431
110,256,256,237
110,256,256,233
110,256,256,276
110,256,256,332
110,256,256,281
110,256,256,343
110,256,256,262
110,256,256,284
110,256,256,382
110,256,256,280
110,256,256,402
110,256,256,729
110,256,256,241
110,256,256,26
110,256,256,188
110,256,256,398
110,256,256,171
110,256,256,223
110,256,256,313
110,256,256,461
110,256,256,28
110,256,256,218
110,256,256,322
110,256,256,293
110,256,256,313
110,256,256,233
110,256,256,229
110,256,256,498
110,256,256,408
111,512,640,1449
111,512,640,482
111,512,640,723
111,512,640,2027
111,512,640,2091
111,512,640,1301
111,512,640,2611
111,512,640,1311
111,512,640,1399
111,512,640,1305
111,512,640,1166
111,512,640,2736
111,512,640,2092
112,1024,1024,545
112,1024,1024,290
112,1024,1024,327
112,1024,1024,337
112,1024,1024,124
112,1024,1024,458
112,1024,1024,98
112,1024,1024,521
112,1024,1024,368
112,1024,1024,48
112,1024,1024,503
112,1024,1024,425
112,1024,1024,460
112,1024,1024,72
112,1024,1024,454
112,1024,1024,26
112,1024,1024,209
112,1024,1024,133
112,1024,1024,480
112,1024,1024,455
112,1024,1024,43
112,1024,1024,468
112,1024,1024,82
112,1024,1024,40
112,1024,1024,80
112,1024,1024,314
112,1024,1024,83
112,1024,1024,75
112,1024,1024,409
112,1024,1024,343
112,1024,1024,463
112,1024,1024,102
112,1024,1024,501
112,1024,1024,403
112,1024,1024,502
112,1024,1024,190
112,1024,1024,544
112,1024,1024,86
112,1024,1024,92
112,1024,1024,185
112,1024,1024,130
112,1024,1024,336
112,1024,1024,177
112,1024,1024,96
112,1024,1024,178
112,1024,1024,278
112,1024,1024,118
112,1024,1024,358
112,1024,1024,67
112,1024,1024,84
112,1024,1024,351
112,1024,1024,498
112,1024,1024,246
112,1024,1024,321
112,1024,1024,320
112,1024,1024,485
112,1024,1024,239
113,360,360,2506
113,360,360,1382
113,360,360,91
113,360,360,1840
113,360,360,40
113,360,360,30
113,360,360,1982
113,360,360,255
113,360,360,42
113,360,360,24
113,360,360,3236
113,360,360,2189
113,360,360,389
113,360,360,36
113,360,360,1937
113,360,360,1427
113,360,360,108
113,360,360,1550
113,360,360,3118
113,360,360,1840
113,360,360,1492
113,360,360,304
114,256,256,77
114,256,256,73
114,256,256,99
114,256,256,73
114,256,256,54
114,256,256,124
114,256,256,57
114,256,256,80
114,256,256,39
114,256,256,89
114,256,256,148
114,256,256,91
114,256,256,54
114,256,256,38
114,256,256,80
114,256,256,72
114,256,256,84
114,256,256,89
114,256,256,55
114,256,256,104
114,256,256,62
114,256,256,24
114,256,256,40
114,256,256,62
114,256,256,113
114,256,256,82
114,256,256,50
114,256,256,53
114,256,256,96
114,256,256,81
114,256,256,135
114,256,256,60
114,256,256,109
114,256,256,148
114,256,256,21
114,256,256,71
114,256,256,131
114,256,256,61
114,256,256,88
114,256,256,78
114,256,256,65
114,256,256,31
114,256,256,63
114,256,256,73
114,256,256,33
114,256,256,22
114,256,256,66
114,256,256,86
114,256,256,140
114,256,256,105
114,256,256,65
114,256,256,60
114,256,256,21
114,256,256,89
114,256,256,74
115,520,696,317
115,520,696,818
115,520,696,900
115,520,696,515
115,520,696,445
115,520,696,42
115,520,696,844
115,520,696,767
115,520,696,654
115,520,696,608
115,520,696,663
115,520,696,355
115,520,696,742
115,520,696,724
115,520,696,841
115,520,696,535
115,520,696,573
115,520,696,737
116,256,256,125
116,256,256,161
116,256,256,150
116,256,256,130
116,256,256,237
116,256,256,132
116,256,256,26
116,256,256,278
116,256,256,124
117,256,256,179
117,256,256,237
117,256,256,38
117,256,256,108
117,256,256,170
117,256,256,112
117,256,256,108
117,256,256,122
117,256,256,138
117,256,256,276
117,256,256,275
118,256,256,626
118,256,256,309
118,256,256,553
118,256,256,117
118,256,256,974
118,256,256,303
118,256,256,453
118,256,256,321
118,256,256,439
118,256,256,408
118,256,256,431
118,256,256,367
118,256,256,337
118,256,256,31
118,256,256,549
118,256,256,395
118,256,256,461
118,256,256,618
118,256,256,476
118,256,256,827
118,256,256,228
118,256,256,229
118,256,256,115
119,256,320,26
119,256,320,424
119,256,320,124
119,256,320,869
119,256,320,381
119,256,320,421
119,256,320,531
119,256,320,466
119,256,320,318
119,256,320,592
119,256,320,1057
119,256,320,327
119,256,320,180
119,256,320,283
119,256,320,575
119,256,320,146
119,256,320,55
119,256,320,617
119,256,320,302
119,256,320,440
119,256,320,3400
119,256,320,1104
119,256,320,29
119,256,320,73
119,256,320,456
119,256,320,753
119,256,320,77
119,256,320,742
119,256,320,449
120,520,696,685
120,520,696,690
120,520,696,708
120,520,696,880
120,520,696,734
120,520,696,384
120,520,696,232
120,520,696,723
120,520,696,483
120,520,696,418
120,520,696,475
120,520,696,89
120,520,696,448
120,520,696,771
120,520,696,419
120,520,696,560
120,520,696,436
120,520,696,586
120,520,696,559
120,520,696,488
120,520,696,860
120,520,696,700
120,520,696,602
120,520,696,507
121,360,360,2224
121,360,360,1898
121,360,360,2266
121,360,360,1878
121,360,360,2997
121,360,360,2088
121,360,360,1827
121,360,360,902
121,360,360,1930
121,360,360,1512
121,360,360,3017
121,360,360,1468
121,360,360,2134
121,360,360,1861
121,360,360,33
121,360,360,1935
121,360,360,1696
121,360,360,2687
121,360,360,2044
121,360,360,3284
122,520,696,672
122,520,696,537
122,520,696,721
122,520,696,366
122,520,696,952
122,520,696,829
122,520,696,757
122,520,696,1036
122,520,696,142
122,520,696,216
122,520,696,941
122,520,696,814
122,520,696,757
122,520,696,683
122,520,696,663
122,520,696,600
122,520,696,748
122,520,696,653
122,520,696,658
122,520,696,598
122,520,696,870
122,520,696,815
122,520,696,800
122,520,696,622
122,520,696,496
122,520,696,1029
122,520,696,707
122,520,696,649
122,520,696,710
122,520,696,1104
122,520,696,677
122,520,696,683
122,520,696,767
122,520,696,598
122,520,696,532
122,520,696,654
122,520,696,543
122,520,696,879
122,520,696,802
122,520,696,1054
122,520,696,585
122,520,696,280
122,520,696,774
122,520,696,648
122,520,696,737
122,520,696,707
122,520,696,933
122,520,696,831
122,520,696,883
122,520,696,780
122,520,696,598
122,520,696,602
122,520,696,914
122,520,696,771
122,520,696,848
122,520,696,560
122,520,696,448
122,520,696,653
122,520,696,408
122,520,696,896
122,520,696,345
122,520,696,653
122,520,696,290
122,520,696,927
122,520,696,754
122,520,696,766
122,520,696,656
122,520,696,505
122,520,696,1453
122,520,696,694
122,520,696,242
122,520,696,94
122,520,696,571
122,520,696,204
122,520,696,975
122,520,696,575
122,520,696,639
122,520,696,243
122,520,696,246
122,520,696,535
122,520,696,651
122,520,696,984
122,520,696,594
122,520,696,577
122,520,696,623
122,520,696,59
122,520,696,673
122,520,696,682
122,520,696,654
122,520,696,502
122,520,696,822
122,520,696,961
122,520,696,725
122,520,696,1490
122,520,696,642
122,520,696,600
122,520,696,641
122,520,696,491
122,520,696,755
122,520,696,675
122,520,696,77
122,520,696,740
122,520,696,581
122,520,696,612
122,520,696,694
122,520,696,240
122,520,696,83
123,256,256,201
123,256,256,26
123,256,256,156
123,256,256,144
123,256,256,40
123,256,256,72
123,256,256,67
123,256,256,224
123,256,256,179
123,256,256,119
123,256,256,134
124,520,696,880
124,520,696,1540
124,520,696,1642
124,520,696,1374
124,520,696,2093
124,520,696,2774
124,520,696,1627
125,256,320,66
125,256,320,191
125,256,320,157
125,256,320,261
125,256,320,30
125,256,320,321
125,256,320,258
125,256,320,186
125,256,320,451
125,256,320,198
125,256,320,252
125,256,320,150
125,256,320,274
125,256,320,526
125,256,320,229
125,256,320,297
125,256,320,183
125,256,320,67
125,256,320,148
125,256,320,158
125,256,320,47
125,256,320,391
125,256,320,266
125,256,320,355
125,256,320,173
125,256,320,224
125,256,320,296
125,256,320,220
125,256,320,60
125,256,320,136
125,256,320,50
125,256,320,268
125,256,320,196
125,256,320,181
125,256,320,350
125,256,320,531
125,256,320,109
125,256,320,282
125,256,320,206
125,256,320,136
125,256,320,359
125,256,320,107
125,256,320,108
125,256,320,80
125,256,320,289
125,256,320,189
125,256,320,273
125,256,320,264
125,256,320,377
125,256,320,162
125,256,320,147
125,256,320,401
125,256,320,25
125,256,320,176
125,256,320,532
125,256,320,187
125,256,320,219
125,256,320,189
125,256,320,499
125,256,320,181
125,256,320,276
125,256,320,99
125,256,320,248
125,256,320,216
125,256,320,233
125,256,320,311
125,256,320,142
125,256,320,274
125,256,320,357
125,256,320,378
125,256,320,303
125,256,320,174
125,256,320,271
125,256,320,305
125,256,320,149
125,256,320,346
125,256,320,158
125,256,320,323
125,256,320,146
125,256,320,163
125,256,320,108
125,256,320,78
125,256,320,227
125,256,320,360
125,256,320,382
125,256,320,363
125,256,320,192
125,256,320,165
125,256,320,316
125,256,320,235
125,256,320,51
125,256,320,294
125,256,320,282
125,256,320,324
125,256,320,137
125,256,320,452
125,256,320,250
125,256,320,470
125,256,320,104
125,256,320,300
125,256,320,301
125,256,320,349
125,256,320,229
125,256,320,99
125,256,320,133
125,256,320,57
125,256,320,136
125,256,320,234
125,256,320,450
125,256,320,60
125,256,320,406
125,256,320,771
125,256,320,174
125,256,320,120
125,256,320,180
125,256,320,284
125,256,320,77
126,256,256,64
126,256,256,122
126,256,256,121
126,256,256,202
126,256,256,52
126,256,256,85
126,256,256,34
126,256,256,50
126,256,256,143
126,256,256,52
126,256,256,107
126,256,256,166
126,256,256,56
126,256,256,33
126,256,256,168
126,256,256,87
127,520,696,139
127,520,696,2067
127,520,696,2033
127,520,696,1904
127,520,696,2008
127,520,696,1096
127,520,696,1922
127,520,696,1613
127,520,696,1925
127,520,696,1434
127,520,696,1961
127,520,696,2098
127,520,696,1993
127,520,696,1981
127,520,696,1714
127,520,696,819
127,520,696,1879
127,520,696,3117
127,520,696,1765
127,520,696,134
127,520,696,1928
127,520,696,2312
127,520,696,591
127,520,696,1645
127,520,696,1233
128,256,256,48
128,256,256,176
128,256,256,170
128,256,256,211
128,256,256,116
128,256,256,170
128,256,256,120
128,256,256,124
128,256,256,151
128,256,256,157
128,256,256,115
128,256,256,103
128,256,256,117
128,256,256,174
128,256,256,102
128,256,256,82
128,256,256,101
128,256,256,31
128,256,256,126
128,256,256,112
128,256,256,170
128,256,256,149
128,256,256,86
128,256,256,193
128,256,256,129
128,256,256,106
128,256,256,248
128,256,256,152
128,256,256,152
128,256,256,114
128,256,256,91
128,256,256,107
128,256,256,108
128,256,256,130
128,256,256,83
128,256,256,169
128,256,256,149
128,256,256,47
128,256,256,99
128,256,256,108
128,256,256,171
129,256,320,737
129,256,320,226
129,256,320,689
129,256,320,887
129,256,320,696
129,256,320,1623
129,256,320,1386
129,256,320,381
129,256,320,356
129,256,320,669
129,256,320,1765
129,256,320,2540
129,256,320,25
129,256,320,1919
129,256,320,650
129,256,320,726
129,256,320,125
129,256,320,1472
129,256,320,1498
129,256,320,235
129,256,320,870
129,256,320,950
129,256,320,250
130,256,256,490
130,256,256,510
130,256,256,336
130,256,256,531
130,256,256,478
130,256,256,500
130,256,256,485
130,256,256,761
130,256,256,433
130,256,256,26
130,256,256,453
130,256,256,545
130,256,256,424
130,256,256,119
130,256,256,363
130,256,256,277
130,256,256,82
130,256,256,392
130,256,256,489
130,256,256,436
130,256,256,186
130,256,256,853
130,256,256,1162
130,256,256,693
130,256,256,505
130,256,256,500
130,256,256,563
130,256,256,386
130,256,256,526
130,256,256,484
130,256,256,581
130,256,256,649
130,256,256,363
130,256,256,394
130,256,256,826
130,256,256,525
130,256,256,498
130,256,256,85
130,256,256,534
130,256,256,524
130,256,256,1148
130,256,256,478
130,256,256,467
130,256,256,425
130,256,256,454
130,256,256,85
130,256,256,437
130,256,256,667
130,256,256,371
130,256,256,481
130,256,256,396
130,256,256,378
131,256,256,78
131,256,256,97
131,256,256,36
131,256,256,91
131,256,256,172
131,256,256,26
131,256,256,103
131,256,256,119
131,256,256,57
131,256,256,136
131,256,256,85
131,256,256,101
131,256,256,84
131,256,256,122
131,256,256,103
131,256,256,144
131,256,256,57
131,256,256,87
131,256,256,96
131,256,256,57
131,256,256,147
131,256,256,109
131,256,256,64
131,256,256,90
131,256,256,94
131,256,256,64
131,256,256,125
131,256,256,32
131,256,256,66
131,256,256,28
131,256,256,103
131,256,256,63
131,256,256,100
131,256,256,120
131,256,256,115
131,256,256,81
131,256,256,82
131,256,256,46
131,256,256,99
131,256,256,21
131,256,256,85
131,256,256,65
131,256,256,27
131,256,256,114
131,256,256,87
131,256,256,101
132,256,256,161
132,256,256,309
132,256,256,123
132,256,256,142
132,256,256,100
132,256,256,79
132,256,256,171
132,256,256,95
132,256,256,134
132,256,256,131
132,256,256,130
132,256,256,38
133,256,256,181
133,256,256,59
133,256,256,60
133,256,256,58
133,256,256,58
133,256,256,48
133,256,256,48
133,256,256,168
133,256,256,66
133,256,256,66
133,256,256,108
133,256,256,198
133,256,256,26
133,256,256,118
133,256,256,41
133,256,256,112
133,256,256,65
133,256,256,67
133,256,256,123
133,256,256,29
133,256,256,203
133,256,256,53
133,256,256,56
133,256,256,34
133,256,256,57
133,256,256,71
133,256,256,21
133,256,256,89
133,256,256,56
133,256,256,47
133,256,256,49
133,256,256,104
133,256,256,163
133,256,256,36
133,256,256,198
133,256,256,76
133,256,256,93
133,256,256,372
133,256,256,21
133,256,256,63
133,256,256,96
133,256,256,137
133,256,256,193
133,256,256,63
133,256,256,52
133,256,256,100
133,256,256,26
133,256,256,33
133,256,256,84
133,256,256,101
133,256,256,57
133,256,256,152
133,256,256,95
133,256,256,126
133,256,256,46
133,256,256,92
133,256,256,54
133,256,256,66
133,256,256,71
133,256,256,34
134,256,256,211
134,256,256,123
134,256,256,75
134,256,256,222
134,256,256,152
134,256,256,254
134,256,256,128
134,256,256,251
134,256,256,202
135,256,256,647
135,256,256,506
135,256,256,294
135,256,256,230
135,256,256,457
135,256,256,556
135,256,256,559
135,256,256,231
135,256,256,368
135,256,256,480
135,256,256,121
135,256,256,257
135,256,256,178
135,256,256,462
135,256,256,387
135,256,256,136
135,256,256,551
135,256,256,282
135,256,256,409
135,256,256,107
135,256,256,510
135,256,256,604
135,256,256,281
135,256,256,544
135,256,256,531
135,256,256,61
135,256,256,268
135,256,256,389
136,256,256,146
136,256,256,289
136,256,256,127
136,256,256,108
136,256,256,121
136,256,256,106
136,256,256,83
136,256,256,91
136,256,256,120
136,256,256,107
136,256,256,160
136,256,256,151
136,256,256,104
136,256,256,161
136,256,256,93
136,256,256,164
136,256,256,147
136,256,256,196
136,256,256,133
136,256,256,120
136,256,256,105
136,256,256,115
136,256,256,129
136,256,256,127
136,256,256,119
136,256,256,97
136,256,256,135
136,256,256,126
136,256,256,123
136,256,256,111
136,256,256,139
136,256,256,120
136,256,256,126
136,256,256,116
136,256,256,111
136,256,256,235
136,256,256,31
136,256,256,127
136,256,256,138
136,256,256,122
136,256,256,101
137,256,256,70
137,256,256,144
137,256,256,78
137,256,256,85
137,256,256,41
137,256,256,96
137,256,256,61
137,256,256,99
137,256,256,52
137,256,256,35
137,256,256,64
137,256,256,76
137,256,256,84
137,256,256,96
137,256,256,140
137,256,256,89
137,256,256,35
137,256,256,82
137,256,256,73
137,256,256,127
137,256,256,77
137,256,256,79
137,256,256,96
137,256,256,139
137,256,256,67
137,256,256,51
137,256,256,65
137,256,256,38
137,256,256,126
137,256,256,94
137,256,256,57
137,256,256,64
137,256,256,90
137,256,256,88
137,256,256,80
137,256,256,32
137,256,256,90
137,256,256,59
137,256,256,106
137,256,256,85
137,256,256,72
137,256,256,77
137,256,256,133
137,256,256,114
137,256,256,61
137,256,256,63
137,256,256,56
138,360,360,1849
138,360,360,138
138,360,360,714
138,360,360,1060
138,360,360,2002
138,360,360,1674
138,360,360,2048
138,360,360,1844
138,360,360,1289
138,360,360,2673
138,360,360,1755
138,360,360,1687
138,360,360,1913
138,360,360,1099
138,360,360,1915
138,360,360,2026
138,360,360,379
138,360,360,2407
138,360,360,2202
139,256,320,111
139,256,320,181
139,256,320,114
139,256,320,41
139,256,320,111
139,256,320,220
139,256,320,26
139,256,320,351
139,256,320,35
139,256,320,269
139,256,320,449
139,256,320,241
139,256,320,346
139,256,320,584
139,256,320,77
139,256,320,839
139,256,320,570
139,256,320,57
139,256,320,299
139,256,320,538
139,256,320,285
139,256,320,83
139,256,320,294
139,256,320,386
139,256,320,460
139,256,320,154
139,256,320,148
139,256,320,1017
139,256,320,266
139,256,320,329
139,256,320,194
139,256,320,125
139,256,320,351
139,256,320,380
139,256,320,486
139,256,320,174
139,256,320,334
139,256,320,151
139,256,320,105
139,256,320,1347
139,256,320,85
139,256,320,421
139,256,320,229
139,256,320,38
139,256,320,225
139,256,320,65
139,256,320,380
139,256,320,143
139,256,320,60
139,256,320,702
139,256,320,461
140,256,320,938
140,256,320,871
140,256,320,480
140,256,320,1724
140,256,320,931
140,256,320,1763
140,256,320,1132
140,256,320,220
140,256,320,881
140,256,320,1216
140,256,320,1759
140,256,320,1149
140,256,320,381
140,256,320,273
140,256,320,1606
140,256,320,611
140,256,320,503
140,256,320,1583
140,256,320,598
140,256,320,756
140,256,320,289
140,256,320,825
140,256,320,91
141,256,256,285
141,256,256,136
141,256,256,332
141,256,256,144
141,256,256,191
141,256,256,289
141,256,256,59
141,256,256,71
141,256,256,214
141,256,256,279
141,256,256,291
141,256,256,98
141,256,256,190
141,256,256,395
142,360,360,2346
142,360,360,651
142,360,360,624
142,360,360,1582
142,360,360,969
142,360,360,59
142,360,360,1917
142,360,360,1832
142,360,360,2540
142,360,360,2318
142,360,360,885
142,360,360,889
142,360,360,79
142,360,360,880
142,360,360,2584
142,360,360,1419
142,360,360,1985
142,360,360,943
142,360,360,2823
142,360,360,39
142,360,360,2855
142,360,360,392
142,360,360,2322
142,360,360,1533
142,360,360,95
142,360,360,325
142,360,360,1684
142,360,360,1507
143,520,696,2205
143,520,696,2172
143,520,696,1435
143,520,696,2431
143,520,696,2203
143,520,696,2047
143,520,696,2899
143,520,696,2083
143,520,696,329
143,520,696,1855
143,520,696,1883
143,520,696,1406
143,520,696,1483
143,520,696,349
143,520,696,1975
143,520,696,1741
143,520,696,2418
143,520,696,1870
143,520,696,3699
143,520,696,2416
143,520,696,2176
143,520,696,2510
143,520,696,885
144,256,256,192
144,256,256,164
144,256,256,254
144,256,256,173
144,256,256,28
144,256,256,147
144,256,256,281
144,256,256,104
144,256,256,113
144,256,256,247
144,256,256,147
144,256,256,183
144,256,256,121
145,520,696,403
145,520,696,423
145,520,696,531
145,520,696,959
145,520,696,700
145,520,696,941
145,520,696,371
145,520,696,601
145,520,696,404
145,520,696,550
145,520,696,682
145,520,696,858
145,520,696,202
145,520,696,992
145,520,696,654
145,520,696,896
145,520,696,473
145,520,696,574
145,520,696,330
145,520,696,480
145,520,696,688
145,520,696,497
145,520,696,396
145,520,696,602
145,520,696,978
145,520,696,486
145,520,696,758
145,520,696,453
145,520,696,682
145,520,696,288
145,520,696,489
145,520,696,917
145,520,696,468
145,520,696,844
145,520,696,205
145,520,696,700
145,520,696,554
145,520,696,932
145,520,696,796
145,520,696,677
145,520,696,545
145,520,696,594
145,520,696,87
145,520,696,453
145,520,696,902
145,520,696,704
145,520,696,397
145,520,696,447
145,520,696,378
145,520,696,386
145,520,696,151
145,520,696,395
145,520,696,550
145,520,696,854
145,520,696,381
145,520,696,421
145,520,696,500
145,520,696,505
145,520,696,846
145,520,696,673
145,520,696,519
145,520,696,861
145,520,696,491
145,520,696,76
145,520,696,593
145,520,696,793
145,520,696,512
145,520,696,672
145,520,696,60
145,520,696,417
145,520,696,484
145,520,696,292
145,520,696,389
145,520,696,809
145,520,696,697
145,520,696,778
145,520,696,529
145,520,696,480
145,520,696,577
145,520,696,286
145,520,696,902
145,520,696,452
145,520,696,627
145,520,696,679
145,520,696,438
145,520,696,650
145,520,696,509
145,520,696,804
145,520,696,735
145,520,696,642
145,520,696,817
145,520,696,609
145,520,696,672
145,520,696,844
145,520,696,1117
145,520,696,465
145,520,696,40
145,520,696,845
145,520,696,934
145,520,696,297
145,520,696,921
145,520,696,1056
145,520,696,608
145,520,696,885
145,520,696,895
145,520,696,350
146,256,320,163
146,256,320,50
146,256,320,33
146,256,320,205
146,256,320,171
146,256,320,672
146,256,320,91
146,256,320,609
146,256,320,312
146,256,320,310
146,256,320,446
146,256,320,286
146,256,320,219
146,256,320,342
146,256,320,233
146,256,320,247
146,256,320,156
146,256,320,330
146,256,320,337
146,256,320,307
146,256,320,278
146,256,320,286
146,256,320,540
146,256,320,176
146,256,320,570
146,256,320,456
146,256,320,331
146,256,320,349
146,256,320,404
146,256,320,670
146,256,320,234
146,256,320,296
146,256,320,346
146,256,320,314
146,256,320,21
146,256,320,399
146,256,320,691
146,256,320,130
146,256,320,417
146,256,320,435
146,256,320,227
146,256,320,40
146,256,320,667
146,256,320,441
146,256,320,246
146,256,320,406
146,256,320,257
146,256,320,225
146,256,320,325
146,256,320,501
147,256,256,65
147,256,256,72
147,256,256,39
147,256,256,145
147,256,256,120
147,256,256,123
147,256,256,69
147,256,256,37
147,256,256,109
147,256,256,68
147,256,256,82
147,256,256,126
147,256,256,66
147,256,256,56
147,256,256,50
147,256,256,87
147,256,256,96
147,256,256,85
147,256,256,112
147,256,256,54
147,256,256,75
147,256,256,33
147,256,256,59
147,256,256,75
147,256,256,80
147,256,256,91
147,256,256,85
147,256,256,100
147,256,256,90
147,256,256,57
147,256,256,73
147,256,256,76
147,256,256,82
147,256,256,69
147,256,256,110
147,256,256,75
147,256,256,95
147,256,256,36
147,256,256,48
147,256,256,52
147,256,256,112
147,256,256,67
147,256,256,77
147,256,256,32
147,256,256,65
147,256,256,158
147,256,256,69
147,256,256,65
147,256,256,70
147,256,256,68
147,256,256,68
147,256,256,94
147,256,256,74
147,256,256,118
148,256,256,149
148,256,256,122
148,256,256,125
148,256,256,70
148,256,256,59
148,256,256,73
148,256,256,76
148,256,256,44
148,256,256,90
148,256,256,107
148,256,256,83
148,256,256,101
148,256,256,67
148,256,256,95
148,256,256,160
148,256,256,94
148,256,256,89
148,256,256,49
148,256,256,44
148,256,256,61
148,256,256,62
148,256,256,48
148,256,256,47
148,256,256,67
148,256,256,93
148,256,256,96
148,256,256,189
148,256,256,86
148,256,256,95
148,256,256,108
148,256,256,56
148,256,256,70
148,256,256,65
148,256,256,95
148,256,256,74
148,256,256,92
148,256,256,129
148,256,256,111
148,256,256,198
148,256,256,55
148,256,256,78
148,256,256,134
148,256,256,101
148,256,256,54
149,256,256,223
149,256,256,95
149,256,256,539
149,256,256,301
149,256,256,58
149,256,256,880
149,256,256,726
149,256,256,378
149,256,256,323
149,256,256,161
149,256,256,330
149,256,256,218
149,256,256,315
149,256,256,206
149,256,256,953
149,256,256,263
149,256,256,321
149,256,256,208
149,256,256,253
149,256,256,307
149,256,256,259
149,256,256,311
149,256,256,144
149,256,256,419
149,256,256,291
149,256,256,383
149,256,256,438
149,256,256,520
149,256,256,253
149,256,256,146
149,256,256,563
149,256,256,342
149,256,256,318
149,256,256,436
149,256,256,216
149,256,256,170
149,256,256,278
149,256,256,313
149,256,256,150
149,256,256,417
149,256,256,294
149,256,256,587
149,256,256,144
149,256,256,21
149,256,256,150
149,256,256,177
149,256,256,154
149,256,256,286
149,256,256,228
149,256,256,138
149,256,256,259
149,256,256,239
150,1024,1024,488
150,1024,1024,529
150,1024,1024,369
150,1024,1024,60
150,1024,1024,186
150,1024,1024,68
150,1024,1024,397
150,1024,1024,114
150,1024,1024,378
150,1024,1024,59
150,1024,1024,194
150,1024,1024,243
150,1024,1024,74
150,1024,1024,589
150,1024,1024,478
150,1024,1024,265
150,1024,1024,401
150,1024,1024,615
150,1024,1024,167
150,1024,1024,235
150,1024,1024,209
150,1024,1024,61
150,1024,1024,670
150,1024,1024,81
150,1024,1024,103
150,1024,1024,199
150,1024,1024,344
150,1024,1024,64
150,1024,1024,164
150,1024,1024,164
150,1024,1024,123
150,1024,1024,382
150,1024,1024,40
150,1024,1024,56
150,1024,1024,80
150,1024,1024,147
150,1024,1024,158
150,1024,1024,46
150,1024,1024,74
150,1024,1024,497
150,1024,1024,129
150,1024,1024,121
150,1024,1024,284
150,1024,1024,306
150,1024,1024,156
150,1024,1024,161
150,1024,1024,54
150,1024,1024,524
150,1024,1024,392
150,1024,1024,128
150,1024,1024,208
150,1024,1024,402
150,1024,1024,475
150,1024,1024,200
150,1024,1024,412
151,256,256,218
151,256,256,416
151,256,256,874
151,256,256,399
151,256,256,324
151,256,256,603
151,256,256,216
151,256,256,84
151,256,256,302
151,256,256,549
151,256,256,612
151,256,256,334
151,256,256,392
151,256,256,315
151,256,256,21
151,256,256,444
151,256,256,72
151,256,256,21
151,256,256,200
151,256,256,550
151,256,256,580
151,256,256,451
151,256,256,21
151,256,256,352
151,256,256,186
151,256,256,422
151,256,256,471
151,256,256,577
151,256,256,339
151,256,256,66
151,256,256,630
151,256,256,604
151,256,256,63
151,256,256,551
151,256,256,366
151,256,256,324
151,256,256,265
151,256,256,546
151,256,256,84
151,256,256,205
151,256,256,181
151,256,256,176
151,256,256,159
151,256,256,509
151,256,256,327
151,256,256,56
151,256,256,1202
151,256,256,690
151,256,256,375
151,256,256,376
151,256,256,472
152,256,256,177
152,256,256,106
152,256,256,157
152,256,256,177
152,256,256,110
152,256,256,39
152,256,256,86
152,256,256,177
152,256,256,98
152,256,256,153
152,256,256,169
152,256,256,44
152,256,256,28
152,256,256,281
153,256,256,228
153,256,256,898
153,256,256,316
153,256,256,127
153,256,256,155
153,256,256,109
153,256,256,295
153,256,256,314
153,256,256,43
153,256,256,576
153,256,256,57
153,256,256,802
153,256,256,568
153,256,256,1026
153,256,256,653
153,256,256,324
153,256,256,636
153,256,256,483
153,256,256,554
153,256,256,668
153,256,256,543
153,256,256,188
153,256,256,404
153,256,256,526
153,256,256,573
153,256,256,528
153,256,256,585
153,256,256,540
153,256,256,499
153,256,256,71
153,256,256,615
153,256,256,261
153,256,256,307
153,256,256,563
153,256,256,543
153,256,256,466
153,256,256,601
153,256,256,626
154,256,256,77
154,256,256,93
154,256,256,116
154,256,256,194
154,256,256,127
154,256,256,37
154,256,256,42
154,256,256,69
154,256,256,33
154,256,256,48
154,256,256,42
154,256,256,105
154,256,256,29
154,256,256,89
154,256,256,102
154,256,256,27
154,256,256,75
154,256,256,193
154,256,256,53
154,256,256,93
154,256,256,61
154,256,256,56
154,256,256,96
154,256,256,86
154,256,256,68
154,256,256,93
154,256,256,36
154,256,256,75
154,256,256,76
154,256,256,26
154,256,256,21
154,256,256,29
154,256,256,54
154,256,256,61
154,256,256,76
154,256,256,86
154,256,256,103
154,256,256,68
154,256,256,61
154,256,256,31
154,256,256,73
154,256,256,90
154,256,256,54
154,256,256,99
154,256,256,87
154,256,256,58
154,256,256,21
154,256,256,93
154,256,256,91
154,256,256,90
154,256,256,105
154,256,256,62
154,256,256,49
154,256,256,26
154,256,256,21
154,256,256,21
155,256,256,268
155,256,256,61
155,256,256,119
155,256,256,70
155,256,256,42
155,256,256,68
155,256,256,395
155,256,256,86
155,256,256,52
155,256,256,263
155,256,256,87
155,256,256,124
155,256,256,120
155,256,256,182
155,256,256,99
156,256,320,170
156,256,320,121
156,256,320,82
156,256,320,354
156,256,320,111
156,256,320,393
156,256,320,159
156,256,320,70
156,256,320,117
156,256,320,214
156,256,320,319
156,256,320,106
156,256,320,170
156,256,320,113
156,256,320,427
156,256,320,56
156,256,320,113
156,256,320,326
156,256,320,567
156,256,320,471
156,256,320,39
156,256,320,189
156,256,320,287
156,256,320,183
156,256,320,342
156,256,320,259
156,256,320,329
156,256,320,134
156,256,320,146
156,256,320,170
156,256,320,202
156,256,320,294
156,256,320,123
156,256,320,249
156,256,320,200
156,256,320,91
156,256,320,146
156,256,320,457
156,256,320,157
156,256,320,286
156,256,320,143
156,256,320,249
156,256,320,139
156,256,320,463
156,256,320,145
156,256,320,118
156,256,320,38
156,256,320,159
156,256,320,165
156,256,320,295
156,256,320,306
156,256,320,126
156,256,320,53
156,256,320,114
156,256,320,88
156,256,320,254
156,256,320,509
156,256,320,153
156,256,320,32
156,256,320,192
156,256,320,148
156,256,320,97
156,256,320,82
156,256,320,410
156,256,320,246
157,360,360,2731
157,360,360,63
157,360,360,2553
157,360,360,1717
157,360,360,681
157,360,360,3210
157,360,360,1456
157,360,360,1475
157,360,360,2250
157,360,360,215
157,360,360,132
157,360,360,2003
157,360,360,3093
157,360,360,2186
157,360,360,197
157,360,360,2050
157,360,360,260
157,360,360,2054
157,360,360,750
157,360,360,1998
157,360,360,2623
157,360,360,452
158,256,256,254
158,256,256,102
158,256,256,223
158,256,256,249
158,256,256,316
158,256,256,464
158,256,256,362
158,256,256,503
158,256,256,346
158,256,256,226
158,256,256,220
158,256,256,568
158,256,256,53
158,256,256,265
158,256,256,276
158,256,256,238
158,256,256,357
158,256,256,247
158,256,256,608
158,256,256,757
158,256,256,292
158,256,256,284
158,256,256,513
158,256,256,350
158,256,256,268
158,256,256,258
158,256,256,328
158,256,256,307
158,256,256,263
158,256,256,177
158,256,256,93
158,256,256,221
158,256,256,276
158,256,256,642
158,256,256,247
158,256,256,214
158,256,256,408
158,256,256,331
158,256,256,355
158,256,256,362
158,256,256,285
158,256,256,463
158,256,256,278
158,256,256,327
158,256,256,187
158,256,256,44
158,256,256,325
158,256,256,194
158,256,256,238
158,256,256,202
158,256,256,50
158,256,256,249
158,256,256,112
158,256,256,254
158,256,256,180
158,256,256,267
159,256,256,159
159,256,256,31
159,256,256,273
159,256,256,54
159,256,256,51
159,256,256,326
159,256,256,137
159,256,256,152
159,256,256,148
159,256,256,154
159,256,256,200
159,256,256,235
159,256,256,288
159,256,256,179
159,256,256,161
159,256,256,219
159,256,256,21
159,256,256,41
159,256,256,121
159,256,256,29
159,256,256,203
160,256,256,82
160,256,256,63
160,256,256,102
160,256,256,55
160,256,256,97
160,256,256,65
160,256,256,74
160,256,256,166
160,256,256,81
160,256,256,120
160,256,256,98
160,256,256,92
160,256,256,100
160,256,256,109
160,256,256,91
160,256,256,90
160,256,256,60
160,256,256,34
160,256,256,110
160,256,256,123
160,256,256,92
160,256,256,58
160,256,256,98
161,256,320,472
161,256,320,321
161,256,320,439
161,256,320,219
161,256,320,526
161,256,320,546
161,256,320,39
161,256,320,290
161,256,320,326
161,256,320,123
161,256,320,266
161,256,320,214
161,256,320,119
161,256,320,158
161,256,320,62
161,256,320,436
161,256,320,341
162,256,256,611
162,256,256,596
162,256,256,455
162,256,256,242
162,256,256,400
162,256,256,299
162,256,256,427
162,256,256,366
162,256,256,451
162,256,256,141
162,256,256,246
162,256,256,82
162,256,256,465
162,256,256,608
162,256,256,522
162,256,256,340
162,256,256,903
162,256,256,454
162,256,256,86
162,256,256,541
162,256,256,237
162,256,256,75
162,256,256,862
162,256,256,297
162,256,256,304
162,256,256,182
162,256,256,486
162,256,256,132
162,256,256,373
162,256,256,348
162,256,256,322
162,256,256,384
162,256,256,355
162,256,256,502
162,256,256,622
162,256,256,638
162,256,256,330
162,256,256,452
162,256,256,349
162,256,256,121
163,256,256,90
163,256,256,121
163,256,256,129
163,256,256,194
163,256,256,222
163,256,256,152
163,256,256,98
163,256,256,176
164,256,256,150
164,256,256,165
164,256,256,83
164,256,256,133
164,256,256,83
164,256,256,158
164,256,256,325
164,256,256,222
164,256,256,158
164,256,256,142
164,256,256,159
164,256,256,149
164,256,256,406
164,256,256,104
164,256,256,162
164,256,256,43
164,256,256,44
164,256,256,128
164,256,256,66
164,256,256,148
164,256,256,131
164,256,256,31
164,256,256,24
164,256,256,334
164,256,256,286
164,256,256,312
165,256,256,77
165,256,256,82
165,256,256,46
165,256,256,57
165,256,256,95
165,256,256,39
165,256,256,82
165,256,256,21
165,256,256,54
165,256,256,88
165,256,256,90
165,256,256,72
165,256,256,121
165,256,256,79
165,256,256,44
165,256,256,24
165,256,256,131
165,256,256,21
165,256,256,78
165,256,256,27
165,256,256,77
165,256,256,52
165,256,256,28
165,256,256,46
165,256,256,53
165,256,256,75
165,256,256,104
165,256,256,75
165,256,256,82
165,256,256,84
165,256,256,40
165,256,256,84
165,256,256,48
165,256,256,99
165,256,256,74
165,256,256,71
165,256,256,45
165,256,256,67
165,256,256,79
165,256,256,69
165,256,256,49
165,256,256,87
165,256,256,63
165,256,256,67
165,256,256,87
165,256,256,42
165,256,256,80
165,256,256,77
165,256,256,56
165,256,256,105
165,256,256,21
165,256,256,27
165,256,256,135
165,256,256,88
165,256,256,98
165,256,256,65
165,256,256,76
165,256,256,108
165,256,256,88
165,256,256,73
165,256,256,73
165,256,256,49
165,256,256,80
165,256,256,47
165,256,256,92
165,256,256,54
166,256,320,88
166,256,320,71
166,256,320,534
166,256,320,125
166,256,320,140
166,256,320,73
166,256,320,287
166,256,320,89
166,256,320,526
166,256,320,522
166,256,320,157
166,256,320,33
166,256,320,391
166,256,320,81
166,256,320,281
166,256,320,26
166,256,320,102
166,256,320,122
166,256,320,124
166,256,320,145
166,256,320,295
166,256,320,325
166,256,320,57
166,256,320,168
166,256,320,54
166,256,320,81
166,256,320,136
166,256,320,354
166,256,320,249
166,256,320,334
166,256,320,36
166,256,320,420
166,256,320,380
166,256,320,777
166,256,320,639
166,256,320,208
166,256,320,238
166,256,320,238
166,256,320,222
166,256,320,249
166,256,320,732
166,256,320,247
166,256,320,28
166,256,320,141
166,256,320,152
166,256,320,61
166,256,320,454
166,256,320,510
166,256,320,410
166,256,320,134
166,256,320,252
166,256,320,47
166,256,320,475
166,256,320,449
166,256,320,178
166,256,320,363
166,256,320,73
166,256,320,299
166,256,320,473
166,256,320,368
166,256,320,90
166,256,320,711
166,256,320,119
166,256,320,30
166,256,320,267
166,256,320,232
166,256,320,28
166,256,320,301
166,256,320,568
166,256,320,384
166,256,320,85
166,256,320,114
166,256,320,302
166,256,320,396
166,256,320,161
166,256,320,24
166,256,320,209
166,256,320,487
166,256,320,204
166,256,320,331
166,256,320,51
166,256,320,411
167,256,256,420
167,256,256,181
167,256,256,341
167,256,256,286
167,256,256,488
167,256,256,480
167,256,256,517
167,256,256,364
167,256,256,463
167,256,256,429
167,256,256,260
167,256,256,43
167,256,256,144
167,256,256,510
167,256,256,438
167,256,256,489
167,256,256,237
167,256,256,87
167,256,256,264
167,256,256,171
167,256,256,289
167,256,256,200
167,256,256,204
167,256,256,189
167,256,256,590
167,256,256,167
167,256,256,169
167,256,256,116
167,256,256,261
167,256,256,42
167,256,256,505
167,256,256,104
168,360,360,2000
168,360,360,1279
168,360,360,5227
168,360,360,2550
168,360,360,1920
168,360,360,2271
168,360,360,4742
168,360,360,747
168,360,360,1878
168,360,360,2355
168,360,360,2411
168,360,360,1728
168,360,360,2007
168,360,360,311
168,360,360,695
168,360,360,1928
168,360,360,2597
168,360,360,911
168,360,360,2377
168,360,360,916
169,256,256,48
169,256,256,142
169,256,256,175
169,256,256,244
170,520,696,724
170,520,696,698
170,520,696,801
170,520,696,675
170,520,696,1636
170,520,696,395
170,520,696,723
170,520,696,512
170,520,696,775
170,520,696,725
170,520,696,448
170,520,696,60
170,520,696,787
170,520,696,675
170,520,696,568
170,520,696,489
170,520,696,540
170,520,696,562
170,520,696,482
170,520,696,700
170,520,696,593
170,520,696,171
170,520,696,393
170,520,696,768
170,520,696,672
170,520,696,666
170,520,696,766
170,520,696,1016
170,520,696,562
170,520,696,177
170,520,696,571
170,520,696,669
170,520,696,617
170,520,696,631
170,520,696,594
170,520,696,668
170,520,696,753
170,520,696,536
170,520,696,769
170,520,696,736
170,520,696,686
170,520,696,580
170,520,696,850
170,520,696,654
170,520,696,573
170,520,696,600
170,520,696,556
170,520,696,925
170,520,696,45
170,520,696,556
170,520,696,863
170,520,696,663
170,520,696,557
170,520,696,604
170,520,696,440
170,520,696,542
170,520,696,444
170,520,696,642
170,520,696,169
170,520,696,334
170,520,696,554
170,520,696,797
170,520,696,259
170,520,696,682
170,520,696,724
170,520,696,619
170,520,696,664
170,520,696,625
170,520,696,531
170,520,696,570
170,520,696,411
170,520,696,658
170,520,696,261
170,520,696,588
170,520,696,564
170,520,696,696
170,520,696,208
170,520,696,499
170,520,696,622
170,520,696,532
170,520,696,840
170,520,696,455
170,520,696,705
170,520,696,818
170,520,696,575
170,520,696,607
170,520,696,662
170,520,696,512
170,520,696,619
170,520,696,305
170,520,696,759
170,520,696,528
170,520,696,699
170,520,696,499
170,520,696,486
170,520,696,424
170,520,696,661
170,520,696,806
170,520,696,651
170,520,696,535
170,520,696,571
170,520,696,644
170,520,696,335
170,520,696,696
170,520,696,878
170,520,696,619
170,520,696,1194
170,520,696,703
170,520,696,581
170,520,696,778
170,520,696,535
170,520,696,511
170,520,696,678
170,520,696,549
170,520,696,584
170,520,696,768
170,520,696,708
170,520,696,634
170,520,696,627
170,520,696,796
170,520,696,730
170,520,696,685
170,520,696,275
170,520,696,690
170,520,696,639
170,520,696,747
170,520,696,672
170,520,696,931
170,520,696,662
170,520,696,541
170,520,696,564
170,520,696,762
170,520,696,267
170,520,696,660
170,520,696,846
170,520,696,534
170,520,696,774
170,520,696,642
171,520,696,627
171,520,696,670
171,520,696,192
171,520,696,948
171,520,696,531
171,520,696,499
171,520,696,533
171,520,696,728
171,520,696,302
171,520,696,634
171,520,696,854
171,520,696,109
171,520,696,33
171,520,696,297
171,520,696,571
171,520,696,661
171,520,696,821
171,520,696,777
171,520,696,89
171,520,696,215
171,520,696,881
171,520,696,584
171,520,696,858
171,520,696,682
171,520,696,829
171,520,696,582
171,520,696,480
171,520,696,1217
171,520,696,930
171,520,696,990
171,520,696,62
171,520,696,604
171,520,696,630
171,520,696,823
171,520,696,744
171,520,696,784
171,520,696,666
171,520,696,622
171,520,696,588
171,520,696,621
171,520,696,456
171,520,696,542
171,520,696,650
171,520,696,962
171,520,696,547
171,520,696,696
171,520,696,712
171,520,696,479
171,520,696,651
171,520,696,1053
171,520,696,702
171,520,696,633
171,520,696,192
171,520,696,1108
171,520,696,518
171,520,696,587
171,520,696,939
171,520,696,48
171,520,696,738
171,520,696,647
171,520,696,528
171,520,696,479
171,520,696,538
171,520,696,860
171,520,696,879
171,520,696,548
171,520,696,487
171,520,696,658
171,520,696,569
171,520,696,1127
171,520,696,522
171,520,696,523
171,520,696,765
171,520,696,506
171,520,696,589
171,520,696,874
171,520,696,508
171,520,696,637
171,520,696,535
171,520,696,621
171,520,696,652
171,520,696,930
171,520,696,585
171,520,696,872
171,520,696,416
171,520,696,737
171,520,696,704
171,520,696,659
171,520,696,588
171,520,696,835
171,520,696,329
171,520,696,111
171,520,696,602
171,520,696,1033
171,520,696,99
171,520,696,591
171,520,696,566
171,520,696,697
171,520,696,102
171,520,696,387
171,520,696,114
171,520,696,542
171,520,696,95
171,520,696,544
171,520,696,516
171,520,696,492
171,520,696,324
171,520,696,834
171,520,696,611
171,520,696,423
171,520,696,600
171,520,696,606
171,520,696,935
171,520,696,722
171,520,696,859
171,520,696,683
171,520,696,220
171,520,696,703
171,520,696,879
171,520,696,464
171,520,696,677
171,520,696,775
171,520,696,1010
171,520,696,746
171,520,696,1046
171,520,696,1367
171,520,696,586
171,520,696,706
171,520,696,878
171,520,696,863
171,520,696,109
171,520,696,294
171,520,696,749
171,520,696,589
171,520,696,216
171,520,696,911
171,520,696,687
171,520,696,764
171,520,696,593
171,520,696,471
171,520,696,581
171,520,696,1267
171,520,696,804
171,520,696,827
171,520,696,775
171,520,696,81
171,520,696,842
171,520,696,810
171,520,696,548
171,520,696,498
171,520,696,100
171,520,696,527
171,520,696,554
171,520,696,860
171,520,696,154
171,520,696,518
172,256,320,243
172,256,320,1274
172,256,320,799
172,256,320,99
172,256,320,103
172,256,320,272
172,256,320,73
172,256,320,1512
172,256,320,1695
172,256,320,720
172,256,320,167
172,256,320,1279
172,256,320,1525
172,256,320,158
172,256,320,1053
173,512,640,328
173,512,640,1328
173,512,640,1318
173,512,640,415
173,512,640,482
173,512,640,567
173,512,640,1406
173,512,640,700
173,512,640,1258
173,512,640,1216
173,512,640,355
173,512,640,1317
173,512,640,1204
173,512,640,525
173,512,640,393
173,512,640,788
173,512,640,2316
173,512,640,1156
173,512,640,970
173,512,640,1727
173,512,640,2099
173,512,640,266
173,512,640,870
173,512,640,659
174,256,256,281
174,256,256,193
174,256,256,241
174,256,256,174
174,256,256,56
174,256,256,196
174,256,256,332
174,256,256,181
174,256,256,209
174,256,256,42
174,256,256,165
174,256,256,298
175,256,256,108
175,256,256,90
175,256,256,135
175,256,256,115
175,256,256,96
175,256,256,96
175,256,256,262
175,256,256,176
175,256,256,113
175,256,256,86
175,256,256,41
175,256,256,128
175,256,256,135
175,256,256,27
175,256,256,147
175,256,256,124
175,256,256,45
175,256,256,163
175,256,256,164
175,256,256,88
175,256,256,117
175,256,256,108
175,256,256,148
175,256,256,108
175,256,256,131
175,256,256,210
175,256,256,175
175,256,256,99
175,256,256,97
175,256,256,116
175,256,256,139
175,256,256,169
175,256,256,112
175,256,256,48
175,256,256,140
175,256,256,131
175,256,256,107
175,256,256,90
175,256,256,95
175,256,256,105
175,256,256,141
175,256,256,111
175,256,256,363
175,256,256,347
175,256,256,121
175,256,256,117
175,256,256,123
175,256,256,165
176,256,320,1343
176,256,320,705
176,256,320,1365
176,256,320,725
176,256,320,1278
176,256,320,1733
176,256,320,698
176,256,320,1210
176,256,320,267
176,256,320,896
176,256,320,207
176,256,320,831
177,256,320,344
177,256,320,586
177,256,320,1292
177,256,320,449
177,256,320,190
177,256,320,383
177,256,320,370
177,256,320,232
177,256,320,480
177,256,320,227
177,256,320,359
177,256,320,92
177,256,320,100
177,256,320,353
177,256,320,148
177,256,320,399
177,256,320,43
177,256,320,378
177,256,320,253
177,256,320,353
177,256,320,896
177,256,320,116
177,256,320,135
177,256,320,227
177,256,320,412
177,256,320,49
177,256,320,328
177,256,320,414
177,256,320,515
177,256,320,400
177,256,320,316
177,256,320,166
177,256,320,351
177,256,320,100
177,256,320,250
177,256,320,185
177,256,320,412
177,256,320,213
177,256,320,146
177,256,320,503
177,256,320,107
177,256,320,432
177,256,320,53
177,256,320,156
177,256,320,386
177,256,320,235
177,256,320,187
177,256,320,419
177,256,320,627
178,1024,1024,383
178,1024,1024,32
178,1024,1024,97
178,1024,1024,524
178,1024,1024,26
178,1024,1024,463
178,1024,1024,55
178,1024,1024,57
178,1024,1024,93
178,1024,1024,400
178,1024,1024,70
178,1024,1024,46
178,1024,1024,66
178,1024,1024,44
178,1024,1024,290
178,1024,1024,53
178,1024,1024,47
178,1024,1024,69
178,1024,1024,251
178,1024,1024,179
178,1024,1024,376
178,1024,1024,31
178,1024,1024,113
178,1024,1024,389
178,1024,1024,30
178,1024,1024,502
178,1024,1024,45
178,1024,1024,40
178,1024,1024,425
178,1024,1024,336
178,1024,1024,270
178,1024,1024,436
178,1024,1024,56
178,1024,1024,63
178,1024,1024,344
178,1024,1024,70
178,1024,1024,63
178,1024,1024,364
178,1024,1024,294
178,1024,1024,66
178,1024,1024,508
178,1024,1024,52
178,1024,1024,30
178,1024,1024,446
178,1024,1024,449
178,1024,1024,107
178,1024,1024,533
178,1024,1024,78
178,1024,1024,374
178,1024,1024,551
178,1024,1024,43
178,1024,1024,60
178,1024,1024,29
178,1024,1024,407
178,1024,1024,33
178,1024,1024,56
178,1024,1024,106
178,1024,1024,58
178,1024,1024,558
178,1024,1024,455
178,1024,1024,51
178,1024,1024,70
178,1024,1024,27
178,1024,1024,77
178,1024,1024,437
178,1024,1024,47
178,1024,1024,79
178,1024,1024,384
178,1024,1024,291
178,1024,1024,35
178,1024,1024,156
178,1024,1024,115
178,1024,1024,509
178,1024,1024,338
178,1024,1024,30
178,1024,1024,79
178,1024,1024,520
178,1024,1024,39
178,1024,1024,428
178,1024,1024,116
178,1024,1024,506
178,1024,1024,84
178,1024,1024,72
178,1024,1024,30
178,1024,1024,49
178,1024,1024,119
178,1024,1024,382
178,1024,1024,274
178,1024,1024,62
178,1024,1024,578
178,1024,1024,56
178,1024,1024,54
178,1024,1024,36
178,1024,1024,499
178,1024,1024,286
178,1024,1024,179
178,1024,1024,36
178,1024,1024,54
178,1024,1024,52
178,1024,1024,129
178,1024,1024,62
178,1024,1024,69
178,1024,1024,66
178,1024,1024,36
178,1024,1024,236
178,1024,1024,491
178,1024,1024,47
178,1024,1024,282
178,1024,1024,27
178,1024,1024,65
178,1024,1024,68
178,1024,1024,37
178,1024,1024,47
178,1024,1024,123
178,1024,1024,66
178,1024,1024,46
178,1024,1024,41
178,1024,1024,371
178,1024,1024,77
178,1024,1024,109
178,1024,1024,360
178,1024,1024,102
178,1024,1024,39
178,1024,1024,90
178,1024,1024,355
178,1024,1024,141
178,1024,1024,430
178,1024,1024,254
178,1024,1024,64
178,1024,1024,419
178,1024,1024,254
178,1024,1024,47
179,256,256,207
179,256,256,164
179,256,256,161
179,256,256,44
179,256,256,90
179,256,256,204
179,256,256,209
179,256,256,142
179,256,256,32
179,256,256,344
179,256,256,250
180,360,360,28
180,360,360,34
180,360,360,224
180,360,360,1601
180,360,360,2057
180,360,360,36
180,360,360,1264
180,360,360,49
180,360,360,43
180,360,360,620
180,360,360,2327
180,360,360,2071
180,360,360,3274
180,360,360,182
180,360,360,165
180,360,360,1889
180,360,360,1223
180,360,360,2639
180,360,360,2262
180,360,360,3087
180,360,360,71
180,360,360,1826
180,360,360,880
180,360,360,49
180,360,360,2357
180,360,360,1621
180,360,360,210
180,360,360,539
180,360,360,49
180,360,360,2180
180,360,360,64
181,520,696,2126
181,520,696,2139
181,520,696,662
181,520,696,1473
181,520,696,1236
181,520,696,1929
181,520,696,1712
181,520,696,1673
181,520,696,1286
181,520,696,2330
181,520,696,1994
181,520,696,2217
181,520,696,2182
181,520,696,221
181,520,696,1976
181,520,696,2235
181,520,696,909
181,520,696,1527
181,520,696,1868
181,520,696,1263
181,520,696,2101
181,520,696,2106
181,520,696,2154
182,256,320,965
182,256,320,778
182,256,320,983
182,256,320,1016
182,256,320,789
182,256,320,945
182,256,320,133
182,256,320,77
182,256,320,1594
182,256,320,2014
182,256,320,687
182,256,320,620
182,256,320,107
182,256,320,212
182,256,320,216
182,256,320,851
183,520,696,966
183,520,696,1161
183,520,696,2226
183,520,696,1221
183,520,696,1158
183,520,696,1442
183,520,696,1524
183,520,696,1697
183,520,696,2373
183,520,696,153
183,520,696,257
183,520,696,770
183,520,696,2956
183,520,696,40
183,520,696,2070
183,520,696,76
183,520,696,2363
183,520,696,411
183,520,696,352
183,520,696,2018
183,520,696,38
183,520,696,1203
183,520,696,71
183,520,696,41
183,520,696,871
183,520,696,2442
183,520,696,1953
183,520,696,1689
183,520,696,1943
183,520,696,919
183,520,696,741
183,520,696,2229
183,520,696,2373
183,520,696,1977
183,520,696,2013
183,520,696,48
183,520,696,1624
183,520,696,73
183,520,696,2225
183,520,696,2388
183,520,696,959
183,520,696,819
183,520,696,1775
183,520,696,295
183,520,696,2283
183,520,696,1406
183,520,696,1801
183,520,696,1369
183,520,696,1211
183,520,696,21
183,520,696,2431
183,520,696,2295
183,520,696,79
183,520,696,75
183,520,696,1862
183,520,696,2061
183,520,696,24
183,520,696,21
184,520,696,2271
184,520,696,1508
184,520,696,1187
184,520,696,2002
184,520,696,2022
184,520,696,2018
184,520,696,2543
184,520,696,1909
184,520,696,1980
184,520,696,30
184,520,696,1787
184,520,696,2068
184,520,696,2461
184,520,696,2323
184,520,696,1950
184,520,696,2791
184,520,696,1956
184,520,696,1276
184,520,696,1844
184,520,696,2287
184,520,696,787
184,520,696,595
184,520,696,789
184,520,696,2201
184,520,696,1503
184,520,696,1698
184,520,696,2067
184,520,696,1449
184,520,696,785
184,520,696,1844
184,520,696,1562
184,520,696,2490
184,520,696,2343
184,520,696,2032
185,256,256,274
185,256,256,229
185,256,256,348
185,256,256,367
185,256,256,190
185,256,256,352
185,256,256,219
185,256,256,21
185,256,256,349
185,256,256,352
185,256,256,449
185,256,256,376
185,256,256,328
185,256,256,281
185,256,256,349
185,256,256,283
185,256,256,109
185,256,256,45
185,256,256,315
185,256,256,334
185,256,256,198
185,256,256,26
185,256,256,55
185,256,256,462
185,256,256,331
185,256,256,265
185,256,256,284
185,256,256,316
185,256,256,211
185,256,256,465
185,256,256,98
185,256,256,394
185,256,256,302
185,256,256,119
185,256,256,312
185,256,256,147
185,256,256,450
185,256,256,486
185,256,256,93
185,256,256,287
185,256,256,252
185,256,256,51
185,256,256,342
185,256,256,181
186,256,256,264
186,256,256,328
186,256,256,198
186,256,256,351
186,256,256,359
186,256,256,404
186,256,256,440
186,256,256,249
186,256,256,752
186,256,256,242
186,256,256,387
186,256,256,278
186,256,256,289
186,256,256,83
186,256,256,378
186,256,256,354
186,256,256,75
186,256,256,204
186,256,256,316
186,256,256,47
186,256,256,423
186,256,256,272
186,256,256,718
186,256,256,384
186,256,256,374
186,256,256,269
186,256,256,247
186,256,256,596
186,256,256,190
186,256,256,200
186,256,256,370
186,256,256,356
186,256,256,282
186,256,256,232
187,256,320,616
187,256,320,453
187,256,320,167
187,256,320,598
187,256,320,265
187,256,320,358
187,256,320,115
187,256,320,696
187,256,320,413
187,256,320,574
187,256,320,343
187,256,320,324
187,256,320,220
187,256,320,350
187,256,320,701
187,256,320,449
187,256,320,401
187,256,320,510
187,256,320,247
187,256,320,252
187,256,320,532
187,256,320,186
187,256,320,288
187,256,320,273
187,256,320,734
187,256,320,461
187,256,320,358
187,256,320,281
187,256,320,499
187,256,320,191
187,256,320,423
187,256,320,418
187,256,320,347
187,256,320,238
187,256,320,315
187,256,320,188
187,256,320,512
187,256,320,465
187,256,320,398
187,256,320,498
187,256,320,303
187,256,320,516
187,256,320,425
187,256,320,215
187,256,320,1226
187,256,320,409
187,256,320,382
187,256,320,709
187,256,320,500
187,256,320,522
187,256,320,108
187,256,320,562
187,256,320,537
187,256,320,106
187,256,320,129
187,256,320,361
187,256,320,735
187,256,320,451
187,256,320,175
187,256,320,412
187,256,320,324
187,256,320,533
187,256,320,159
187,256,320,284
187,256,320,226
187,256,320,199
187,256,320,574
187,256,320,72
187,256,320,379
187,256,320,410
187,256,320,444
187,256,320,737
187,256,320,476
187,256,320,765
187,256,320,187
187,256,320,455
187,256,320,482
187,256,320,258
187,256,320,356
187,256,320,390
187,256,320,382
188,520,696,73
188,520,696,595
188,520,696,834
188,520,696,840
188,520,696,926
188,520,696,640
188,520,696,785
188,520,696,583
188,520,696,685
188,520,696,669
188,520,696,578
188,520,696,568
188,520,696,489
188,520,696,587
188,520,696,856
188,520,696,751
188,520,696,562
188,520,696,623
188,520,696,498
188,520,696,623
188,520,696,587
188,520,696,675
188,520,696,334
188,520,696,1247
188,520,696,552
188,520,696,528
188,520,696,378
188,520,696,717
188,520,696,910
188,520,696,632
188,520,696,514
188,520,696,598
188,520,696,699
188,520,696,449
188,520,696,663
188,520,696,717
188,520,696,641
188,520,696,766
188,520,696,712
188,520,696,676
188,520,696,681
188,520,696,485
188,520,696,868
188,520,696,614
188,520,696,571
188,520,696,896
188,520,696,879
188,520,696,590
188,520,696,976
188,520,696,736
188,520,696,633
188,520,696,501
188,520,696,116
188,520,696,561
188,520,696,770
188,520,696,130
188,520,696,926
188,520,696,556
188,520,696,526
188,520,696,508
188,520,696,573
188,520,696,672
188,520,696,646
188,520,696,662
188,520,696,383
188,520,696,170
188,520,696,671
188,520,696,682
188,520,696,786
188,520,696,595
188,520,696,827
188,520,696,1007
188,520,696,855
188,520,696,833
188,520,696,837
188,520,696,606
188,520,696,819
188,520,696,125
188,520,696,629
188,520,696,822
188,520,696,586
188,520,696,531
188,520,696,1007
188,520,696,874
188,520,696,850
188,520,696,525
188,520,696,613
188,520,696,152
188,520,696,550
188,520,696,523
188,520,696,661
188,520,696,699
188,520,696,605
188,520,696,652
188,520,696,415
188,520,696,575
188,520,696,697
188,520,696,617
188,520,696,754
188,520,696,588
188,520,696,320
188,520,696,549
188,520,696,448
188,520,696,725
188,520,696,362
188,520,696,759
188,520,696,633
188,520,696,649
188,520,696,507
188,520,696,793
188,520,696,982
188,520,696,671
188,520,696,51
188,520,696,599
188,520,696,394
188,520,696,333
188,520,696,545
188,520,696,571
188,520,696,324
188,520,696,552
188,520,696,648
188,520,696,688
188,520,696,953
188,520,696,680
188,520,696,707
188,520,696,661
188,520,696,775
188,520,696,657
188,520,696,961
188,520,696,421
188,520,696,167
188,520,696,910
188,520,696,1023
189,520,696,3084
189,520,696,121
189,520,696,359
189,520,696,269
189,520,696,817
189,520,696,2575
189,520,696,1553
189,520,696,3408
190,360,360,2136
190,360,360,3053
190,360,360,3342
190,360,360,1517
190,360,360,2790
190,360,360,3303
190,360,360,476
190,360,360,821
190,360,360,1241
190,360,360,2981
190,360,360,203
190,360,360,3366
190,360,360,2118
190,360,360,2658
190,360,360,71
190,360,360,3259
191,256,320,4018
191,256,320,1998
191,256,320,2109
191,256,320,3880
191,256,320,3686
191,256,320,3291
191,256,320,2381
191,256,320,607
191,256,320,885
191,256,320,830
191,256,320,703
191,256,320,2152
191,256,320,489
191,256,320,1976
191,256,320,2457
192,256,256,162
192,256,256,302
192,256,256,180
192,256,256,52
192,256,256,223
192,256,256,168
192,256,256,171
192,256,256,126
193,256,256,116
193,256,256,159
193,256,256,314
193,256,256,31
193,256,256,259
193,256,256,113
193,256,256,176
193,256,256,271
193,256,256,372
193,256,256,158
193,256,256,131
193,256,256,122
193,256,256,169
194,360,360,1944
194,360,360,1853
194,360,360,2949
194,360,360,1869
194,360,360,21
194,360,360,750
194,360,360,1419
194,360,360,3041
194,360,360,24
194,360,360,1484
194,360,360,2272
194,360,360,1762
194,360,360,2764
194,360,360,1101
194,360,360,2195
194,360,360,2195
194,360,360,2749
194,360,360,855
194,360,360,2676
194,360,360,964
194,360,360,226
194,360,360,605
195,520,696,847
195,520,696,472
195,520,696,885
195,520,696,652
195,520,696,944
195,520,696,764
195,520,696,749
195,520,696,530
195,520,696,103
195,520,696,401
195,520,696,614
195,520,696,1232
195,520,696,173
195,520,696,912
195,520,696,894
195,520,696,410
195,520,696,718
195,520,696,489
195,520,696,589
195,520,696,776
195,520,696,903
195,520,696,747
195,520,696,878
195,520,696,246
195,520,696,799
195,520,696,617
195,520,696,954
195,520,696,974
195,520,696,722
195,520,696,1845
195,520,696,610
195,520,696,142
195,520,696,546
195,520,696,355
195,520,696,632
195,520,696,473
195,520,696,721
195,520,696,1051
195,520,696,601
195,520,696,485
195,520,696,755
195,520,696,670
195,520,696,909
195,520,696,914
195,520,696,1051
195,520,696,1074
195,520,696,1239
195,520,696,825
195,520,696,1010
195,520,696,623
195,520,696,965
195,520,696,903
195,520,696,125
195,520,696,605
195,520,696,818
195,520,696,1087
195,520,696,964
195,520,696,701
195,520,696,830
195,520,696,784
195,520,696,998
195,520,696,683
195,520,696,624
195,520,696,678
195,520,696,751
195,520,696,137
195,520,696,679
195,520,696,633
195,520,696,786
195,520,696,890
196,256,256,394
196,256,256,211
196,256,256,288
196,256,256,108
196,256,256,233
196,256,256,439
196,256,256,136
196,256,256,319
196,256,256,181
196,256,256,447
196,256,256,148
196,256,256,78
196,256,256,303
196,256,256,195
196,256,256,167
196,256,256,227
196,256,256,164
196,256,256,67
196,256,256,257
196,256,256,461
196,256,256,175
196,256,256,198
196,256,256,94
196,256,256,186
196,256,256,392
196,256,256,268
196,256,256,169
196,256,256,224
196,256,256,120
196,256,256,280
196,256,256,53
196,256,256,67
196,256,256,271
196,256,256,227
196,256,256,182
196,256,256,395
196,256,256,194
196,256,256,223
196,256,256,188
196,256,256,255
196,256,256,172
196,256,256,317
196,256,256,184
196,256,256,145
196,256,256,156
196,256,256,155
196,256,256,371
196,256,256,97
196,256,256,251
196,256,256,143
196,256,256,271
196,256,256,161
196,256,256,271
197,256,320,560
197,256,320,158
197,256,320,164
197,256,320,189
197,256,320,221
197,256,320,527
197,256,320,675
197,256,320,352
197,256,320,164
197,256,320,22
197,256,320,564
197,256,320,417
197,256,320,349
197,256,320,347
197,256,320,730
197,256,320,405
197,256,320,460
197,256,320,347
197,256,320,218
197,256,320,374
197,256,320,378
197,256,320,314
197,256,320,141
197,256,320,383
197,256,320,480
197,256,320,538
197,256,320,651
197,256,320,274
197,256,320,58
197,256,320,354
198,256,256,62
198,256,256,153
198,256,256,160
198,256,256,269
198,256,256,21
198,256,256,162
198,256,256,160
198,256,256,147
198,256,256,291
198,256,256,142
198,256,256,21
198,256,256,70
198,256,256,175
198,256,256,33
198,256,256,184
198,256,256,64
199,256,256,110
199,256,256,110
199,256,256,71
199,256,256,53
199,256,256,65
199,256,256,50
199,256,256,207
199,256,256,53
199,256,256,57
199,256,256,64
199,256,256,89
199,256,256,56
199,256,256,54
199,256,256,64
199,256,256,119
199,256,256,136
199,256,256,69
199,256,256,108
199,256,256,122
199,256,256,44
199,256,256,61
199,256,256,62
200,360,360,1875
200,360,360,1998
200,360,360,2701
200,360,360,1876
200,360,360,1655
200,360,360,1723
200,360,360,2180
200,360,360,2534
200,360,360,134
200,360,360,335
200,360,360,872
200,360,360,484
200,360,360,495
200,360,360,1825
200,360,360,2109
200,360,360,125
200,360,360,1465
200,360,360,1499
200,360,360,2897
200,360,360,1515
200,360,360,1807
200,360,360,665
200,360,360,1603
201,256,256,160
201,256,256,120
201,256,256,50
201,256,256,410
201,256,256,108
201,256,256,95
201,256,256,309
201,256,256,67
201,256,256,286
201,256,256,256
201,256,256,381
201,256,256,301
201,256,256,274
201,256,256,366
201,256,256,654
201,256,256,417
201,256,256,21
201,256,256,233
201,256,256,273
201,256,256,300
201,256,256,23
201,256,256,463
201,256,256,134
201,256,256,159
201,256,256,181
201,256,256,197
201,256,256,384
201,256,256,379
201,256,256,329
201,256,256,360
201,256,256,21
201,256,256,273
201,256,256,178
201,256,256,374
201,256,256,21
201,256,256,337
201,256,256,285
201,256,256,61
201,256,256,308
201,256,256,224
201,256,256,21
201,256,256,199
201,256,256,323
201,256,256,312
201,256,256,48
201,256,256,327
201,256,256,277
201,256,256,278
201,256,256,67
201,256,256,116
201,256,256,21
201,256,256,200
201,256,256,354
201,256,256,520
201,256,256,196
201,256,256,324
201,256,256,625
201,256,256,211
201,256,256,301
201,256,256,218
201,256,256,236
201,256,256,287
201,256,256,237
201,256,256,21
201,256,256,343
201,256,256,261
201,256,256,265
201,256,256,428
201,256,256,347
201,256,256,21
201,256,256,203
201,256,256,301
201,256,256,21
201,256,256,505
201,256,256,77
201,256,256,447
201,256,256,290
201,256,256,369
201,256,256,743
202,256,320,142
202,256,320,28
202,256,320,360
202,256,320,136
202,256,320,452
202,256,320,216
202,256,320,53
202,256,320,104
202,256,320,289
202,256,320,107
202,256,320,184
202,256,320,55
202,256,320,209
202,256,320,35
202,256,320,303
202,256,320,149
202,256,320,88
202,256,320,234
202,256,320,155
202,256,320,184
202,256,320,145
202,256,320,266
202,256,320,229
202,256,320,110
202,256,320,281
202,256,320,103
202,256,320,356
202,256,320,195
202,256,320,149
202,256,320,120
202,256,320,210
202,256,320,305
202,256,320,170
202,256,320,217
202,256,320,449
202,256,320,119
202,256,320,47
203,256,320,236
203,256,320,328
203,256,320,59
203,256,320,634
203,256,320,506
203,256,320,235
203,256,320,370
203,256,320,203
203,256,320,256
203,256,320,599
203,256,320,123
203,256,320,384
203,256,320,321
204,520,696,2417
204,520,696,412
204,520,696,1862
204,520,696,2521
204,520,696,2237
204,520,696,1757
204,520,696,77
204,520,696,54
204,520,696,29
204,520,696,26
204,520,696,1599
204,520,696,1753
204,520,696,58
204,520,696,1926
204,520,696,1698
204,520,696,635
204,520,696,2196
204,520,696,2536
204,520,696,2419
204,520,696,1151
204,520,696,1847
204,520,696,25
204,520,696,658
204,520,696,2613
204,520,696,2066
204,520,696,2260
204,520,696,1647
204,520,696,1147
204,520,696,2439
204,520,696,1837
204,520,696,1706
204,520,696,2007
204,520,696,1844
204,520,696,1594
204,520,696,2006
204,520,696,2368
205,256,320,169
205,256,320,228
205,256,320,399
205,256,320,339
205,256,320,58
205,256,320,256
205,256,320,42
205,256,320,272
205,256,320,52
205,256,320,498
205,256,320,336
205,256,320,164
205,256,320,437
205,256,320,291
205,256,320,576
205,256,320,204
205,256,320,127
205,256,320,178
205,256,320,88
205,256,320,487
205,256,320,193
205,256,320,412
205,256,320,243
205,256,320,570
205,256,320,323
205,256,320,402
205,256,320,366
205,256,320,287
205,256,320,635
205,256,320,413
205,256,320,90
205,256,320,299
205,256,320,210
205,256,320,34
205,256,320,195
205,256,320,388
205,256,320,242
205,256,320,218
205,256,320,182
205,256,320,204
205,256,320,435
205,256,320,225
205,256,320,241
205,256,320,423
205,256,320,292
205,256,320,694
205,256,320,70
205,256,320,107
205,256,320,146
205,256,320,256
205,256,320,454
205,256,320,65
205,256,320,82
205,256,320,214
205,256,320,801
205,256,320,65
205,256,320,343
205,256,320,186
205,256,320,151
205,256,320,28
205,256,320,224
205,256,320,682
205,256,320,83
205,256,320,818
205,256,320,136
205,256,320,240
205,256,320,327
205,256,320,305
205,256,320,840
205,256,320,163
205,256,320,409
205,256,320,211
205,256,320,21
205,256,320,735
205,256,320,310
205,256,320,165
205,256,320,63
205,256,320,419
205,256,320,448
205,256,320,323
205,256,320,428
205,256,320,185
205,256,320,344
205,256,320,85
205,256,320,487
205,256,320,340
205,256,320,454
205,256,320,188
205,256,320,572
205,256,320,368
205,256,320,337
205,256,320,227
205,256,320,479
205,256,320,525
205,256,320,211
205,256,320,218
205,256,320,111
205,256,320,436
206,520,696,518
206,520,696,686
206,520,696,1080
206,520,696,616
206,520,696,602
206,520,696,1156
206,520,696,724
206,520,696,486
206,520,696,580
206,520,696,606
206,520,696,465
206,520,696,780
206,520,696,487
206,520,696,522
206,520,696,773
206,520,696,401
206,520,696,764
206,520,696,740
206,520,696,620
206,520,696,727
206,520,696,466
206,520,696,595
206,520,696,598
206,520,696,36
206,520,696,394
206,520,696,600
206,520,696,481
206,520,696,288
206,520,696,714
206,520,696,670
206,520,696,754
206,520,696,1085
206,520,696,812
206,520,696,549
206,520,696,649
206,520,696,599
206,520,696,732
206,520,696,839
206,520,696,698
206,520,696,603
206,520,696,739
206,520,696,700
206,520,696,652
206,520,696,71
206,520,696,639
206,520,696,713
206,520,696,537
206,520,696,92
206,520,696,455
206,520,696,627
206,520,696,558
206,520,696,744
206,520,696,800
206,520,696,210
206,520,696,855
206,520,696,634
206,520,696,842
206,520,696,73
206,520,696,456
206,520,696,763
206,520,696,691
206,520,696,140
206,520,696,669
206,520,696,573
206,520,696,1000
206,520,696,706
206,520,696,932
206,520,696,642
206,520,696,837
206,520,696,93
206,520,696,608
206,520,696,514
206,520,696,639
206,520,696,932
206,520,696,444
206,520,696,622
206,520,696,238
206,520,696,861
206,520,696,1171
206,520,696,587
206,520,696,722
206,520,696,528
206,520,696,60
206,520,696,470
206,520,696,654
206,520,696,634
206,520,696,442
206,520,696,597
206,520,696,613
206,520,696,326
206,520,696,130
206,520,696,561
206,520,696,886
206,520,696,884
206,520,696,676
206,520,696,777
206,520,696,574
206,520,696,443
206,520,696,667
206,520,696,563
206,520,696,1089
206,520,696,843
206,520,696,214
206,520,696,812
206,520,696,803
206,520,696,524
206,520,696,890
206,520,696,741
206,520,696,527
206,520,696,556
206,520,696,1601
206,520,696,752
206,520,696,106
206,520,696,429
206,520,696,785
206,520,696,620
206,520,696,572
206,520,696,721
206,520,696,977
207,256,256,171
207,256,256,165
207,256,256,69
207,256,256,178
207,256,256,42
207,256,256,126
207,256,256,85
207,256,256,67
207,256,256,27
207,256,256,70
207,256,256,181
207,256,256,73
207,256,256,95
207,256,256,226
207,256,256,64
207,256,256,219
207,256,256,103
207,256,256,136
207,256,256,237
207,256,256,83
207,256,256,130
207,256,256,73
207,256,256,66
207,256,256,121
207,256,256,76
207,256,256,51
207,256,256,33
207,256,256,222
208,256,256,341
208,256,256,426
208,256,256,200
208,256,256,258
208,256,256,304
208,256,256,276
208,256,256,173
208,256,256,407
208,256,256,134
208,256,256,303
208,256,256,358
208,256,256,399
208,256,256,46
208,256,256,254
208,256,256,295
208,256,256,36
208,256,256,234
208,256,256,391
208,256,256,340
208,256,256,221
208,256,256,365
208,256,256,155
208,256,256,476
208,256,256,201
208,256,256,351
208,256,256,313
208,256,256,293
208,256,256,361
208,256,256,344
208,256,256,177
208,256,256,142
208,256,256,366
208,256,256,211
208,256,256,169
208,256,256,411
208,256,256,365
208,256,256,358
208,256,256,380
208,256,256,277
208,256,256,333
208,256,256,266
208,256,256,529
208,256,256,384
208,256,256,585
208,256,256,287
208,256,256,38
208,256,256,366
208,256,256,273
208,256,256,271
209,256,320,702
209,256,320,1498
209,256,320,1875
209,256,320,807
209,256,320,104
209,256,320,2184
209,256,320,844
209,256,320,220
209,256,320,964
209,256,320,1371
209,256,320,1788
209,256,320,394
209,256,320,496
209,256,320,1117
209,256,320,1773
210,520,696,465
210,520,696,365
210,520,696,481
210,520,696,570
210,520,696,516
210,520,696,358
210,520,696,254
210,520,696,571
210,520,696,393
210,520,696,542
210,520,696,305
210,520,696,264
210,520,696,312
210,520,696,569
210,520,696,493
210,520,696,23
210,520,696,589
210,520,696,411
210,520,696,437
210,520,696,142
210,520,696,503
210,520,696,613
210,520,696,35
210,520,696,530
210,520,696,377
210,520,696,350
210,520,696,665
210,520,696,483
210,520,696,446
210,520,696,506
210,520,696,518
210,520,696,518
210,520,696,218
210,520,696,202
210,520,696,33
210,520,696,85
210,520,696,568
210,520,696,691
210,520,696,238
210,520,696,699
210,520,696,160
210,520,696,439
210,520,696,592
210,520,696,495
210,520,696,318
210,520,696,391
210,520,696,630
210,520,696,490
210,520,696,474
210,520,696,531
210,520,696,457
210,520,696,440
210,520,696,574
210,520,696,344
210,520,696,532
210,520,696,542
210,520,696,244
210,520,696,292
210,520,696,490
210,520,696,528
210,520,696,546
210,520,696,413
210,520,696,407
210,520,696,406
210,520,696,414
210,520,696,404
210,520,696,32
210,520,696,372
210,520,696,355
210,520,696,425
210,520,696,541
210,520,696,435
210,520,696,520
210,520,696,496
210,520,696,403
210,520,696,312
210,520,696,525
210,520,696,305
210,520,696,201
210,520,696,34
210,520,696,433
210,520,696,381
210,520,696,415
210,520,696,494
210,520,696,255
210,520,696,281
210,520,696,276
210,520,696,278
210,520,696,476
210,520,696,539
210,520,696,580
210,520,696,415
210,520,696,369
210,520,696,547
210,520,696,189
210,520,696,219
210,520,696,559
210,520,696,148
210,520,696,229
210,520,696,653
210,520,696,244
210,520,696,527
210,520,696,502
210,520,696,619
210,520,696,407
210,520,696,347
210,520,696,347
210,520,696,478
210,520,696,230
210,520,696,557
210,520,696,563
210,520,696,193
210,520,696,389
210,520,696,565
210,520,696,359
210,520,696,446
210,520,696,344
210,520,696,439
210,520,696,568
210,520,696,532
210,520,696,617
210,520,696,404
210,520,696,608
210,520,696,485
210,520,696,507
210,520,696,412
210,520,696,235
210,520,696,440
210,520,696,394
210,520,696,212
210,520,696,287
210,520,696,488
210,520,696,501
210,520,696,528
210,520,696,656
210,520,696,329
210,520,696,25
210,520,696,454
210,520,696,637
210,520,696,570
210,520,696,536
210,520,696,664
210,520,696,413
210,520,696,305
210,520,696,144
210,520,696,227
210,520,696,497
210,520,696,495
210,520,696,264
210,520,696,412
210,520,696,294
210,520,696,751
210,520,696,464
210,520,696,591
210,520,696,25
210,520,696,266
210,520,696,443
210,520,696,90
210,520,696,520
210,520,696,414
210,520,696,181
210,520,696,109
210,520,696,501
210,520,696,410
210,520,696,718
210,520,696,633
210,520,696,588
210,520,696,500
210,520,696,247
210,520,696,155
210,520,696,356
210,520,696,392
210,520,696,440
210,520,696,563
210,520,696,653
210,520,696,595
210,520,696,496
210,520,696,534
210,520,696,467
210,520,696,469
210,520,696,359
210,520,696,229
210,520,696,537
211,1024,1024,66
211,1024,1024,81
211,1024,1024,146
211,1024,1024,196
211,1024,1024,318
211,1024,1024,55
211,1024,1024,458
211,1024,1024,49
211,1024,1024,247
211,1024,1024,62
211,1024,1024,118
211,1024,1024,319
211,1024,1024,313
211,1024,1024,42
211,1024,1024,77
211,1024,1024,98
211,1024,1024,71
211,1024,1024,32
211,1024,1024,76
211,1024,1024,378
211,1024,1024,90
211,1024,1024,187
211,1024,1024,37
211,1024,1024,164
211,1024,1024,201
211,1024,1024,232
211,1024,1024,148
211,1024,1024,44
211,1024,1024,86
211,1024,1024,70
211,1024,1024,50
211,1024,1024,74
211,1024,1024,268
211,1024,1024,55
211,1024,1024,142
211,1024,1024,26
211,1024,1024,368
211,1024,1024,66
211,1024,1024,39
211,1024,1024,475
211,1024,1024,73
211,1024,1024,82
211,1024,1024,162
211,1024,1024,104
211,1024,1024,67
211,1024,1024,57
211,1024,1024,67
211,1024,1024,108
211,1024,1024,124
211,1024,1024,54
211,1024,1024,103
211,1024,1024,53
211,1024,1024,536
211,1024,1024,223
211,1024,1024,199
211,1024,1024,66
211,1024,1024,83
211,1024,1024,407
211,1024,1024,36
211,1024,1024,56
211,1024,1024,425
211,1024,1024,61
211,1024,1024,332
211,1024,1024,193
211,1024,1024,25
211,1024,1024,508
211,1024,1024,213
211,1024,1024,53
211,1024,1024,99
211,1024,1024,54
211,1024,1024,406
211,1024,1024,229
211,1024,1024,45
211,1024,1024,94
211,1024,1024,407
211,1024,1024,252
211,1024,1024,392
211,1024,1024,441
211,1024,1024,89
211,1024,1024,82
211,1024,1024,325
211,1024,1024,37
211,1024,1024,46
211,1024,1024,60
211,1024,1024,170
211,1024,1024,221
211,1024,1024,25
211,1024,1024,46
211,1024,1024,58
211,1024,1024,47
211,1024,1024,366
211,1024,1024,35
211,1024,1024,37
211,1024,1024,517
211,1024,1024,82
211,1024,1024,44
211,1024,1024,158
211,1024,1024,55
211,1024,1024,206
211,1024,1024,39
211,1024,1024,68
211,1024,1024,114
211,1024,1024,46
211,1024,1024,54
211,1024,1024,66
211,1024,1024,191
211,1024,1024,114
211,1024,1024,98
211,1024,1024,164
211,1024,1024,153
211,1024,1024,60
211,1024,1024,27
211,1024,1024,99
211,1024,1024,38
211,1024,1024,143
211,1024,1024,57
211,1024,1024,24
211,1024,1024,57
211,1024,1024,69
211,1024,1024,65
211,1024,1024,60
211,1024,1024,47
211,1024,1024,58
211,1024,1024,88
211,1024,1024,312
211,1024,1024,90
211,1024,1024,160
211,1024,1024,34
211,1024,1024,186
211,1024,1024,187
211,1024,1024,245
211,1024,1024,50
211,1024,1024,78
211,1024,1024,33
211,1024,1024,167
211,1024,1024,32
212,520,696,1687
212,520,696,2090
212,520,696,406
212,520,696,1255
212,520,696,2256
212,520,696,309
212,520,696,36
212,520,696,42
212,520,696,34
212,520,696,2695
212,520,696,1564
212,520,696,1897
212,520,696,785
212,520,696,2187
212,520,696,2330
212,520,696,403
212,520,696,2331
212,520,696,2182
212,520,696,1635
212,520,696,1778
212,520,696,34
212,520,696,2275
212,520,696,1750
212,520,696,1226
212,520,696,2831
212,520,696,1532
212,520,696,2454
212,520,696,151
212,520,696,2128
212,520,696,1805
212,520,696,1929
212,520,696,2164
212,520,696,1350
212,520,696,2289
212,520,696,2900
212,520,696,2886
212,520,696,2363
212,520,696,41
212,520,696,97
212,520,696,1512
212,520,696,1981
212,520,696,166
212,520,696,1598
213,256,320,317
213,256,320,237
213,256,320,409
213,256,320,182
213,256,320,368
213,256,320,179
213,256,320,404
213,256,320,360
213,256,320,365
213,256,320,460
213,256,320,120
213,256,320,202
213,256,320,387
213,256,320,512
213,256,320,112
213,256,320,316
213,256,320,289
213,256,320,249
213,256,320,281
213,256,320,260
213,256,320,62
213,256,320,246
213,256,320,337
213,256,320,281
213,256,320,252
213,256,320,166
213,256,320,512
214,256,320,538
214,256,320,149
214,256,320,332
214,256,320,376
214,256,320,345
214,256,320,126
214,256,320,86
214,256,320,1031
214,256,320,123
214,256,320,301
214,256,320,305
214,256,320,515
214,256,320,325
214,256,320,173
214,256,320,467
214,256,320,407
214,256,320,323
214,256,320,430
214,256,320,315
214,256,320,385
214,256,320,126
214,256,320,132
214,256,320,521
214,256,320,168
214,256,320,145
214,256,320,25
214,256,320,469
214,256,320,1229
214,256,320,227
214,256,320,398
214,256,320,242
214,256,320,154
214,256,320,193
214,256,320,40
214,256,320,292
214,256,320,258
214,256,320,535
214,256,320,433
214,256,320,460
214,256,320,223
214,256,320,159
214,256,320,325
214,256,320,1364
214,256,320,75
214,256,320,505
214,256,320,214
215,520,696,29
215,520,696,2144
215,520,696,33
215,520,696,94
215,520,696,1870
215,520,696,2013
215,520,696,1900
215,520,696,1804
215,520,696,2024
215,520,696,1352
215,520,696,2152
215,520,696,2034
215,520,696,117
215,520,696,1910
215,520,696,1879
215,520,696,1925
215,520,696,1269
215,520,696,1043
215,520,696,2094
215,520,696,2278
215,520,696,1457
215,520,696,787
215,520,696,2238
215,520,696,2745
215,520,696,170
215,520,696,1273
215,520,696,1948
215,520,696,920
215,520,696,445
215,520,696,836
215,520,696,24
215,520,696,2437
215,520,696,652
215,520,696,1666
215,520,696,1940
215,520,696,953
215,520,696,2052
215,520,696,2620
215,520,696,3698
215,520,696,26
215,520,696,24
215,520,696,2036
215,520,696,1688
215,520,696,1398
215,520,696,1215
215,520,696,1591
215,520,696,1344
215,520,696,411
216,256,256,215
216,256,256,168
216,256,256,99
216,256,256,137
216,256,256,234
216,256,256,279
217,360,360,643
217,360,360,99
217,360,360,2080
217,360,360,1642
217,360,360,1394
217,360,360,295
217,360,360,356
217,360,360,525
217,360,360,96
217,360,360,62
217,360,360,2343
217,360,360,2838
217,360,360,783
217,360,360,50
217,360,360,2008
217,360,360,1673
217,360,360,3436
217,360,360,51
217,360,360,1865
217,360,360,1989
217,360,360,2045
217,360,360,2391
218,360,360,1408
218,360,360,1494
218,360,360,2500
218,360,360,2375
218,360,360,1050
218,360,360,371
218,360,360,2381
218,360,360,2906
218,360,360,1885
218,360,360,2142
218,360,360,3373
218,360,360,3156
218,360,360,1069
218,360,360,125
218,360,360,2908
218,360,360,683
218,360,360,3024
218,360,360,2059
218,360,360,1737
218,360,360,47
218,360,360,1173
219,360,360,2444
219,360,360,1850
219,360,360,49
219,360,360,376
219,360,360,1793
219,360,360,2086
219,360,360,3182
219,360,360,5513
219,360,360,3016
219,360,360,1196
219,360,360,799
219,360,360,1412
219,360,360,144
219,360,360,1986
219,360,360,438
219,360,360,1979
219,360,360,845
219,360,360,2396
219,360,360,2579
219,360,360,238
219,360,360,533
219,360,360,2052
220,256,256,166
220,256,256,278
220,256,256,284
220,256,256,111
220,256,256,135
220,256,256,320
220,256,256,115
220,256,256,159
221,256,320,1418
221,256,320,1350
221,256,320,417
221,256,320,1221
221,256,320,57
221,256,320,1256
221,256,320,325
221,256,320,153
221,256,320,1513
221,256,320,2895
221,256,320,991
221,256,320,1388
221,256,320,255
221,256,320,2115
221,256,320,744
221,256,320,3219
221,256,320,1168
221,256,320,519
221,256,320,3807
221,256,320,2152
221,256,320,2342
221,256,320,1517
221,256,320,2582
221,256,320,2720
221,256,320,1173
222,603,1272,339
222,603,1272,334
222,603,1272,425
222,603,1272,317
222,603,1272,280
222,603,1272,394
222,603,1272,266
222,603,1272,78
222,603,1272,144
222,603,1272,421
222,603,1272,108
222,603,1272,292
222,603,1272,306
222,603,1272,343
222,603,1272,157
222,603,1272,298
222,603,1272,408
222,603,1272,383
222,603,1272,95
222,603,1272,487
222,603,1272,373
222,603,1272,240
222,603,1272,289
222,603,1272,390
222,603,1272,407
222,603,1272,376
222,603,1272,327
222,603,1272,400
222,603,1272,364
222,603,1272,269
222,603,1272,297
222,603,1272,397
222,603,1272,361
222,603,1272,362
222,603,1272,166
222,603,1272,386
222,603,1272,155
222,603,1272,317
222,603,1272,269
222,603,1272,117
222,603,1272,304
222,603,1272,313
222,603,1272,412
222,603,1272,511
222,603,1272,269
222,603,1272,39
222,603,1272,429
222,603,1272,347
222,603,1272,430
222,603,1272,407
222,603,1272,435
222,603,1272,320
222,603,1272,195
222,603,1272,363
222,603,1272,66
222,603,1272,238
222,603,1272,107
222,603,1272,203
222,603,1272,459
222,603,1272,415
222,603,1272,64
222,603,1272,271
222,603,1272,347
222,603,1272,75
222,603,1272,307
222,603,1272,342
222,603,1272,211
222,603,1272,265
222,603,1272,432
222,603,1272,334
222,603,1272,428
222,603,1272,131
222,603,1272,149
222,603,1272,123
222,603,1272,269
222,603,1272,344
222,603,1272,297
222,603,1272,190
222,603,1272,493
222,603,1272,300
222,603,1272,422
222,603,1272,254
222,603,1272,466
222,603,1272,331
222,603,1272,186
222,603,1272,343
222,603,1272,340
222,603,1272,297
222,603,1272,75
222,603,1272,109
222,603,1272,184
222,603,1272,401
222,603,1272,76
222,603,1272,249
222,603,1272,269
222,603,1272,294
222,603,1272,118
222,603,1272,200
222,603,1272,335
222,603,1272,261
222,603,1272,372
222,603,1272,367
222,603,1272,269
222,603,1272,307
222,603,1272,342
222,603,1272,160
222,603,1272,51
222,603,1272,223
222,603,1272,372
222,603,1272,223
222,603,1272,350
222,603,1272,472
222,603,1272,319
222,603,1272,339
222,603,1272,397
222,603,1272,169
222,603,1272,149
222,603,1272,460
222,603,1272,302
222,603,1272,451
222,603,1272,287
222,603,1272,230
222,603,1272,358
222,603,1272,181
222,603,1272,389
222,603,1272,126
222,603,1272,322
222,603,1272,604
222,603,1272,350
222,603,1272,173
222,603,1272,28
222,603,1272,391
222,603,1272,359
222,603,1272,76
222,603,1272,331
222,603,1272,367
222,603,1272,470
222,603,1272,326
222,603,1272,37
222,603,1272,297
222,603,1272,317
222,603,1272,387
222,603,1272,295
222,603,1272,438
222,603,1272,259
222,603,1272,60
222,603,1272,301
222,603,1272,466
222,603,1272,347
222,603,1272,514
222,603,1272,434
222,603,1272,283
222,603,1272,387
222,603,1272,126
222,603,1272,421
222,603,1272,70
222,603,1272,138
222,603,1272,200
222,603,1272,290
222,603,1272,99
222,603,1272,196
222,603,1272,392
222,603,1272,326
222,603,1272,98
222,603,1272,301
222,603,1272,316
222,603,1272,312
222,603,1272,75
222,603,1272,84
222,603,1272,323
222,603,1272,401
222,603,1272,167
222,603,1272,477
222,603,1272,407
222,603,1272,34
222,603,1272,52
222,603,1272,456
222,603,1272,479
222,603,1272,571
222,603,1272,407
222,603,1272,70
222,603,1272,40
222,603,1272,419
222,603,1272,315
222,603,1272,84
222,603,1272,297
222,603,1272,289
222,603,1272,436
222,603,1272,327
222,603,1272,156
222,603,1272,294
222,603,1272,247
222,603,1272,230
222,603,1272,277
222,603,1272,64
222,603,1272,24
223,520,696,29
223,520,696,639
223,520,696,518
223,520,696,695
223,520,696,807
223,520,696,365
223,520,696,717
223,520,696,929
223,520,696,749
223,520,696,758
223,520,696,527
223,520,696,787
223,520,696,637
223,520,696,1138
223,520,696,528
223,520,696,943
223,520,696,954
223,520,696,878
223,520,696,664
223,520,696,557
223,520,696,727
223,520,696,687
223,520,696,1067
223,520,696,307
223,520,696,785
223,520,696,646
223,520,696,853
223,520,696,533
223,520,696,810
223,520,696,225
223,520,696,759
223,520,696,759
223,520,696,904
223,520,696,691
223,520,696,817
223,520,696,947
223,520,696,854
223,520,696,372
223,520,696,718
223,520,696,667
223,520,696,738
223,520,696,882
223,520,696,747
223,520,696,692
223,520,696,1043
223,520,696,964
223,520,696,1046
223,520,696,86
223,520,696,100
223,520,696,684
223,520,696,709
223,520,696,856
223,520,696,1091
223,520,696,591
223,520,696,1251
223,520,696,1056
223,520,696,770
223,520,696,705
223,520,696,783
223,520,696,665
223,520,696,408
223,520,696,934
223,520,696,932
223,520,696,757
223,520,696,354
223,520,696,587
223,520,696,436
223,520,696,734
223,520,696,832
223,520,696,672
223,520,696,870
223,520,696,806
223,520,696,1014
223,520,696,439
223,520,696,701
223,520,696,495
223,520,696,143
223,520,696,77
223,520,696,605
223,520,696,588
223,520,696,82
223,520,696,768
223,520,696,521
223,520,696,470
223,520,696,667
223,520,696,631
223,520,696,1059
223,520,696,511
223,520,696,714
223,520,696,748
223,520,696,571
223,520,696,760
223,520,696,850
223,520,696,601
223,520,696,587
223,520,696,811
223,520,696,750
223,520,696,1016
223,520,696,285
223,520,696,502
223,520,696,663
223,520,696,508
223,520,696,539
223,520,696,846
223,520,696,1395
223,520,696,1062
223,520,696,214
223,520,696,584
223,520,696,645
223,520,696,859
223,520,696,715
223,520,696,1155
223,520,696,183
223,520,696,762
223,520,696,643
223,520,696,535
223,520,696,824
223,520,696,606
223,520,696,721
223,520,696,994
223,520,696,705
223,520,696,974
223,520,696,777
224,256,256,219
224,256,256,43
224,256,256,247
224,256,256,144
224,256,256,151
224,256,256,180
224,256,256,168
224,256,256,184
225,1024,1024,604
225,1024,1024,332
225,1024,1024,348
225,1024,1024,71
225,1024,1024,64
225,1024,1024,163
225,1024,1024,502
225,1024,1024,499
225,1024,1024,111
225,1024,1024,206
225,1024,1024,56
225,1024,1024,45
225,1024,1024,114
225,1024,1024,520
225,1024,1024,277
225,1024,1024,45
225,1024,1024,326
225,1024,1024,450
225,1024,1024,58
225,1024,1024,158
225,1024,1024,26
225,1024,1024,63
225,1024,1024,387
225,1024,1024,533
225,1024,1024,45
225,1024,1024,459
225,1024,1024,73
225,1024,1024,375
225,1024,1024,407
225,1024,1024,361
225,1024,1024,97
225,1024,1024,685
225,1024,1024,53
225,1024,1024,305
225,1024,1024,571
225,1024,1024,364
225,1024,1024,39
225,1024,1024,440
225,1024,1024,470
225,1024,1024,274
225,1024,1024,75
225,1024,1024,506
225,1024,1024,68
225,1024,1024,57
225,1024,1024,508
225,1024,1024,415
225,1024,1024,492
225,1024,1024,409
225,1024,1024,449
225,1024,1024,358
225,1024,1024,523
225,1024,1024,25
225,1024,1024,470
225,1024,1024,407
225,1024,1024,487
225,1024,1024,444
225,1024,1024,284
225,1024,1024,37
225,1024,1024,61
225,1024,1024,53
225,1024,1024,55
225,1024,1024,369
225,1024,1024,459
225,1024,1024,493
225,1024,1024,314
225,1024,1024,60
225,1024,1024,61
225,1024,1024,42
225,1024,1024,443
225,1024,1024,56
225,1024,1024,44
225,1024,1024,439
225,1024,1024,402
226,520,696,440
226,520,696,339
226,520,696,206
226,520,696,369
226,520,696,594
226,520,696,646
226,520,696,471
226,520,696,460
226,520,696,512
226,520,696,174
226,520,696,111
226,520,696,240
226,520,696,315
226,520,696,299
226,520,696,481
226,520,696,309
226,520,696,28
226,520,696,485
226,520,696,340
226,520,696,399
226,520,696,390
226,520,696,466
226,520,696,305
226,520,696,358
226,520,696,256
226,520,696,451
226,520,696,177
226,520,696,470
226,520,696,513
226,520,696,658
226,520,696,465
226,520,696,545
226,520,696,427
226,520,696,307
226,520,696,408
226,520,696,70
226,520,696,366
226,520,696,535
226,520,696,399
226,520,696,220
226,520,696,386
226,520,696,526
226,520,696,552
226,520,696,381
226,520,696,576
226,520,696,449
226,520,696,628
226,520,696,424
226,520,696,394
226,520,696,494
226,520,696,495
226,520,696,322
226,520,696,497
226,520,696,453
226,520,696,535
226,520,696,660
226,520,696,413
226,520,696,477
226,520,696,502
226,520,696,256
226,520,696,363
226,520,696,518
226,520,696,260
226,520,696,218
226,520,696,591
226,520,696,515
226,520,696,583
226,520,696,529
226,520,696,179
226,520,696,359
226,520,696,311
226,520,696,437
226,520,696,496
226,520,696,555
226,520,696,556
226,520,696,465
226,520,696,680
226,520,696,551
226,520,696,377
226,520,696,485
226,520,696,381
226,520,696,497
226,520,696,399
226,520,696,240
226,520,696,569
226,520,696,445
226,520,696,327
226,520,696,529
226,520,696,559
226,520,696,437
226,520,696,419
226,520,696,540
226,520,696,464
226,520,696,296
226,520,696,348
226,520,696,375
226,520,696,69
226,520,696,536
226,520,696,219
226,520,696,571
226,520,696,361
226,520,696,351
226,520,696,493
226,520,696,366
226,520,696,28
226,520,696,288
226,520,696,382
226,520,696,744
226,520,696,373
226,520,696,563
226,520,696,535
226,520,696,680
226,520,696,390
226,520,696,674
226,520,696,529
226,520,696,611
226,520,696,522
226,520,696,192
226,520,696,360
226,520,696,541
226,520,696,506
226,520,696,418
226,520,696,480
226,520,696,555
226,520,696,608
226,520,696,341
226,520,696,440
226,520,696,454
226,520,696,400
226,520,696,606
226,520,696,559
226,520,696,480
226,520,696,339
226,520,696,449
226,520,696,509
226,520,696,463
226,520,696,511
226,520,696,632
226,520,696,491
226,520,696,448
226,520,696,368
226,520,696,173
226,520,696,528
226,520,696,430
226,520,696,441
226,520,696,528
226,520,696,352
226,520,696,400
226,520,696,118
226,520,696,434
226,520,696,446
226,520,696,364
226,520,696,356
226,520,696,412
226,520,696,395
226,520,696,475
226,520,696,576
226,520,696,486
226,520,696,552
226,520,696,436
226,520,696,478
226,520,696,355
226,520,696,246
226,520,696,206
226,520,696,534
226,520,696,311
226,520,696,541
226,520,696,128
226,520,696,317
226,520,696,270
226,520,696,651
226,520,696,101
226,520,696,376
226,520,696,437
226,520,696,554
226,520,696,356
226,520,696,445
226,520,696,415
226,520,696,599
226,520,696,680
226,520,696,327
226,520,696,514
226,520,696,377
226,520,696,186
226,520,696,531
226,520,696,542
226,520,696,730
226,520,696,442
226,520,696,334
226,520,696,496
226,520,696,410
226,520,696,596
226,520,696,509
226,520,696,488
226,520,696,547
226,520,696,53
226,520,696,440
226,520,696,422
226,520,696,625
226,520,696,316
226,520,696,437
226,520,696,436
226,520,696,553
226,520,696,408
226,520,696,145
226,520,696,493
226,520,696,415
226,520,696,538
226,520,696,502
226,520,696,444
226,520,696,489
226,520,696,624
226,520,696,508
226,520,696,661
226,520,696,425
226,520,696,188
226,520,696,430
226,520,696,466
226,520,696,588
226,520,696,246
226,520,696,501
226,520,696,483
226,520,696,256
226,520,696,278
226,520,696,712
226,520,696,612
226,520,696,363
226,520,696,237
226,520,696,427
226,520,696,205
226,520,696,371
226,520,696,402
226,520,696,455
226,520,696,172
226,520,696,289
226,520,696,458
226,520,696,630
226,520,696,661
226,520,696,463
226,520,696,471
226,520,696,412
226,520,696,230
226,520,696,352
226,520,696,332
226,520,696,130
226,520,696,221
226,520,696,487
226,520,696,371
226,520,696,339
226,520,696,429
226,520,696,324
226,520,696,555
226,520,696,430
226,520,696,416
226,520,696,499
226,520,696,509
226,520,696,505
227,360,360,774
227,360,360,478
227,360,360,2338
227,360,360,1770
227,360,360,150
227,360,360,1211
227,360,360,1987
227,360,360,2665
227,360,360,1702
227,360,360,1784
227,360,360,1549
227,360,360,389
227,360,360,975
227,360,360,373
227,360,360,1447
227,360,360,2631
227,360,360,2179
227,360,360,704
227,360,360,2051
227,360,360,943
227,360,360,453
227,360,360,100
227,360,360,1582
227,360,360,406
227,360,360,1249
227,360,360,414
227,360,360,936
227,360,360,295
227,360,360,2957
227,360,360,2137
227,360,360,696
227,360,360,708
227,360,360,985
227,360,360,1671
227,360,360,1782
227,360,360,266
228,256,256,104
228,256,256,139
228,256,256,21
228,256,256,191
228,256,256,84
228,256,256,164
228,256,256,190
228,256,256,26
228,256,256,63
228,256,256,117
228,256,256,78
228,256,256,113
228,256,256,52
228,256,256,21
228,256,256,95
228,256,256,35
228,256,256,171
228,256,256,196
228,256,256,349
228,256,256,21
228,256,256,36
228,256,256,77
228,256,256,101
228,256,256,82
228,256,256,137
228,256,256,113
228,256,256,137
228,256,256,143
228,256,256,243
228,256,256,247
228,256,256,97
228,256,256,30
228,256,256,169
228,256,256,87
228,256,256,128
228,256,256,200
229,256,256,131
229,256,256,107
229,256,256,221
229,256,256,106
229,256,256,175
229,256,256,130
229,256,256,107
229,256,256,103
229,256,256,224
229,256,256,154
229,256,256,80
229,256,256,101
229,256,256,63
229,256,256,104
229,256,256,92
229,256,256,121
229,256,256,158
229,256,256,250
229,256,256,137
229,256,256,139
229,256,256,100
229,256,256,233
229,256,256,130
229,256,256,176
229,256,256,74
230,256,320,212
230,256,320,671
230,256,320,214
230,256,320,369
230,256,320,656
230,256,320,42
230,256,320,124
230,256,320,1078
230,256,320,526
230,256,320,82
230,256,320,380
230,256,320,385
230,256,320,22
230,256,320,982
230,256,320,477
230,256,320,382
230,256,320,316
230,256,320,135
230,256,320,410
230,256,320,1121
230,256,320,83
230,256,320,54
230,256,320,60
230,256,320,116
230,256,320,67
230,256,320,274
230,256,320,764
231,256,256,342
231,256,256,304
231,256,256,30
231,256,256,329
231,256,256,396
231,256,256,125
231,256,256,308
231,256,256,21
231,256,256,24
231,256,256,315
231,256,256,246
231,256,256,437
231,256,256,626
231,256,256,230
231,256,256,51
231,256,256,331
231,256,256,24
231,256,256,78
231,256,256,375
231,256,256,359
232,256,256,130
232,256,256,78
232,256,256,98
232,256,256,164
232,256,256,46
232,256,256,36
232,256,256,102
232,256,256,50
232,256,256,89
232,256,256,56
232,256,256,97
232,256,256,141
232,256,256,102
232,256,256,55
232,256,256,72
232,256,256,114
232,256,256,50
232,256,256,142
232,256,256,96
232,256,256,112
232,256,256,41
232,256,256,75
232,256,256,121
232,256,256,41
232,256,256,44
232,256,256,125
232,256,256,104
232,256,256,108
232,256,256,65
232,256,256,41
232,256,256,132
232,256,256,49
232,256,256,106
232,256,256,64
232,256,256,101
232,256,256,55
232,256,256,93
232,256,256,26
232,256,256,48
232,256,256,152
232,256,256,103
232,256,256,24
232,256,256,67
232,256,256,68
232,256,256,94
232,256,256,67
232,256,256,46
232,256,256,92
232,256,256,73
232,256,256,108
232,256,256,120
232,256,256,42
232,256,256,50
232,256,256,94
232,256,256,124
232,256,256,80
232,256,256,40
232,256,256,56
232,256,256,59
232,256,256,70
232,256,256,48
232,256,256,67
232,256,256,61
232,256,256,43
232,256,256,118
233,360,360,229
233,360,360,2732
233,360,360,152
233,360,360,360
233,360,360,371
233,360,360,229
233,360,360,1717
233,360,360,256
233,360,360,378
233,360,360,2633
233,360,360,81
233,360,360,2290
233,360,360,2922
233,360,360,1956
233,360,360,2815
233,360,360,1772
233,360,360,2416
233,360,360,2682
233,360,360,2146
233,360,360,807
233,360,360,1646
233,360,360,2961
233,360,360,2796
233,360,360,1693
234,256,256,66
234,256,256,118
234,256,256,332
234,256,256,235
234,256,256,216
234,256,256,223
234,256,256,32
234,256,256,293
234,256,256,363
234,256,256,390
234,256,256,298
234,256,256,225
234,256,256,134
234,256,256,550
234,256,256,107
234,256,256,125
234,256,256,589
234,256,256,365
234,256,256,55
234,256,256,155
234,256,256,257
234,256,256,236
234,256,256,198
234,256,256,323
234,256,256,59
234,256,256,291
234,256,256,335
235,256,256,131
235,256,256,213
235,256,256,193
235,256,256,242
235,256,256,128
235,256,256,153
235,256,256,133
235,256,256,284
235,256,256,116
235,256,256,115
235,256,256,97
235,256,256,101
236,360,360,2746
236,360,360,1972
236,360,360,2185
236,360,360,1272
236,360,360,2633
236,360,360,2048
236,360,360,901
236,360,360,3140
236,360,360,594
236,360,360,2120
236,360,360,1944
236,360,360,2521
236,360,360,2172
236,360,360,3077
236,360,360,2564
236,360,360,3058
236,360,360,86
236,360,360,30
237,256,320,201
237,256,320,2032
237,256,320,499
237,256,320,1776
237,256,320,1656
237,256,320,3579
237,256,320,1185
237,256,320,220
237,256,320,1119
238,256,256,26
238,256,256,459
238,256,256,386
238,256,256,409
238,256,256,668
238,256,256,338
238,256,256,308
238,256,256,222
238,256,256,453
238,256,256,348
238,256,256,172
238,256,256,455
238,256,256,357
238,256,256,374
238,256,256,390
238,256,256,361
238,256,256,367
238,256,256,353
238,256,256,410
238,256,256,357
238,256,256,484
238,256,256,433
238,256,256,514
238,256,256,23
238,256,256,906
238,256,256,711
238,256,256,92
238,256,256,427
238,256,256,39
238,256,256,736
238,256,256,420
238,256,256,277
238,256,256,480
238,256,256,636
238,256,256,286
238,256,256,307
238,256,256,346
238,256,256,337
238,256,256,437
238,256,256,112
238,256,256,464
238,256,256,30
238,256,256,92
238,256,256,227
239,360,360,2086
239,360,360,686
239,360,360,950
239,360,360,1733
239,360,360,741
239,360,360,2195
239,360,360,2736
239,360,360,60
239,360,360,2263
239,360,360,2682
239,360,360,1597
239,360,360,998
239,360,360,1973
239,360,360,147
239,360,360,1194
239,360,360,2343
239,360,360,218
239,360,360,1602
240,256,320,2239
240,256,320,3445
240,256,320,372
240,256,320,755
240,256,320,1682
240,256,320,6040
240,256,320,774
240,256,320,811
241,256,256,412
241,256,256,188
242,256,256,486
242,256,256,430
242,256,256,450
242,256,256,396
242,256,256,308
242,256,256,499
242,256,256,151
242,256,256,344
242,256,256,536
242,256,256,362
242,256,256,415
242,256,256,1177
242,256,256,385
242,256,256,371
242,256,256,499
242,256,256,457
242,256,256,367
242,256,256,474
242,256,256,394
242,256,256,54
242,256,256,282
242,256,256,347
242,256,256,89
242,256,256,572
242,256,256,287
242,256,256,552
242,256,256,438
242,256,256,188
242,256,256,454
242,256,256,375
242,256,256,1057
242,256,256,382
242,256,256,658
242,256,256,444
242,256,256,57
242,256,256,614
242,256,256,493
242,256,256,43
242,256,256,530
242,256,256,176
242,256,256,406
242,256,256,474
242,256,256,402
242,256,256,432
242,256,256,537
242,256,256,185
242,256,256,22
242,256,256,282
242,256,256,467
243,256,256,124
243,256,256,126
243,256,256,123
243,256,256,124
243,256,256,230
243,256,256,195
243,256,256,160
243,256,256,154
243,256,256,127
243,256,256,116
243,256,256,58
243,256,256,168
243,256,256,135
243,256,256,110
243,256,256,146
243,256,256,127
243,256,256,128
243,256,256,119
243,256,256,115
243,256,256,107
243,256,256,85
243,256,256,177
243,256,256,104
243,256,256,123
243,256,256,117
243,256,256,81
243,256,256,90
243,256,256,136
243,256,256,113
243,256,256,132
243,256,256,168
243,256,256,224
243,256,256,95
243,256,256,171
243,256,256,213
243,256,256,24
243,256,256,168
243,256,256,141
243,256,256,100
243,256,256,241
243,256,256,111
243,256,256,245
243,256,256,72
243,256,256,121
243,256,256,138
243,256,256,136
244,256,256,277
244,256,256,370
244,256,256,392
244,256,256,368
244,256,256,228
244,256,256,343
244,256,256,578
244,256,256,407
244,256,256,249
244,256,256,574
244,256,256,373
244,256,256,895
244,256,256,32
244,256,256,459
244,256,256,371
244,256,256,392
244,256,256,765
244,256,256,396
244,256,256,177
244,256,256,716
244,256,256,396
244,256,256,355
244,256,256,61
244,256,256,360
244,256,256,447
244,256,256,305
244,256,256,377
244,256,256,224
244,256,256,710
244,256,256,178
244,256,256,575
245,520,696,372
245,520,696,307
245,520,696,388
245,520,696,489
245,520,696,424
245,520,696,493
245,520,696,104
245,520,696,457
245,520,696,367
245,520,696,455
245,520,696,70
245,520,696,511
245,520,696,484
245,520,696,378
245,520,696,504
245,520,696,188
245,520,696,453
245,520,696,327
245,520,696,699
245,520,696,641
245,520,696,410
245,520,696,216
245,520,696,308
245,520,696,326
245,520,696,411
245,520,696,488
245,520,696,549
245,520,696,504
245,520,696,569
245,520,696,322
245,520,696,197
245,520,696,440
245,520,696,254
245,520,696,528
245,520,696,446
245,520,696,512
245,520,696,237
245,520,696,404
245,520,696,299
245,520,696,393
245,520,696,227
245,520,696,605
245,520,696,118
245,520,696,445
245,520,696,380
245,520,696,24
245,520,696,456
245,520,696,479
245,520,696,498
245,520,696,503
245,520,696,345
245,520,696,496
245,520,696,465
245,520,696,553
245,520,696,539
245,520,696,434
245,520,696,436
245,520,696,422
245,520,696,515
245,520,696,443
245,520,696,710
245,520,696,395
245,520,696,402
245,520,696,377
245,520,696,445
245,520,696,404
245,520,696,250
245,520,696,553
245,520,696,394
245,520,696,534
245,520,696,387
245,520,696,524
245,520,696,519
245,520,696,497
245,520,696,382
245,520,696,850
245,520,696,445
245,520,696,334
245,520,696,491
245,520,696,566
245,520,696,422
245,520,696,207
245,520,696,544
245,520,696,280
245,520,696,284
245,520,696,523
245,520,696,495
245,520,696,708
245,520,696,461
245,520,696,435
245,520,696,507
245,520,696,459
245,520,696,485
245,520,696,417
245,520,696,39
245,520,696,460
245,520,696,502
245,520,696,110
245,520,696,478
245,520,696,552
245,520,696,113
245,520,696,467
245,520,696,362
245,520,696,227
245,520,696,472
245,520,696,25
245,520,696,468
245,520,696,376
245,520,696,520
245,520,696,239
245,520,696,333
245,520,696,459
245,520,696,414
245,520,696,382
245,520,696,417
245,520,696,387
245,520,696,62
245,520,696,633
245,520,696,365
245,520,696,48
245,520,696,612
245,520,696,424
245,520,696,513
245,520,696,182
245,520,696,347
245,520,696,339
245,520,696,552
245,520,696,414
245,520,696,624
245,520,696,200
245,520,696,467
245,520,696,614
245,520,696,660
245,520,696,224
245,520,696,479
245,520,696,429
245,520,696,466
245,520,696,224
245,520,696,331
245,520,696,183
245,520,696,607
245,520,696,480
245,520,696,582
245,520,696,606
245,520,696,548
245,520,696,107
245,520,696,361
245,520,696,156
245,520,696,171
245,520,696,444
245,520,696,523
245,520,696,469
245,520,696,190
245,520,696,550
245,520,696,392
245,520,696,516
245,520,696,433
245,520,696,438
245,520,696,606
245,520,696,313
245,520,696,398
245,520,696,680
245,520,696,119
245,520,696,565
245,520,696,448
245,520,696,441
245,520,696,33
245,520,696,263
245,520,696,506
245,520,696,426
245,520,696,217
245,520,696,451
245,520,696,191
245,520,696,304
245,520,696,415
245,520,696,529
245,520,696,309
245,520,696,491
245,520,696,579
245,520,696,411
245,520,696,365
245,520,696,474
245,520,696,444
245,520,696,237
245,520,696,850
245,520,696,501
245,520,696,416
245,520,696,256
245,520,696,456
245,520,696,449
245,520,696,330
245,520,696,545
245,520,696,245
245,520,696,493
245,520,696,418
245,520,696,364
245,520,696,80
245,520,696,108
245,520,696,513
245,520,696,313
245,520,696,533
245,520,696,313
245,520,696,706
245,520,696,369
245,520,696,451
245,520,696,195
245,520,696,469
245,520,696,47
245,520,696,382
245,520,696,472
245,520,696,471
245,520,696,514
245,520,696,879
245,520,696,456
245,520,696,475
245,520,696,386
245,520,696,545
245,520,696,417
245,520,696,609
245,520,696,539
245,520,696,273
245,520,696,455
245,520,696,581
245,520,696,429
245,520,696,360
245,520,696,446
245,520,696,562
245,520,696,471
245,520,696,427
245,520,696,656
245,520,696,560
245,520,696,574
245,520,696,529
245,520,696,527
245,520,696,504
245,520,696,346
245,520,696,500
245,520,696,506
245,520,696,294
245,520,696,453
245,520,696,443
245,520,696,566
245,520,696,525
245,520,696,328
245,520,696,405
245,520,696,394
245,520,696,494
245,520,696,487
245,520,696,227
245,520,696,445
245,520,696,240
245,520,696,407
245,520,696,117
245,520,696,420
245,520,696,311
245,520,696,665
245,520,696,454
245,520,696,260
245,520,696,263
245,520,696,324
245,520,696,552
245,520,696,304
245,520,696,535
245,520,696,692
245,520,696,591
245,520,696,468
245,520,696,493
245,520,696,489
245,520,696,534
245,520,696,233
245,520,696,115
245,520,696,348
246,360,360,1955
246,360,360,1200
246,360,360,1872
246,360,360,342
246,360,360,163
246,360,360,992
246,360,360,1980
246,360,360,1099
246,360,360,955
246,360,360,3673
246,360,360,2536
246,360,360,1514
246,360,360,1209
246,360,360,175
246,360,360,2638
246,360,360,1967
246,360,360,2177
246,360,360,2141
246,360,360,1731
246,360,360,2006
246,360,360,1573
246,360,360,2288
246,360,360,1637
246,360,360,1779
246,360,360,1078
246,360,360,766
246,360,360,2291
247,256,256,69
247,256,256,52
247,256,256,104
247,256,256,61
247,256,256,99
247,256,256,68
247,256,256,43
247,256,256,75
247,256,256,70
247,256,256,41
248,256,256,262
248,256,256,250
248,256,256,252
248,256,256,108
248,256,256,186
248,256,256,356
248,256,256,161
248,256,256,75
248,256,256,24
248,256,256,45
248,256,256,140
248,256,256,191
248,256,256,35
248,256,256,128
248,256,256,131
249,256,256,658
249,256,256,226
249,256,256,365
249,256,256,238
249,256,256,253
249,256,256,612
249,256,256,231
249,256,256,205
249,256,256,396
249,256,256,151
249,256,256,312
249,256,256,352
249,256,256,323
249,256,256,200
249,256,256,258
249,256,256,283
249,256,256,149
249,256,256,468
249,256,256,297
249,256,256,142
249,256,256,250
249,256,256,297
249,256,256,242
249,256,256,152
249,256,256,230
249,256,256,604
249,256,256,282
249,256,256,389
249,256,256,398
249,256,256,65
249,256,256,311
249,256,256,376
249,256,256,277
249,256,256,231
249,256,256,288
249,256,256,186
250,360,360,1829
250,360,360,1323
250,360,360,2662
250,360,360,299
250,360,360,2324
250,360,360,143
250,360,360,285
250,360,360,46
250,360,360,2047
250,360,360,794
250,360,360,1917
250,360,360,972
250,360,360,2053
250,360,360,729
250,360,360,903
250,360,360,493
250,360,360,314
250,360,360,1927
250,360,360,2172
250,360,360,1208
250,360,360,276
250,360,360,2953
250,360,360,2285
250,360,360,1330
250,360,360,1540
250,360,360,873
250,360,360,859
250,360,360,1934
250,360,360,569
250,360,360,636
250,360,360,2851
251,520,696,100
251,520,696,1363
251,520,696,1792
251,520,696,1318
251,520,696,1946
251,520,696,1671
251,520,696,22
251,520,696,2076
251,520,696,924
251,520,696,1983
251,520,696,1906
251,520,696,3255
251,520,696,1857
251,520,696,1769
251,520,696,1148
251,520,696,394
251,520,696,2422
251,520,696,1954
251,520,696,2428
251,520,696,72
251,520,696,1695
251,520,696,2001
251,520,696,3325
251,520,696,2428
251,520,696,2041
251,520,696,1889
251,520,696,2446
251,520,696,1774
251,520,696,2040
251,520,696,1950
251,520,696,1921
251,520,696,2402
252,360,360,2931
252,360,360,2755
252,360,360,1775
252,360,360,2286
252,360,360,28
252,360,360,446
252,360,360,1864
252,360,360,418
252,360,360,2532
252,360,360,65
252,360,360,1756
252,360,360,2617
252,360,360,1869
252,360,360,2991
252,360,360,746
252,360,360,980
252,360,360,1557
252,360,360,25
252,360,360,1140
252,360,360,3724
253,360,360,2171
253,360,360,1679
253,360,360,2129
253,360,360,2796
253,360,360,364
253,360,360,1828
253,360,360,1565
253,360,360,1656
253,360,360,22
253,360,360,200
253,360,360,1438
253,360,360,2300
253,360,360,1943
253,360,360,1566
253,360,360,1845
253,360,360,508
253,360,360,621
253,360,360,571
253,360,360,1969
253,360,360,1699
253,360,360,771
253,360,360,1432
253,360,360,2168
253,360,360,1138
253,360,360,270
253,360,360,1504
253,360,360,648
253,360,360,821
253,360,360,371
254,256,320,1130
254,256,320,551
254,256,320,239
254,256,320,122
254,256,320,500
254,256,320,436
254,256,320,300
254,256,320,361
254,256,320,311
254,256,320,138
254,256,320,490
254,256,320,809
254,256,320,507
254,256,320,374
254,256,320,98
254,256,320,38
254,256,320,171
254,256,320,727
254,256,320,232
254,256,320,151
254,256,320,118
254,256,320,98
254,256,320,1096
254,256,320,370
254,256,320,360
254,256,320,96
254,256,320,391
254,256,320,68
254,256,320,514
254,256,320,409
254,256,320,52
254,256,320,421
254,256,320,504
254,256,320,388
254,256,320,200
254,256,320,119
254,256,320,275
254,256,320,633
254,256,320,247
254,256,320,515
254,256,320,480
254,256,320,305
254,256,320,592
254,256,320,853
254,256,320,547
254,256,320,290
254,256,320,64
254,256,320,107
254,256,320,306
254,256,320,300
254,256,320,148
254,256,320,283
254,256,320,697
254,256,320,460
254,256,320,848
254,256,320,544
254,256,320,611
254,256,320,684
254,256,320,116
254,256,320,463
255,256,256,406
255,256,256,250
255,256,256,377
255,256,256,57
255,256,256,38
255,256,256,446
255,256,256,645
255,256,256,657
255,256,256,417
255,256,256,247
255,256,256,395
255,256,256,66
255,256,256,443
255,256,256,301
255,256,256,979
255,256,256,42
256,512,640,2092
256,512,640,298
256,512,640,2444
256,512,640,1690
256,512,640,1214
256,512,640,2769
256,512,640,1979
256,512,640,2127
256,512,640,1575
256,512,640,755
256,512,640,1193
256,512,640,969
256,512,640,1099
256,512,640,412
256,512,640,2421
256,512,640,1566
256,512,640,603
256,512,640,2370
256,512,640,1395
256,512,640,1049
256,512,640,2301
256,512,640,119
256,512,640,1436
256,512,640,1053
256,512,640,701
256,512,640,834
256,512,640,1197
256,512,640,1654
256,512,640,2220
256,512,640,2310
256,512,640,2421
256,512,640,547
256,512,640,2274
256,512,640,199
256,512,640,1190
256,512,640,3797
256,512,640,2045
257,256,256,132
257,256,256,125
257,256,256,140
257,256,256,150
257,256,256,21
257,256,256,90
257,256,256,58
257,256,256,72
257,256,256,144
257,256,256,171
257,256,256,139
257,256,256,154
257,256,256,209
257,256,256,161
257,256,256,207
257,256,256,161
257,256,256,159
257,256,256,116
257,256,256,133
257,256,256,31
257,256,256,128
257,256,256,213
257,256,256,224
257,256,256,103
257,256,256,146
257,256,256,212
257,256,256,209
257,256,256,123
257,256,256,46
257,256,256,142
257,256,256,125
257,256,256,143
257,256,256,212
257,256,256,156
257,256,256,151
257,256,256,125
257,256,256,133
257,256,256,221
257,256,256,119
257,256,256,209
258,1024,1024,130
258,1024,1024,290
258,1024,1024,524
258,1024,1024,199
258,1024,1024,447
258,1024,1024,65
258,1024,1024,348
258,1024,1024,518
258,1024,1024,121
258,1024,1024,309
258,1024,1024,36
258,1024,1024,273
258,1024,1024,398
258,1024,1024,483
258,1024,1024,331
258,1024,1024,566
258,1024,1024,555
258,1024,1024,396
258,1024,1024,36
258,1024,1024,379
258,1024,1024,38
258,1024,1024,73
258,1024,1024,531
258,1024,1024,222
258,1024,1024,45
258,1024,1024,416
258,1024,1024,493
258,1024,1024,185
258,1024,1024,209
258,1024,1024,568
258,1024,1024,45
258,1024,1024,44
258,1024,1024,425
258,1024,1024,503
258,1024,1024,133
258,1024,1024,70
258,1024,1024,467
258,1024,1024,156
258,1024,1024,50
258,1024,1024,546
258,1024,1024,553
258,1024,1024,38
258,1024,1024,30
258,1024,1024,468
258,1024,1024,43
258,1024,1024,42
258,1024,1024,52
258,1024,1024,504
258,1024,1024,455
258,1024,1024,78
258,1024,1024,578
258,1024,1024,256
258,1024,1024,495
258,1024,1024,21
258,1024,1024,447
258,1024,1024,446
258,1024,1024,326
258,1024,1024,51
258,1024,1024,55
258,1024,1024,363
258,1024,1024,39
258,1024,1024,87
258,1024,1024,24
258,1024,1024,481
258,1024,1024,319
258,1024,1024,121
258,1024,1024,61
258,1024,1024,42
258,1024,1024,51
258,1024,1024,52
258,1024,1024,37
258,1024,1024,400
258,1024,1024,489
258,1024,1024,81
258,1024,1024,104
258,1024,1024,250
258,1024,1024,484
258,1024,1024,569
258,1024,1024,519
258,1024,1024,36
258,1024,1024,360
258,1024,1024,34
258,1024,1024,410
259,256,320,257
259,256,320,69
259,256,320,172
259,256,320,295
259,256,320,244
259,256,320,205
259,256,320,292
259,256,320,571
259,256,320,81
259,256,320,72
259,256,320,224
259,256,320,420
259,256,320,397
259,256,320,355
259,256,320,235
259,256,320,49
259,256,320,518
259,256,320,44
259,256,320,300
259,256,320,78
259,256,320,74
259,256,320,839
259,256,320,332
259,256,320,406
259,256,320,252
259,256,320,134
259,256,320,293
259,256,320,412
259,256,320,339
259,256,320,335
259,256,320,279
259,256,320,276
259,256,320,64
259,256,320,237
259,256,320,137
259,256,320,59
259,256,320,198
259,256,320,154
259,256,320,472
259,256,320,204
259,256,320,396
259,256,320,310
259,256,320,339
259,256,320,536
259,256,320,279
259,256,320,172
259,256,320,177
259,256,320,234
259,256,320,264
259,256,320,190
259,256,320,266
259,256,320,499
259,256,320,140
259,256,320,254
259,256,320,31
259,256,320,81
259,256,320,711
259,256,320,162
259,256,320,309
259,256,320,205
259,256,320,206
259,256,320,129
259,256,320,233
259,256,320,21
259,256,320,375
259,256,320,213
259,256,320,195
259,256,320,230
259,256,320,252
259,256,320,146
259,256,320,135
259,256,320,123
259,256,320,171
259,256,320,115
259,256,320,228
259,256,320,304
259,256,320,267
259,256,320,214
259,256,320,386
259,256,320,508
259,256,320,143
259,256,320,69
259,256,320,511
259,256,320,161
259,256,320,322
259,256,320,136
259,256,320,74
259,256,320,579
260,256,256,100
260,256,256,48
260,256,256,113
260,256,256,63
260,256,256,92
260,256,256,172
260,256,256,110
260,256,256,108
260,256,256,87
260,256,256,55
260,256,256,153
260,256,256,115
260,256,256,27
260,256,256,71
260,256,256,221
260,256,256,84
260,256,256,83
260,256,256,102
260,256,256,91
260,256,256,51
260,256,256,92
260,256,256,48
260,256,256,113
261,1024,1024,230
261,1024,1024,55
261,1024,1024,87
261,1024,1024,68
261,1024,1024,400
261,1024,1024,483
261,1024,1024,291
261,1024,1024,369
261,1024,1024,41
261,1024,1024,356
261,1024,1024,277
261,1024,1024,76
261,1024,1024,39
261,1024,1024,62
261,1024,1024,317
261,1024,1024,407
261,1024,1024,60
261,1024,1024,383
261,1024,1024,377
261,1024,1024,170
261,1024,1024,557
261,1024,1024,45
261,1024,1024,415
261,1024,1024,56
261,1024,1024,459
261,1024,1024,263
261,1024,1024,115
261,1024,1024,47
261,1024,1024,464
261,1024,1024,33
261,1024,1024,82
261,1024,1024,385
261,1024,1024,236
261,1024,1024,554
261,1024,1024,117
261,1024,1024,430
261,1024,1024,51
261,1024,1024,413
261,1024,1024,532
261,1024,1024,24
261,1024,1024,267
261,1024,1024,398
261,1024,1024,48
261,1024,1024,327
261,1024,1024,77
261,1024,1024,100
261,1024,1024,434
261,1024,1024,43
261,1024,1024,53
261,1024,1024,30
261,1024,1024,490
261,1024,1024,255
261,1024,1024,320
261,1024,1024,50
261,1024,1024,54
261,1024,1024,487
261,1024,1024,594
261,1024,1024,454
261,1024,1024,30
261,1024,1024,1007
261,1024,1024,57
261,1024,1024,66
261,1024,1024,52
261,1024,1024,393
261,1024,1024,367
261,1024,1024,47
261,1024,1024,295
261,1024,1024,64
261,1024,1024,420
261,1024,1024,385
261,1024,1024,64
261,1024,1024,369
261,1024,1024,282
261,1024,1024,52
261,1024,1024,589
261,1024,1024,41
261,1024,1024,227
261,1024,1024,60
262,256,320,251
262,256,320,359
262,256,320,181
262,256,320,152
262,256,320,237
262,256,320,197
262,256,320,260
262,256,320,254
262,256,320,188
262,256,320,338
262,256,320,120
262,256,320,83
262,256,320,373
262,256,320,294
262,256,320,119
262,256,320,31
262,256,320,281
262,256,320,179
262,256,320,162
262,256,320,364
262,256,320,68
262,256,320,81
262,256,320,65
262,256,320,154
262,256,320,297
262,256,320,144
262,256,320,416
262,256,320,91
262,256,320,274
262,256,320,60
262,256,320,287
262,256,320,201
262,256,320,391
262,256,320,196
262,256,320,165
262,256,320,108
262,256,320,392
262,256,320,46
262,256,320,395
262,256,320,308
262,256,320,47
262,256,320,126
262,256,320,260
262,256,320,25
262,256,320,179
262,256,320,92
262,256,320,76
262,256,320,86
262,256,320,149
262,256,320,148
262,256,320,252
262,256,320,81
262,256,320,111
262,256,320,54
263,520,696,573
263,520,696,148
263,520,696,264
263,520,696,688
263,520,696,533
263,520,696,631
263,520,696,599
263,520,696,666
263,520,696,654
263,520,696,559
263,520,696,342
263,520,696,25
263,520,696,617
263,520,696,622
263,520,696,724
263,520,696,843
263,520,696,863
263,520,696,833
263,520,696,807
263,520,696,555
263,520,696,679
263,520,696,410
263,520,696,957
263,520,696,620
263,520,696,574
263,520,696,740
263,520,696,478
263,520,696,664
263,520,696,697
263,520,696,829
263,520,696,540
263,520,696,584
263,520,696,590
263,520,696,802
263,520,696,656
263,520,696,760
263,520,696,48
263,520,696,624
263,520,696,759
263,520,696,454
263,520,696,585
263,520,696,520
263,520,696,703
263,520,696,698
263,520,696,595
263,520,696,808
263,520,696,904
263,520,696,612
263,520,696,692
263,520,696,928
263,520,696,653
263,520,696,803
263,520,696,898
263,520,696,720
263,520,696,539
263,520,696,748
263,520,696,639
263,520,696,1053
263,520,696,333
263,520,696,371
263,520,696,751
263,520,696,733
263,520,696,579
263,520,696,492
263,520,696,375
263,520,696,587
263,520,696,507
263,520,696,658
263,520,696,605
263,520,696,610
263,520,696,816
263,520,696,313
263,520,696,771
263,520,696,550
263,520,696,63
263,520,696,663
263,520,696,792
263,520,696,688
263,520,696,588
263,520,696,744
263,520,696,880
263,520,696,579
263,520,696,688
263,520,696,255
263,520,696,270
263,520,696,468
263,520,696,602
263,520,696,224
263,520,696,424
263,520,696,557
263,520,696,553
263,520,696,924
263,520,696,606
263,520,696,693
263,520,696,707
263,520,696,735
263,520,696,594
263,520,696,870
263,520,696,166
263,520,696,417
263,520,696,849
263,520,696,702
263,520,696,645
263,520,696,111
263,520,696,808
263,520,696,712
263,520,696,549
263,520,696,547
263,520,696,632
263,520,696,583
263,520,696,942
263,520,696,633
263,520,696,742
263,520,696,759
263,520,696,603
263,520,696,593
263,520,696,796
263,520,696,590
263,520,696,431
263,520,696,439
263,520,696,538
263,520,696,789
263,520,696,826
263,520,696,918
263,520,696,1056
263,520,696,668
263,520,696,298
263,520,696,197
263,520,696,432
263,520,696,447
263,520,696,535
263,520,696,556
263,520,696,627
263,520,696,609
263,520,696,743
263,520,696,799
263,520,696,636
263,520,696,809
263,520,696,70
263,520,696,706
263,520,696,650
263,520,696,525
263,520,696,674
263,520,696,677
263,520,696,724
263,520,696,1054
263,520,696,897
263,520,696,684
264,520,696,405
264,520,696,394
264,520,696,647
264,520,696,412
264,520,696,594
264,520,696,585
264,520,696,410
264,520,696,649
264,520,696,680
264,520,696,339
264,520,696,403
264,520,696,460
264,520,696,95
264,520,696,546
264,520,696,218
264,520,696,666
264,520,696,665
264,520,696,815
264,520,696,639
265,256,256,97
265,256,256,230
265,256,256,117
265,256,256,110
265,256,256,106
265,256,256,110
265,256,256,66
265,256,256,128
265,256,256,162
265,256,256,85
265,256,256,152
265,256,256,263
265,256,256,237
265,256,256,108
265,256,256,92
265,256,256,96
265,256,256,146
265,256,256,210
265,256,256,166
266,256,256,224
266,256,256,90
266,256,256,93
266,256,256,50
266,256,256,78
266,256,256,45
266,256,256,106
266,256,256,33
266,256,256,195
266,256,256,164
266,256,256,54
266,256,256,402
266,256,256,87
266,256,256,51
266,256,256,100
267,256,256,307
267,256,256,414
267,256,256,128
267,256,256,130
267,256,256,21
267,256,256,66
267,256,256,242
267,256,256,153
267,256,256,352
267,256,256,102
267,256,256,380
267,256,256,213
267,256,256,152
267,256,256,61
267,256,256,200
267,256,256,179
267,256,256,348
267,256,256,123
267,256,256,326
267,256,256,208
267,256,256,183
267,256,256,376
267,256,256,153
267,256,256,165
267,256,256,169
267,256,256,147
267,256,256,140
268,256,320,364
268,256,320,301
268,256,320,623
268,256,320,29
268,256,320,807
268,256,320,53
268,256,320,194
268,256,320,328
268,256,320,214
268,256,320,461
268,256,320,312
268,256,320,515
268,256,320,549
268,256,320,648
268,256,320,515
268,256,320,882
268,256,320,250
268,256,320,207
268,256,320,115
268,256,320,73
268,256,320,396
268,256,320,413
268,256,320,350
268,256,320,622
268,256,320,84
268,256,320,601
268,256,320,491
268,256,320,932
268,256,320,247
268,256,320,379
268,256,320,231
268,256,320,530
268,256,320,460
268,256,320,847
268,256,320,425
268,256,320,213
268,256,320,550
268,256,320,1428
268,256,320,94
268,256,320,369
268,256,320,339
268,256,320,325
268,256,320,474
268,256,320,837
268,256,320,463
268,256,320,324
268,256,320,686
268,256,320,590
268,256,320,651
268,256,320,94
268,256,320,701
268,256,320,1354
268,256,320,696
268,256,320,776
268,256,320,145
269,256,256,397
269,256,256,37
269,256,256,210
269,256,256,211
269,256,256,483
269,256,256,223
269,256,256,101
269,256,256,477
269,256,256,21
269,256,256,44
269,256,256,60
269,256,256,41
269,256,256,631
269,256,256,205
269,256,256,254
269,256,256,142
269,256,256,242
269,256,256,635
269,256,256,330
269,256,256,460
269,256,256,425
269,256,256,579
269,256,256,27
269,256,256,282
269,256,256,383
269,256,256,237
269,256,256,366
269,256,256,71
269,256,256,444
269,256,256,296
269,256,256,459
269,256,256,554
269,256,256,69
269,256,256,302
269,256,256,308
270,256,256,479
270,256,256,556
270,256,256,296
270,256,256,370
270,256,256,349
270,256,256,485
270,256,256,501
270,256,256,506
270,256,256,90
270,256,256,556
270,256,256,114
270,256,256,500
270,256,256,595
270,256,256,471
270,256,256,98
270,256,256,537
270,256,256,404
270,256,256,427
270,256,256,374
270,256,256,175
270,256,256,158
270,256,256,503
270,256,256,265
270,256,256,171
271,256,256,192
271,256,256,189
271,256,256,181
271,256,256,280
271,256,256,166
271,256,256,136
271,256,256,94
271,256,256,328
271,256,256,173
271,256,256,121
271,256,256,21
271,256,256,21
271,256,256,149
271,256,256,101
271,256,256,176
271,256,256,163
271,256,256,21
271,256,256,102
271,256,256,72
271,256,256,66
271,256,256,210
271,256,256,143
271,256,256,375
271,256,256,147
271,256,256,104
271,256,256,163
271,256,256,147
271,256,256,161
271,256,256,160
271,256,256,21
271,256,256,234
271,256,256,165
271,256,256,157
271,256,256,331
271,256,256,21
271,256,256,202
271,256,256,46
271,256,256,298
271,256,256,222
271,256,256,104
271,256,256,329
271,256,256,61
272,520,696,359
272,520,696,880
272,520,696,849
272,520,696,673
272,520,696,1049
272,520,696,497
272,520,696,646
272,520,696,589
272,520,696,640
272,520,696,475
272,520,696,915
272,520,696,728
272,520,696,683
272,520,696,941
272,520,696,251
272,520,696,585
272,520,696,630
272,520,696,282
272,520,696,100
272,520,696,821
272,520,696,728
272,520,696,623
272,520,696,616
272,520,696,685
272,520,696,759
272,520,696,681
272,520,696,488
272,520,696,389
272,520,696,757
272,520,696,811
272,520,696,764
272,520,696,1048
272,520,696,619
272,520,696,810
272,520,696,635
272,520,696,744
272,520,696,610
272,520,696,774
272,520,696,454
272,520,696,1002
272,520,696,216
272,520,696,1290
272,520,696,185
272,520,696,287
272,520,696,315
272,520,696,653
272,520,696,864
272,520,696,815
272,520,696,845
272,520,696,262
272,520,696,558
272,520,696,610
272,520,696,784
272,520,696,125
272,520,696,769
272,520,696,830
272,520,696,562
272,520,696,648
272,520,696,604
272,520,696,982
272,520,696,611
272,520,696,466
272,520,696,334
272,520,696,762
272,520,696,688
272,520,696,676
272,520,696,836
272,520,696,676
272,520,696,851
272,520,696,277
272,520,696,767
272,520,696,1005
272,520,696,838
272,520,696,1117
272,520,696,1088
272,520,696,959
272,520,696,681
272,520,696,553
272,520,696,807
272,520,696,909
272,520,696,687
272,520,696,665
272,520,696,751
272,520,696,249
272,520,696,494
272,520,696,551
272,520,696,451
272,520,696,327
272,520,696,669
272,520,696,575
272,520,696,232
272,520,696,520
272,520,696,104
272,520,696,756
272,520,696,867
272,520,696,132
272,520,696,653
272,520,696,765
272,520,696,624
272,520,696,750
272,520,696,447
273,520,696,1074
273,520,696,522
273,520,696,988
273,520,696,414
273,520,696,678
273,520,696,673
273,520,696,627
273,520,696,690
273,520,696,1313
273,520,696,678
273,520,696,761
273,520,696,699
273,520,696,660
273,520,696,1086
273,520,696,800
273,520,696,449
273,520,696,806
273,520,696,733
273,520,696,633
273,520,696,700
273,520,696,586
273,520,696,581
273,520,696,194
273,520,696,405
273,520,696,602
273,520,696,414
273,520,696,402
273,520,696,522
273,520,696,210
273,520,696,739
273,520,696,733
273,520,696,300
273,520,696,470
273,520,696,679
273,520,696,576
273,520,696,404
273,520,696,790
273,520,696,351
273,520,696,593
273,520,696,741
273,520,696,649
273,520,696,411
273,520,696,644
273,520,696,470
273,520,696,190
273,520,696,428
273,520,696,113
273,520,696,250
273,520,696,455
273,520,696,639
273,520,696,232
273,520,696,592
273,520,696,695
273,520,696,696
273,520,696,514
273,520,696,151
273,520,696,785
273,520,696,791
273,520,696,528
273,520,696,550
273,520,696,557
273,520,696,479
273,520,696,655
273,520,696,651
273,520,696,1067
273,520,696,752
273,520,696,504
273,520,696,555
273,520,696,1048
273,520,696,474
273,520,696,287
273,520,696,679
273,520,696,683
273,520,696,539
273,520,696,681
273,520,696,599
273,520,696,521
273,520,696,744
273,520,696,121
273,520,696,672
273,520,696,558
273,520,696,591
273,520,696,21
273,520,696,563
273,520,696,935
273,520,696,321
273,520,696,684
273,520,696,732
273,520,696,638
273,520,696,553
273,520,696,427
273,520,696,658
273,520,696,642
273,520,696,593
273,520,696,586
273,520,696,513
273,520,696,575
273,520,696,629
273,520,696,669
273,520,696,580
273,520,696,727
274,256,256,303
274,256,256,69
274,256,256,307
274,256,256,101
274,256,256,171
274,256,256,253
274,256,256,297
274,256,256,345
274,256,256,294
274,256,256,291
274,256,256,156
274,256,256,152
274,256,256,331
274,256,256,151
274,256,256,181
274,256,256,261
274,256,256,365
274,256,256,336
274,256,256,244
274,256,256,286
274,256,256,299
274,256,256,526
274,256,256,235
275,256,256,173
275,256,256,67
275,256,256,214
275,256,256,212
275,256,256,107
275,256,256,102
275,256,256,218
275,256,256,221
275,256,256,115
275,256,256,150
276,360,360,2492
276,360,360,2316
276,360,360,86
276,360,360,852
276,360,360,29
276,360,360,1952
276,360,360,96
276,360,360,32
276,360,360,2166
276,360,360,54
276,360,360,1853
276,360,360,47
276,360,360,1789
276,360,360,2245
276,360,360,77
276,360,360,2195
276,360,360,1866
276,360,360,47
276,360,360,1869
276,360,360,61
276,360,360,3850
276,360,360,785
276,360,360,2562
276,360,360,40
276,360,360,1301
276,360,360,2109
276,360,360,1212
276,360,360,2627
276,360,360,39
276,360,360,122
276,360,360,22
276,360,360,2479
277,256,256,117
277,256,256,50
277,256,256,91
277,256,256,66
277,256,256,103
277,256,256,72
277,256,256,85
277,256,256,46
277,256,256,71
277,256,256,57
277,256,256,63
277,256,256,71
277,256,256,44
277,256,256,80
277,256,256,92
277,256,256,66
277,256,256,81
277,256,256,136
277,256,256,68
277,256,256,88
277,256,256,66
277,256,256,148
277,256,256,68
277,256,256,94
277,256,256,123
277,256,256,25
277,256,256,77
277,256,256,92
277,256,256,90
277,256,256,45
277,256,256,30
277,256,256,133
277,256,256,99
277,256,256,147
277,256,256,40
277,256,256,57
277,256,256,31
277,256,256,129
277,256,256,117
277,256,256,54
277,256,256,163
277,256,256,84
277,256,256,33
277,256,256,58
277,256,256,110
277,256,256,70
277,256,256,110
277,256,256,187
277,256,256,49
277,256,256,95
277,256,256,75
277,256,256,63
277,256,256,54
277,256,256,141
277,256,256,142
277,256,256,121
277,256,256,24
277,256,256,116
277,256,256,91
277,256,256,86
277,256,256,71
277,256,256,39
277,256,256,110
277,256,256,86
277,256,256,157
277,256,256,43
277,256,256,47
277,256,256,22
277,256,256,94
277,256,256,95
277,256,256,96
277,256,256,90
277,256,256,105
277,256,256,75
277,256,256,76
277,256,256,107
277,256,256,60
277,256,256,38
277,256,256,119
277,256,256,88
277,256,256,83
277,256,256,76
277,256,256,26
277,256,256,150
277,256,256,92
277,256,256,82
278,256,256,87
278,256,256,150
278,256,256,166
278,256,256,108
278,256,256,77
278,256,256,89
278,256,256,94
278,256,256,167
278,256,256,103
278,256,256,66
278,256,256,83
278,256,256,71
278,256,256,104
278,256,256,128
278,256,256,100
278,256,256,84
278,256,256,68
278,256,256,92
278,256,256,44
278,256,256,112
278,256,256,70
278,256,256,63
278,256,256,59
278,256,256,80
278,256,256,185
278,256,256,99
278,256,256,93
278,256,256,45
278,256,256,99
278,256,256,88
278,256,256,65
278,256,256,34
278,256,256,137
278,256,256,74
278,256,256,75
278,256,256,58
278,256,256,108
278,256,256,104
278,256,256,73
278,256,256,73
278,256,256,62
278,256,256,62
278,256,256,106
278,256,256,96
278,256,256,73
278,256,256,82
278,256,256,66
278,256,256,135
278,256,256,65
278,256,256,93
278,256,256,82
278,256,256,71
278,256,256,76
278,256,256,63
278,256,256,117
278,256,256,129
278,256,256,81
278,256,256,100
278,256,256,86
278,256,256,21
278,256,256,56
278,256,256,65
278,256,256,81
278,256,256,72
278,256,256,61
278,256,256,69
278,256,256,104
278,256,256,54
278,256,256,66
278,256,256,90
278,256,256,74
278,256,256,85
278,256,256,96
278,256,256,70
278,256,256,99
278,256,256,79
278,256,256,102
278,256,256,76
278,256,256,63
278,256,256,90
278,256,256,63
278,256,256,130
278,256,256,75
278,256,256,108
278,256,256,64
278,256,256,80
278,256,256,94
278,256,256,94
278,256,256,78
278,256,256,86
279,256,320,183
279,256,320,142
279,256,320,105
279,256,320,271
279,256,320,105
279,256,320,32
279,256,320,208
279,256,320,139
279,256,320,82
279,256,320,219
279,256,320,268
279,256,320,297
279,256,320,378
279,256,320,139
279,256,320,170
279,256,320,222
279,256,320,154
279,256,320,239
279,256,320,148
279,256,320,342
279,256,320,200
279,256,320,296
279,256,320,290
279,256,320,115
279,256,320,110
279,256,320,100
279,256,320,71
279,256,320,101
279,256,320,42
279,256,320,240
279,256,320,189
279,256,320,177
279,256,320,101
279,256,320,120
279,256,320,47
279,256,320,133
279,256,320,67
279,256,320,177
279,256,320,389
279,256,320,251
279,256,320,262
279,256,320,199
279,256,320,190
279,256,320,111
279,256,320,106
279,256,320,162
279,256,320,261
279,256,320,54
279,256,320,109
279,256,320,105
279,256,320,155
279,256,320,308
279,256,320,118
279,256,320,66
279,256,320,166
279,256,320,233
279,256,320,108
279,256,320,104
279,256,320,111
279,256,320,62
279,256,320,147
279,256,320,194
279,256,320,230
279,256,320,273
279,256,320,143
279,256,320,170
279,256,320,100
279,256,320,222
279,256,320,183
279,256,320,229
279,256,320,36
279,256,320,243
279,256,320,27
279,256,320,64
279,256,320,124
279,256,320,87
279,256,320,119
279,256,320,152
279,256,320,216
279,256,320,45
279,256,320,213
279,256,320,61
279,256,320,149
279,256,320,270
279,256,320,214
279,256,320,202
279,256,320,368
279,256,320,29
279,256,320,269
279,256,320,202
279,256,320,157
279,256,320,223
279,256,320,54
279,256,320,74
279,256,320,105
279,256,320,136
279,256,320,194
279,256,320,211
279,256,320,244
279,256,320,167
279,256,320,50
279,256,320,150
279,256,320,49
279,256,320,95
279,256,320,127
279,256,320,164
279,256,320,135
279,256,320,77
279,256,320,265
279,256,320,78
279,256,320,179
280,360,360,2020
280,360,360,1498
280,360,360,1339
280,360,360,109
280,360,360,1631
280,360,360,586
280,360,360,1839
280,360,360,2013
280,360,360,45
280,360,360,2179
280,360,360,1984
280,360,360,2783
280,360,360,2877
280,360,360,2968
280,360,360,1793
280,360,360,2030
280,360,360,3295
280,360,360,2710
280,360,360,2380
280,360,360,1293
280,360,360,1182
280,360,360,3842
280,360,360,682
280,360,360,1538
280,360,360,4105
281,256,256,253
281,256,256,195
281,256,256,298
281,256,256,176
281,256,256,325
281,256,256,102
281,256,256,25
281,256,256,373
281,256,256,252
281,256,256,278
281,256,256,293
281,256,256,260
281,256,256,264
281,256,256,368
281,256,256,23
282,360,360,1198
282,360,360,173
282,360,360,1965
282,360,360,2183
282,360,360,1157
282,360,360,2192
282,360,360,1266
282,360,360,2123
282,360,360,1365
282,360,360,536
282,360,360,36
282,360,360,995
282,360,360,1902
282,360,360,2234
282,360,360,1788
282,360,360,2160
282,360,360,1951
282,360,360,1889
282,360,360,3529
282,360,360,2989
283,256,320,283
283,256,320,100
283,256,320,179
283,256,320,191
283,256,320,269
283,256,320,219
283,256,320,178
283,256,320,150
283,256,320,53
283,256,320,190
283,256,320,178
283,256,320,179
283,256,320,90
283,256,320,274
283,256,320,63
283,256,320,255
283,256,320,161
283,256,320,306
284,256,256,57
284,256,256,66
284,256,256,22
284,256,256,52
284,256,256,88
284,256,256,42
284,256,256,101
284,256,256,99
284,256,256,124
284,256,256,64
284,256,256,30
284,256,256,71
284,256,256,49
284,256,256,73
284,256,256,103
284,256,256,90
284,256,256,38
284,256,256,56
284,256,256,68
284,256,256,48
284,256,256,81
284,256,256,60
284,256,256,21
284,256,256,87
284,256,256,57
284,256,256,82
284,256,256,54
284,256,256,52
284,256,256,91
284,256,256,58
284,256,256,79
284,256,256,54
285,256,256,524
285,256,256,637
285,256,256,264
285,256,256,531
285,256,256,600
285,256,256,99
285,256,256,258
285,256,256,125
285,256,256,139
285,256,256,299
285,256,256,132
285,256,256,135
285,256,256,634
285,256,256,144
285,256,256,98
285,256,256,257
285,256,256,323
285,256,256,177
285,256,256,240
285,256,256,240
285,256,256,148
285,256,256,67
285,256,256,320
285,256,256,280
285,256,256,111
285,256,256,418
285,256,256,359
285,256,256,630
285,256,256,332
285,256,256,327
285,256,256,181
285,256,256,644
285,256,256,194
285,256,256,243
285,256,256,63
285,256,256,658
285,256,256,411
285,256,256,656
285,256,256,464
285,256,256,521
285,256,256,195
285,256,256,511
285,256,256,416
285,256,256,27
285,256,256,383
285,256,256,369
285,256,256,279
285,256,256,55
285,256,256,81
285,256,256,476
285,256,256,610
285,256,256,91
285,256,256,473
285,256,256,544
285,256,256,481
285,256,256,30
285,256,256,523
286,256,256,302
286,256,256,199
286,256,256,141
286,256,256,100
286,256,256,328
286,256,256,80
286,256,256,50
286,256,256,175
286,256,256,186
286,256,256,371
287,256,320,423
287,256,320,579
287,256,320,3228
287,256,320,595
287,256,320,1081
287,256,320,649
287,256,320,2103
287,256,320,402
287,256,320,1388
287,256,320,2475
287,256,320,360
287,256,320,125
287,256,320,2309
287,256,320,2356
287,256,320,591
287,256,320,3554
287,256,320,2951
287,256,320,1738
287,256,320,2918
287,256,320,3080
288,256,256,112
288,256,256,129
288,256,256,125
288,256,256,84
288,256,256,67
288,256,256,73
288,256,256,78
288,256,256,50
288,256,256,102
288,256,256,74
288,256,256,103
288,256,256,119
288,256,256,87
288,256,256,136
288,256,256,185
288,256,256,113
288,256,256,79
288,256,256,73
288,256,256,113
288,256,256,72
288,256,256,67
288,256,256,53
288,256,256,72
288,256,256,97
288,256,256,105
288,256,256,204
288,256,256,123
288,256,256,175
288,256,256,100
288,256,256,92
288,256,256,105
288,256,256,194
288,256,256,72
288,256,256,108
288,256,256,88
288,256,256,82
288,256,256,87
288,256,256,59
288,256,256,93
288,256,256,103
288,256,256,136
288,256,256,121
288,256,256,102
288,256,256,73
288,256,256,122
289,256,320,1099
289,256,320,1012
289,256,320,1098
289,256,320,1329
289,256,320,997
289,256,320,1649
289,256,320,2307
289,256,320,957
289,256,320,1615
289,256,320,1237
290,520,696,558
290,520,696,488
290,520,696,191
290,520,696,567
290,520,696,581
290,520,696,130
290,520,696,686
290,520,696,538
290,520,696,505
290,520,696,483
290,520,696,541
290,520,696,543
290,520,696,455
290,520,696,545
290,520,696,495
290,520,696,480
290,520,696,481
290,520,696,127
290,520,696,617
290,520,696,528
290,520,696,446
290,520,696,338
290,520,696,323
290,520,696,460
290,520,696,473
290,520,696,488
290,520,696,663
290,520,696,79
290,520,696,416
290,520,696,541
290,520,696,49
290,520,696,592
290,520,696,466
290,520,696,452
290,520,696,183
290,520,696,452
290,520,696,493
290,520,696,188
290,520,696,199
290,520,696,131
290,520,696,466
290,520,696,655
290,520,696,566
290,520,696,370
290,520,696,567
290,520,696,468
290,520,696,435
290,520,696,620
290,520,696,406
290,520,696,243
290,520,696,508
290,520,696,620
290,520,696,587
290,520,696,331
290,520,696,525
290,520,696,524
290,520,696,29
290,520,696,554
290,520,696,504
290,520,696,263
290,520,696,636
290,520,696,271
290,520,696,406
290,520,696,568
290,520,696,306
290,520,696,493
290,520,696,606
290,520,696,527
290,520,696,457
290,520,696,373
290,520,696,581
290,520,696,200
290,520,696,438
290,520,696,640
290,520,696,360
290,520,696,338
290,520,696,614
290,520,696,264
290,520,696,564
290,520,696,528
290,520,696,190
290,520,696,606
290,520,696,471
290,520,696,505
290,520,696,289
290,520,696,488
290,520,696,519
290,520,696,456
290,520,696,510
290,520,696,549
290,520,696,119
290,520,696,521
290,520,696,473
290,520,696,555
290,520,696,518
290,520,696,451
290,520,696,206
290,520,696,427
290,520,696,250
290,520,696,399
290,520,696,649
290,520,696,453
290,520,696,448
290,520,696,582
290,520,696,542
290,520,696,567
290,520,696,557
290,520,696,330
290,520,696,139
290,520,696,325
290,520,696,599
290,520,696,425
290,520,696,547
290,520,696,65
290,520,696,472
290,520,696,366
290,520,696,489
290,520,696,536
290,520,696,555
290,520,696,612
290,520,696,367
290,520,696,533
290,520,696,395
290,520,696,434
290,520,696,88
290,520,696,347
290,520,696,185
290,520,696,162
290,520,696,332
290,520,696,539
290,520,696,286
290,520,696,354
290,520,696,204
290,520,696,503
290,520,696,450
290,520,696,301
290,520,696,428
290,520,696,51
290,520,696,439
290,520,696,166
290,520,696,556
290,520,696,462
290,520,696,691
290,520,696,428
290,520,696,475
290,520,696,413
290,520,696,276
290,520,696,459
290,520,696,603
290,520,696,168
290,520,696,140
290,520,696,710
290,520,696,446
290,520,696,904
290,520,696,521
290,520,696,211
290,520,696,466
290,520,696,359
291,520,696,616
291,520,696,597
291,520,696,2356
291,520,696,605
291,520,696,306
291,520,696,449
291,520,696,205
291,520,696,581
291,520,696,706
291,520,696,737
291,520,696,76
291,520,696,460
291,520,696,624
291,520,696,544
291,520,696,1023
291,520,696,554
291,520,696,507
291,520,696,468
291,520,696,521
291,520,696,146
291,520,696,471
291,520,696,514
291,520,696,398
291,520,696,613
291,520,696,771
291,520,696,505
291,520,696,253
291,520,696,573
291,520,696,179
291,520,696,446
291,520,696,244
291,520,696,551
291,520,696,544
291,520,696,345
291,520,696,730
291,520,696,601
291,520,696,512
291,520,696,831
291,520,696,566
291,520,696,739
291,520,696,877
291,520,696,508
291,520,696,706
291,520,696,462
291,520,696,706
291,520,696,515
291,520,696,859
291,520,696,591
291,520,696,515
291,520,696,678
291,520,696,580
291,520,696,90
291,520,696,433
291,520,696,516
291,520,696,47
291,520,696,587
291,520,696,128
291,520,696,836
291,520,696,519
291,520,696,140
291,520,696,654
292,520,696,509
292,520,696,442
292,520,696,560
292,520,696,742
292,520,696,384
292,520,696,558
292,520,696,332
292,520,696,654
292,520,696,473
292,520,696,509
292,520,696,725
292,520,696,560
292,520,696,457
292,520,696,590
292,520,696,491
292,520,696,789
292,520,696,714
292,520,696,439
292,520,696,878
292,520,696,729
292,520,696,849
292,520,696,408
292,520,696,644
292,520,696,161
292,520,696,239
292,520,696,405
292,520,696,235
292,520,696,831
292,520,696,459
292,520,696,521
292,520,696,397
292,520,696,727
292,520,696,452
292,520,696,662
292,520,696,684
292,520,696,594
292,520,696,828
292,520,696,705
292,520,696,558
292,520,696,329
292,520,696,677
292,520,696,528
292,520,696,605
292,520,696,657
292,520,696,701
292,520,696,843
292,520,696,621
292,520,696,676
292,520,696,862
292,520,696,367
292,520,696,443
292,520,696,789
292,520,696,683
292,520,696,689
292,520,696,334
292,520,696,753
292,520,696,934
292,520,696,954
292,520,696,529
292,520,696,447
292,520,696,489
292,520,696,437
292,520,696,532
292,520,696,473
292,520,696,905
292,520,696,788
292,520,696,489
292,520,696,313
292,520,696,156
292,520,696,579
292,520,696,626
292,520,696,529
292,520,696,540
292,520,696,867
292,520,696,493
292,520,696,473
292,520,696,484
292,520,696,669
292,520,696,742
292,520,696,788
292,520,696,701
292,520,696,41
292,520,696,209
292,520,696,485
292,520,696,625
292,520,696,584
292,520,696,537
292,520,696,706
292,520,696,719
292,520,696,381
292,520,696,620
292,520,696,472
292,520,696,905
292,520,696,739
292,520,696,312
292,520,696,610
292,520,696,479
292,520,696,839
292,520,696,815
292,520,696,442
292,520,696,464
292,520,696,662
292,520,696,932
292,520,696,411
292,520,696,477
292,520,696,246
292,520,696,565
292,520,696,755
292,520,696,592
292,520,696,702
292,520,696,434
292,520,696,233
292,520,696,624
292,520,696,1392
292,520,696,590
292,520,696,614
292,520,696,611
292,520,696,701
292,520,696,718
292,520,696,660
292,520,696,592
292,520,696,705
292,520,696,575
292,520,696,451
292,520,696,715
292,520,696,497
292,520,696,817
292,520,696,461
292,520,696,432
292,520,696,882
292,520,696,135
292,520,696,865
292,520,696,743
292,520,696,171
292,520,696,679
292,520,696,832
292,520,696,264
292,520,696,601
292,520,696,179
292,520,696,528
292,520,696,120
292,520,696,494
292,520,696,764
292,520,696,683
292,520,696,715
292,520,696,474
292,520,696,595
292,520,696,526
292,520,696,448
292,520,696,513
292,520,696,444
292,520,696,187
292,520,696,681
292,520,696,130
292,520,696,243
292,520,696,660
292,520,696,854
292,520,696,809
292,520,696,605
292,520,696,460
292,520,696,576
292,520,696,485
292,520,696,586
292,520,696,681
292,520,696,792
292,520,696,1025
292,520,696,829
292,520,696,608
292,520,696,491
292,520,696,189
292,520,696,502
292,520,696,387
292,520,696,323
292,520,696,858
292,520,696,75
292,520,696,174
292,520,696,473
292,520,696,538
292,520,696,449
292,520,696,592
292,520,696,599
292,520,696,731
292,520,696,637
292,520,696,398
292,520,696,489
292,520,696,239
292,520,696,1733
292,520,696,390
292,520,696,102
292,520,696,568
292,520,696,574
293,360,360,1315
293,360,360,1959
293,360,360,2210
293,360,360,2008
293,360,360,125
293,360,360,2239
293,360,360,2391
293,360,360,1160
293,360,360,2616
293,360,360,670
293,360,360,2715
293,360,360,135
293,360,360,2329
293,360,360,3332
293,360,360,1994
293,360,360,2442
293,360,360,1736
293,360,360,42
294,256,256,156
294,256,256,129
294,256,256,114
294,256,256,152
294,256,256,79
294,256,256,108
294,256,256,85
294,256,256,135
294,256,256,123
294,256,256,108
294,256,256,118
294,256,256,200
294,256,256,156
294,256,256,123
294,256,256,143
294,256,256,101
294,256,256,115
294,256,256,53
294,256,256,127
294,256,256,87
294,256,256,190
294,256,256,47
294,256,256,112
294,256,256,184
294,256,256,98
294,256,256,144
294,256,256,60
294,256,256,106
294,256,256,144
294,256,256,204
294,256,256,131
294,256,256,181
294,256,256,43
294,256,256,121
294,256,256,116
294,256,256,122
294,256,256,100
294,256,256,121
294,256,256,152
294,256,256,53
294,256,256,148
294,256,256,327
294,256,256,93
294,256,256,164
294,256,256,135
294,256,256,38
295,360,360,2159
295,360,360,77
295,360,360,577
295,360,360,1807
295,360,360,1756
295,360,360,146
295,360,360,3338
295,360,360,36
295,360,360,979
295,360,360,2165
295,360,360,22
295,360,360,42
295,360,360,2500
295,360,360,914
295,360,360,2285
295,360,360,2417
295,360,360,2048
295,360,360,2035
295,360,360,919
295,360,360,2339
295,360,360,1915
295,360,360,2665
295,360,360,2383
295,360,360,54
295,360,360,2194
296,256,320,503
296,256,320,114
296,256,320,199
296,256,320,437
296,256,320,132
296,256,320,135
296,256,320,72
296,256,320,100
296,256,320,30
296,256,320,217
296,256,320,191
296,256,320,34
296,256,320,296
296,256,320,55
296,256,320,141
296,256,320,683
296,256,320,56
296,256,320,448
296,256,320,130
296,256,320,137
296,256,320,99
296,256,320,249
296,256,320,304
296,256,320,360
296,256,320,278
296,256,320,551
296,256,320,496
296,256,320,364
296,256,320,381
296,256,320,65
296,256,320,137
296,256,320,272
296,256,320,220
296,256,320,357
296,256,320,116
296,256,320,106
296,256,320,165
296,256,320,135
296,256,320,140
296,256,320,258
296,256,320,158
296,256,320,56
296,256,320,215
296,256,320,298
296,256,320,104
296,256,320,82
296,256,320,44
296,256,320,38
296,256,320,105
296,256,320,440
296,256,320,121
296,256,320,176
296,256,320,167
296,256,320,64
296,256,320,150
296,256,320,147
296,256,320,114
296,256,320,161
296,256,320,66
296,256,320,160
296,256,320,172
296,256,320,163
296,256,320,100
296,256,320,177
296,256,320,87
296,256,320,192
296,256,320,103
296,256,320,60
296,256,320,146
296,256,320,112
296,256,320,351
296,256,320,93
296,256,320,130
296,256,320,117
296,256,320,489
296,256,320,77
296,256,320,187
296,256,320,82
296,256,320,256
296,256,320,365
296,256,320,192
296,256,320,101
296,256,320,46
296,256,320,243
296,256,320,177
296,256,320,43
296,256,320,137
296,256,320,173
296,256,320,653
296,256,320,77
296,256,320,181
296,256,320,247
296,256,320,207
296,256,320,60
296,256,320,155
296,256,320,104
296,256,320,132
296,256,320,121
296,256,320,114
296,256,320,159
296,256,320,104
296,256,320,178
296,256,320,165
296,256,320,147
296,256,320,106
296,256,320,158
296,256,320,26
296,256,320,338
296,256,320,148
296,256,320,46
296,256,320,159
297,256,256,157
297,256,256,84
297,256,256,97
297,256,256,371
297,256,256,157
297,256,256,176
297,256,256,146
297,256,256,244
298,256,320,687
298,256,320,1432
298,256,320,864
298,256,320,2945
298,256,320,759
298,256,320,309
298,256,320,852
298,256,320,1555
298,256,320,1741
298,256,320,666
298,256,320,1531
298,256,320,1753
298,256,320,802
298,256,320,1042
298,256,320,986
298,256,320,1080
298,256,320,2891
299,256,256,99
299,256,256,129
299,256,256,125
299,256,256,81
299,256,256,109
299,256,256,81
299,256,256,226
299,256,256,92
299,256,256,81
299,256,256,113
299,256,256,184
299,256,256,105
299,256,256,250
299,256,256,107
299,256,256,146
299,256,256,153
299,256,256,122
299,256,256,97
299,256,256,67
299,256,256,149
299,256,256,142
299,256,256,51
299,256,256,120
299,256,256,94
299,256,256,140
299,256,256,23
299,256,256,70
299,256,256,93
299,256,256,124
299,256,256,147
299,256,256,28
299,256,256,313
299,256,256,132
300,520,696,1237
300,520,696,1934
300,520,696,2074
300,520,696,2042
300,520,696,1538
300,520,696,69
300,520,696,1879
300,520,696,2214
300,520,696,1717
300,520,696,1329
300,520,696,2349
300,520,696,3511
300,520,696,2123
300,520,696,2388
300,520,696,2812
300,520,696,878
300,520,696,2062
300,520,696,1971
300,520,696,2008
300,520,696,2040
301,256,256,358
301,256,256,27
301,256,256,178
301,256,256,121
301,256,256,229
301,256,256,186
301,256,256,117
302,360,360,2247
302,360,360,2114
302,360,360,1027
302,360,360,3065
302,360,360,2286
302,360,360,1487
302,360,360,2616
302,360,360,264
302,360,360,2200
302,360,360,209
302,360,360,2324
302,360,360,72
302,360,360,1214
302,360,360,2419
302,360,360,1545
302,360,360,3800
302,360,360,1774
302,360,360,2098
302,360,360,2746
302,360,360,2319
302,360,360,2570
302,360,360,1374
302,360,360,1319
303,520,696,87
303,520,696,544
303,520,696,792
303,520,696,845
303,520,696,503
303,520,696,843
303,520,696,406
303,520,696,474
303,520,696,741
303,520,696,635
303,520,696,675
303,520,696,388
303,520,696,350
303,520,696,485
303,520,696,914
303,520,696,594
303,520,696,492
303,520,696,499
303,520,696,324
303,520,696,792
303,520,696,495
303,520,696,608
303,520,696,517
303,520,696,496
303,520,696,395
303,520,696,737
303,520,696,120
303,520,696,709
303,520,696,798
303,520,696,461
303,520,696,727
303,520,696,845
303,520,696,985
303,520,696,1030
303,520,696,592
303,520,696,502
303,520,696,716
303,520,696,379
303,520,696,737
303,520,696,479
303,520,696,879
303,520,696,531
303,520,696,847
303,520,696,499
303,520,696,157
303,520,696,558
303,520,696,789
303,520,696,480
303,520,696,500
303,520,696,417
303,520,696,553
303,520,696,562
303,520,696,558
303,520,696,546
303,520,696,446
303,520,696,583
303,520,696,1027
303,520,696,569
303,520,696,561
303,520,696,842
303,520,696,555
303,520,696,394
303,520,696,416
303,520,696,501
303,520,696,500
303,520,696,306
303,520,696,719
303,520,696,506
303,520,696,656
303,520,696,648
303,520,696,142
303,520,696,934
303,520,696,255
303,520,696,461
303,520,696,574
303,520,696,654
303,520,696,939
303,520,696,629
303,520,696,744
303,520,696,381
303,520,696,504
303,520,696,511
303,520,696,636
303,520,696,913
303,520,696,745
303,520,696,1055
303,520,696,607
303,520,696,111
303,520,696,420
303,520,696,735
303,520,696,553
303,520,696,494
303,520,696,983
303,520,696,723
303,520,696,501
303,520,696,403
303,520,696,771
303,520,696,693
303,520,696,1010
303,520,696,767
303,520,696,395
303,520,696,525
303,520,696,627
303,520,696,451
303,520,696,352
303,520,696,681
303,520,696,852
303,520,696,543
303,520,696,729
303,520,696,870
303,520,696,1171
303,520,696,717
303,520,696,472
303,520,696,244
303,520,696,734
303,520,696,613
303,520,696,588
303,520,696,440
303,520,696,378
303,520,696,879
303,520,696,572
303,520,696,96
303,520,696,463
303,520,696,1102
303,520,696,363
303,520,696,571
303,520,696,142
303,520,696,330
303,520,696,418
303,520,696,603
303,520,696,254
303,520,696,623
303,520,696,367
303,520,696,981
303,520,696,831
303,520,696,446
303,520,696,599
303,520,696,733
303,520,696,630
303,520,696,611
303,520,696,642
303,520,696,703
303,520,696,971
303,520,696,464
303,520,696,540
303,520,696,586
303,520,696,515
303,520,696,847
303,520,696,597
303,520,696,668
303,520,696,690
303,520,696,759
303,520,696,584
303,520,696,548
303,520,696,875
303,520,696,628
303,520,696,743
303,520,696,508
303,520,696,451
303,520,696,463
303,520,696,569
303,520,696,493
303,520,696,743
303,520,696,266
303,520,696,298
303,520,696,589
303,520,696,584
303,520,696,541
303,520,696,605
303,520,696,1009
303,520,696,478
303,520,696,99
303,520,696,541
303,520,696,602
303,520,696,586
303,520,696,489
303,520,696,428
303,520,696,459
303,520,696,548
303,520,696,825
303,520,696,432
303,520,696,847
303,520,696,488
303,520,696,613
303,520,696,650
303,520,696,807
303,520,696,674
303,520,696,885
303,520,696,477
303,520,696,477
303,520,696,687
303,520,696,607
303,520,696,439
303,520,696,866
303,520,696,252
303,520,696,825
303,520,696,550
303,520,696,654
303,520,696,558
303,520,696,623
303,520,696,753
303,520,696,693
303,520,696,599
303,520,696,799
303,520,696,552
303,520,696,720
304,520,696,672
304,520,696,488
304,520,696,1003
304,520,696,560
304,520,696,723
304,520,696,1348
304,520,696,489
304,520,696,462
304,520,696,644
304,520,696,734
304,520,696,573
304,520,696,34
304,520,696,472
304,520,696,430
304,520,696,663
304,520,696,578
304,520,696,511
304,520,696,529
304,520,696,529
304,520,696,553
304,520,696,752
304,520,696,176
304,520,696,551
304,520,696,530
304,520,696,641
304,520,696,391
304,520,696,752
304,520,696,610
304,520,696,520
304,520,696,385
304,520,696,657
304,520,696,710
304,520,696,506
304,520,696,935
304,520,696,310
304,520,696,548
304,520,696,718
304,520,696,646
304,520,696,579
304,520,696,538
304,520,696,924
304,520,696,556
304,520,696,534
304,520,696,555
304,520,696,663
304,520,696,675
304,520,696,811
304,520,696,588
304,520,696,563
304,520,696,838
304,520,696,420
304,520,696,600
304,520,696,503
304,520,696,522
304,520,696,642
304,520,696,603
304,520,696,775
304,520,696,715
304,520,696,355
304,520,696,749
304,520,696,869
304,520,696,554
304,520,696,473
304,520,696,409
304,520,696,601
304,520,696,1264
304,520,696,592
304,520,696,615
304,520,696,576
304,520,696,717
304,520,696,380
304,520,696,499
304,520,696,566
304,520,696,621
304,520,696,496
304,520,696,981
304,520,696,573
304,520,696,730
304,520,696,586
304,520,696,716
304,520,696,1022
304,520,696,650
304,520,696,556
304,520,696,388
304,520,696,567
304,520,696,554
304,520,696,541
304,520,696,1068
304,520,696,813
304,520,696,692
304,520,696,802
304,520,696,709
304,520,696,613
304,520,696,45
304,520,696,547
304,520,696,744
304,520,696,333
304,520,696,333
304,520,696,540
304,520,696,691
304,520,696,748
304,520,696,581
304,520,696,195
304,520,696,912
304,520,696,905
304,520,696,632
304,520,696,981
304,520,696,594
304,520,696,94
304,520,696,33
304,520,696,563
304,520,696,643
304,520,696,465
304,520,696,416
304,520,696,565
304,520,696,753
304,520,696,680
304,520,696,615
304,520,696,579
304,520,696,733
304,520,696,630
304,520,696,392
304,520,696,298
304,520,696,339
304,520,696,477
304,520,696,341
304,520,696,477
304,520,696,426
304,520,696,557
304,520,696,804
304,520,696,756
304,520,696,660
304,520,696,447
305,360,360,829
305,360,360,1695
305,360,360,239
305,360,360,207
305,360,360,230
305,360,360,847
305,360,360,2903
305,360,360,2891
305,360,360,1883
305,360,360,3142
305,360,360,42
305,360,360,675
305,360,360,1914
305,360,360,1662
305,360,360,2583
305,360,360,1420
305,360,360,1625
305,360,360,655
305,360,360,692
305,360,360,186
305,360,360,34
305,360,360,2045
305,360,360,1779
305,360,360,1385
305,360,360,1912
305,360,360,59
305,360,360,1620
305,360,360,1554
306,256,320,185
306,256,320,80
306,256,320,387
306,256,320,214
306,256,320,130
306,256,320,296
306,256,320,211
306,256,320,148
306,256,320,165
306,256,320,222
306,256,320,320
306,256,320,184
306,256,320,340
306,256,320,66
306,256,320,72
306,256,320,133
306,256,320,543
306,256,320,356
306,256,320,390
306,256,320,238
306,256,320,149
306,256,320,376
306,256,320,254
306,256,320,195
306,256,320,158
306,256,320,300
306,256,320,340
306,256,320,306
306,256,320,147
306,256,320,140
306,256,320,303
306,256,320,185
306,256,320,209
306,256,320,75
306,256,320,268
306,256,320,130
306,256,320,36
306,256,320,200
306,256,320,363
306,256,320,264
306,256,320,133
306,256,320,69
306,256,320,279
306,256,320,262
306,256,320,297
306,256,320,367
306,256,320,54
306,256,320,217
306,256,320,274
306,256,320,237
306,256,320,127
306,256,320,70
306,256,320,172
306,256,320,270
306,256,320,224
306,256,320,289
306,256,320,207
306,256,320,248
306,256,320,345
306,256,320,166
306,256,320,207
306,256,320,152
306,256,320,112
306,256,320,152
306,256,320,184
306,256,320,245
306,256,320,73
306,256,320,81
306,256,320,337
306,256,320,111
306,256,320,148
306,256,320,277
306,256,320,484
306,256,320,95
306,256,320,145
306,256,320,272
306,256,320,103
306,256,320,41
306,256,320,217
306,256,320,187
306,256,320,264
306,256,320,121
306,256,320,471
306,256,320,178
306,256,320,123
306,256,320,288
306,256,320,138
306,256,320,83
306,256,320,91
306,256,320,255
306,256,320,189
306,256,320,116
306,256,320,243
306,256,320,206
306,256,320,217
306,256,320,303
306,256,320,153
307,256,320,1580
307,256,320,333
307,256,320,1695
307,256,320,482
307,256,320,2015
307,256,320,213
307,256,320,498
307,256,320,1371
307,256,320,1009
307,256,320,1293
307,256,320,879
307,256,320,1899
307,256,320,1669
307,256,320,60
307,256,320,2443
307,256,320,230
307,256,320,1332
307,256,320,895
307,256,320,1811
307,256,320,971
307,256,320,912
307,256,320,2060
308,256,320,36
308,256,320,492
308,256,320,110
308,256,320,237
308,256,320,175
308,256,320,804
308,256,320,276
308,256,320,538
308,256,320,433
308,256,320,564
308,256,320,360
308,256,320,261
308,256,320,135
308,256,320,115
308,256,320,126
308,256,320,32
308,256,320,101
308,256,320,288
308,256,320,98
308,256,320,222
308,256,320,333
308,256,320,86
308,256,320,91
308,256,320,217
308,256,320,650
308,256,320,28
308,256,320,264
308,256,320,469
308,256,320,53
308,256,320,275
308,256,320,358
308,256,320,265
308,256,320,762
308,256,320,124
308,256,320,21
308,256,320,336
308,256,320,284
308,256,320,435
308,256,320,271
308,256,320,537
308,256,320,213
308,256,320,492
308,256,320,72
308,256,320,353
308,256,320,39
308,256,320,126
308,256,320,209
308,256,320,245
308,256,320,49
308,256,320,432
308,256,320,422
308,256,320,491
308,256,320,226
308,256,320,545
308,256,320,244
308,256,320,368
308,256,320,204
308,256,320,684
308,256,320,294
308,256,320,576
308,256,320,223
309,512,640,1785
309,512,640,688
309,512,640,1468
309,512,640,1990
309,512,640,934
309,512,640,735
309,512,640,769
309,512,640,3497
309,512,640,1108
309,512,640,507
309,512,640,728
309,512,640,2242
309,512,640,1573
309,512,640,243
309,512,640,2936
309,512,640,1776
309,512,640,3922
309,512,640,315
310,256,256,137
310,256,256,242
310,256,256,253
310,256,256,157
310,256,256,25
310,256,256,258
310,256,256,185
311,256,256,261
311,256,256,91
311,256,256,236
311,256,256,327
311,256,256,175
311,256,256,90
311,256,256,428
311,256,256,37
311,256,256,21
311,256,256,223
311,256,256,136
311,256,256,21
311,256,256,275
311,256,256,60
311,256,256,166
311,256,256,21
311,256,256,205
311,256,256,209
311,256,256,113
311,256,256,63
311,256,256,339
311,256,256,62
311,256,256,30
311,256,256,21
311,256,256,21
312,256,320,112
312,256,320,76
312,256,320,107
312,256,320,154
312,256,320,79
312,256,320,263
312,256,320,22
312,256,320,40
312,256,320,151
312,256,320,88
312,256,320,97
312,256,320,49
312,256,320,117
312,256,320,64
312,256,320,37
312,256,320,287
312,256,320,82
312,256,320,103
312,256,320,114
312,256,320,222
312,256,320,109
312,256,320,159
312,256,320,40
312,256,320,153
313,256,256,159
313,256,256,125
313,256,256,189
313,256,256,169
313,256,256,134
313,256,256,215
313,256,256,257
313,256,256,189
313,256,256,400
313,256,256,88
313,256,256,86
313,256,256,316
313,256,256,289
313,256,256,275
313,256,256,21
313,256,256,340
313,256,256,178
313,256,256,150
313,256,256,21
313,256,256,21
313,256,256,21
313,256,256,225
313,256,256,145
313,256,256,221
313,256,256,318
313,256,256,48
313,256,256,167
313,256,256,21
313,256,256,65
313,256,256,359
313,256,256,317
313,256,256,149
313,256,256,154
314,256,256,23
314,256,256,203
314,256,256,141
314,256,256,401
314,256,256,152
314,256,256,153
314,256,256,101
314,256,256,419
314,256,256,311
314,256,256,268
314,256,256,327
314,256,256,338
314,256,256,207
314,256,256,199
314,256,256,196
314,256,256,287
314,256,256,366
314,256,256,308
314,256,256,122
314,256,256,139
314,256,256,298
314,256,256,281
314,256,256,152
314,256,256,378
314,256,256,196
314,256,256,369
314,256,256,283
314,256,256,135
314,256,256,176
315,1024,1024,103
315,1024,1024,35
315,1024,1024,144
315,1024,1024,111
315,1024,1024,105
315,1024,1024,351
315,1024,1024,353
315,1024,1024,174
315,1024,1024,408
315,1024,1024,281
315,1024,1024,487
315,1024,1024,130
315,1024,1024,373
315,1024,1024,162
315,1024,1024,337
315,1024,1024,371
315,1024,1024,248
315,1024,1024,82
315,1024,1024,117
315,1024,1024,170
315,1024,1024,562
315,1024,1024,326
315,1024,1024,64
315,1024,1024,519
315,1024,1024,123
315,1024,1024,426
315,1024,1024,416
315,1024,1024,642
315,1024,1024,393
315,1024,1024,52
315,1024,1024,89
315,1024,1024,63
315,1024,1024,90
315,1024,1024,140
315,1024,1024,129
315,1024,1024,410
315,1024,1024,394
315,1024,1024,94
315,1024,1024,89
315,1024,1024,178
315,1024,1024,306
315,1024,1024,177
315,1024,1024,222
315,1024,1024,308
315,1024,1024,194
315,1024,1024,69
315,1024,1024,568
315,1024,1024,477
315,1024,1024,70
315,1024,1024,237
315,1024,1024,265
315,1024,1024,64
315,1024,1024,25
315,1024,1024,22
315,1024,1024,316
315,1024,1024,505
315,1024,1024,161
315,1024,1024,391
315,1024,1024,481
315,1024,1024,73
315,1024,1024,280
315,1024,1024,327
315,1024,1024,294
316,256,256,68
316,256,256,49
316,256,256,43
316,256,256,71
316,256,256,107
316,256,256,68
316,256,256,102
316,256,256,71
316,256,256,67
316,256,256,60
316,256,256,79
316,256,256,84
316,256,256,59
316,256,256,72
316,256,256,106
316,256,256,62
316,256,256,66
316,256,256,68
316,256,256,83
316,256,256,53
316,256,256,77
316,256,256,57
316,256,256,103
316,256,256,58
316,256,256,68
316,256,256,70
316,256,256,102
316,256,256,79
316,256,256,109
316,256,256,36
316,256,256,94
316,256,256,89
316,256,256,47
316,256,256,79
316,256,256,69
317,360,360,3096
317,360,360,255
317,360,360,2812
317,360,360,1021
317,360,360,1949
317,360,360,1551
317,360,360,1841
317,360,360,2142
317,360,360,24
317,360,360,124
317,360,360,56
317,360,360,3625
317,360,360,27
317,360,360,21
317,360,360,582
317,360,360,89
317,360,360,21
317,360,360,465
317,360,360,2340
317,360,360,2032
317,360,360,26
317,360,360,2243
317,360,360,99
317,360,360,1708
317,360,360,1094
317,360,360,477
317,360,360,54
317,360,360,1493
317,360,360,1505
317,360,360,2557
317,360,360,755
317,360,360,2225
317,360,360,2690
318,520,696,263
318,520,696,127
318,520,696,792
318,520,696,602
318,520,696,152
318,520,696,716
318,520,696,967
318,520,696,163
318,520,696,750
318,520,696,1016
318,520,696,991
318,520,696,855
318,520,696,559
318,520,696,424
318,520,696,841
318,520,696,541
318,520,696,463
318,520,696,976
318,520,696,737
318,520,696,1118
318,520,696,577
318,520,696,191
318,520,696,480
318,520,696,660
318,520,696,795
318,520,696,805
318,520,696,687
318,520,696,611
318,520,696,136
318,520,696,573
318,520,696,557
318,520,696,685
318,520,696,597
318,520,696,518
318,520,696,1039
318,520,696,79
318,520,696,230
318,520,696,310
318,520,696,337
318,520,696,501
318,520,696,680
318,520,696,783
318,520,696,245
318,520,696,677
318,520,696,462
318,520,696,528
318,520,696,879
318,520,696,747
318,520,696,422
318,520,696,118
318,520,696,857
318,520,696,815
318,520,696,426
318,520,696,1333
318,520,696,597
318,520,696,703
318,520,696,710
318,520,696,237
318,520,696,517
318,520,696,527
318,520,696,296
318,520,696,616
318,520,696,522
318,520,696,122
318,520,696,553
318,520,696,655
318,520,696,708
318,520,696,422
318,520,696,782
318,520,696,683
318,520,696,804
318,520,696,727
318,520,696,224
318,520,696,599
318,520,696,551
318,520,696,636
318,520,696,520
318,520,696,139
318,520,696,694
318,520,696,798
318,520,696,545
318,520,696,577
318,520,696,655
318,520,696,445
318,520,696,564
318,520,696,640
318,520,696,753
318,520,696,169
318,520,696,230
318,520,696,596
318,520,696,717
318,520,696,873
318,520,696,759
318,520,696,666
318,520,696,395
318,520,696,738
318,520,696,544
318,520,696,580
318,520,696,24
318,520,696,908
318,520,696,1085
318,520,696,421
318,520,696,908
318,520,696,517
318,520,696,844
318,520,696,778
318,520,696,858
318,520,696,482
318,520,696,749
318,520,696,934
318,520,696,522
319,256,320,532
319,256,320,354
319,256,320,672
319,256,320,169
319,256,320,514
319,256,320,115
319,256,320,472
319,256,320,97
319,256,320,328
319,256,320,268
319,256,320,470
319,256,320,193
319,256,320,488
319,256,320,311
319,256,320,80
319,256,320,314
319,256,320,495
319,256,320,603
319,256,320,857
319,256,320,261
319,256,320,51
319,256,320,79
319,256,320,903
319,256,320,398
319,256,320,103
319,256,320,478
319,256,320,610
319,256,320,22
319,256,320,240
319,256,320,524
319,256,320,263
319,256,320,480
319,256,320,415
319,256,320,51
319,256,320,304
319,256,320,143
319,256,320,659
319,256,320,293
319,256,320,463
319,256,320,104
319,256,320,130
319,256,320,375
319,256,320,49
319,256,320,220
319,256,320,178
320,360,360,2402
320,360,360,50
320,360,360,2898
320,360,360,1893
320,360,360,77
320,360,360,84
320,360,360,1658
320,360,360,311
320,360,360,1813
320,360,360,1780
320,360,360,1487
320,360,360,1754
320,360,360,2265
320,360,360,551
320,360,360,24
320,360,360,1956
320,360,360,375
320,360,360,25
320,360,360,104
320,360,360,70
320,360,360,1415
320,360,360,2043
320,360,360,961
320,360,360,2274
320,360,360,45
320,360,360,1887
320,360,360,188
320,360,360,1425
320,360,360,1487
320,360,360,24
320,360,360,581
320,360,360,327
320,360,360,3380
320,360,360,235
320,360,360,239
320,360,360,1916
320,360,360,2051
320,360,360,1532
320,360,360,119
320,360,360,1353
320,360,360,2350
320,360,360,1457
320,360,360,2246
320,360,360,38
321,256,320,782
321,256,320,389
321,256,320,523
321,256,320,212
321,256,320,675
321,256,320,309
321,256,320,430
321,256,320,335
321,256,320,803
321,256,320,1129
321,256,320,522
321,256,320,1598
321,256,320,838
321,256,320,316
321,256,320,459
321,256,320,793
321,256,320,867
321,256,320,891
321,256,320,971
321,256,320,102
321,256,320,234
321,256,320,499
321,256,320,873
321,256,320,998
321,256,320,427
321,256,320,41
321,256,320,309
321,256,320,601
321,256,320,974
321,256,320,498
321,256,320,439
321,256,320,171
321,256,320,143
322,256,256,123
322,256,256,533
322,256,256,403
322,256,256,473
322,256,256,637
322,256,256,305
322,256,256,354
322,256,256,169
322,256,256,589
322,256,256,455
322,256,256,540
322,256,256,504
322,256,256,273
322,256,256,417
322,256,256,574
322,256,256,332
322,256,256,428
322,256,256,250
322,256,256,526
322,256,256,481
322,256,256,486
322,256,256,347
322,256,256,390
322,256,256,398
322,256,256,380
322,256,256,167
322,256,256,257
322,256,256,650
322,256,256,493
322,256,256,418
323,256,256,158
323,256,256,198
323,256,256,62
323,256,256,143
323,256,256,52
323,256,256,67
323,256,256,147
323,256,256,118
323,256,256,82
323,256,256,77
323,256,256,59
323,256,256,101
323,256,256,139
323,256,256,85
323,256,256,32
323,256,256,80
323,256,256,71
323,256,256,109
323,256,256,110
324,360,360,1861
324,360,360,119
324,360,360,1808
324,360,360,1229
324,360,360,501
324,360,360,1821
324,360,360,1794
324,360,360,2033
324,360,360,928
324,360,360,2564
324,360,360,364
324,360,360,1586
324,360,360,415
324,360,360,2242
324,360,360,2453
324,360,360,1762
324,360,360,3312
324,360,360,151
324,360,360,2053
324,360,360,1966
324,360,360,974
324,360,360,2246
324,360,360,3213
324,360,360,2235
324,360,360,2399
325,360,360,2369
325,360,360,2015
325,360,360,927
325,360,360,475
325,360,360,1867
325,360,360,502
325,360,360,2089
325,360,360,2092
325,360,360,1767
325,360,360,2883
325,360,360,56
325,360,360,3028
325,360,360,1836
325,360,360,1423
325,360,360,2044
325,360,360,1827
325,360,360,1862
325,360,360,1608
325,360,360,1583
325,360,360,981
325,360,360,1374
325,360,360,2220
326,520,696,2305
326,520,696,2103
326,520,696,2085
326,520,696,2370
326,520,696,3037
326,520,696,2076
326,520,696,3185
326,520,696,1498
326,520,696,72
326,520,696,2101
326,520,696,2800
326,520,696,2136
327,256,320,426
327,256,320,419
327,256,320,281
327,256,320,363
327,256,320,226
327,256,320,53
327,256,320,219
327,256,320,365
327,256,320,390
327,256,320,169
327,256,320,49
327,256,320,150
327,256,320,368
327,256,320,501
327,256,320,304
327,256,320,54
327,256,320,157
327,256,320,347
327,256,320,110
327,256,320,231
327,256,320,118
327,256,320,585
327,256,320,456
327,256,320,455
327,256,320,158
327,256,320,608
327,256,320,345
327,256,320,145
327,256,320,252
327,256,320,634
327,256,320,213
327,256,320,209
327,256,320,375
327,256,320,613
327,256,320,177
327,256,320,223
327,256,320,526
327,256,320,1023
327,256,320,85
327,256,320,406
327,256,320,438
327,256,320,258
327,256,320,182
327,256,320,335
327,256,320,208
327,256,320,140
327,256,320,412
327,256,320,119
327,256,320,248
327,256,320,368
327,256,320,63
327,256,320,370
327,256,320,380
327,256,320,190
327,256,320,486
327,256,320,364
327,256,320,154
327,256,320,42
327,256,320,251
327,256,320,223
327,256,320,150
327,256,320,21
327,256,320,452
327,256,320,89
327,256,320,386
327,256,320,775
327,256,320,469
327,256,320,327
327,256,320,77
327,256,320,167
327,256,320,103
327,256,320,318
327,256,320,405
327,256,320,173
328,256,256,64
328,256,256,111
328,256,256,96
328,256,256,106
328,256,256,121
328,256,256,118
328,256,256,30
328,256,256,134
328,256,256,151
328,256,256,167
328,256,256,130
328,256,256,117
328,256,256,111
328,256,256,107
328,256,256,157
328,256,256,127
328,256,256,123
328,256,256,61
328,256,256,132
328,256,256,143
328,256,256,127
328,256,256,104
328,256,256,113
328,256,256,56
328,256,256,131
328,256,256,135
328,256,256,153
328,256,256,140
328,256,256,129
328,256,256,148
328,256,256,154
328,256,256,101
328,256,256,111
328,256,256,120
328,256,256,97
328,256,256,121
328,256,256,143
328,256,256,131
328,256,256,152
328,256,256,100
328,256,256,117
328,256,256,197
328,256,256,152
328,256,256,80
328,256,256,133
328,256,256,138
328,256,256,155
328,256,256,146
328,256,256,107
328,256,256,127
328,256,256,107
328,256,256,115
328,256,256,109
328,256,256,245
328,256,256,125
328,256,256,113
328,256,256,119
328,256,256,147
328,256,256,120
328,256,256,123
328,256,256,133
328,256,256,122
328,256,256,135
328,256,256,107
328,256,256,105
328,256,256,81
329,256,256,79
329,256,256,26
329,256,256,80
329,256,256,55
329,256,256,66
329,256,256,65
329,256,256,78
329,256,256,70
329,256,256,53
329,256,256,127
329,256,256,58
329,256,256,86
329,256,256,61
329,256,256,97
329,256,256,50
329,256,256,78
329,256,256,125
329,256,256,69
329,256,256,46
329,256,256,164
329,256,256,73
329,256,256,222
329,256,256,51
329,256,256,62
329,256,256,86
329,256,256,165
329,256,256,78
329,256,256,108
329,256,256,84
329,256,256,75
329,256,256,56
329,256,256,78
329,256,256,66
329,256,256,67
329,256,256,82
329,256,256,93
329,256,256,107
329,256,256,86
329,256,256,54
329,256,256,101
329,256,256,105
329,256,256,194
329,256,256,25
329,256,256,104
329,256,256,68
329,256,256,93
329,256,256,144
329,256,256,75
329,256,256,96
329,256,256,79
329,256,256,73
329,256,256,103
329,256,256,110
329,256,256,80
329,256,256,148
329,256,256,65
329,256,256,58
329,256,256,59
329,256,256,70
329,256,256,176
329,256,256,95
329,256,256,120
329,256,256,101
329,256,256,115
329,256,256,74
329,256,256,88
329,256,256,66
329,256,256,115
329,256,256,53
329,256,256,87
329,256,256,43
329,256,256,77
329,256,256,87
329,256,256,74
329,256,256,110
330,256,256,199
330,256,256,143
330,256,256,148
330,256,256,137
330,256,256,137
330,256,256,174
331,256,256,109
331,256,256,278
331,256,256,254
331,256,256,121
331,256,256,149
331,256,256,209
331,256,256,138
331,256,256,170
331,256,256,125
331,256,256,91
331,256,256,231
331,256,256,124
332,260,347,26
333,256,256,614
333,256,256,349
333,256,256,144
333,256,256,44
333,256,256,194
333,256,256,477
333,256,256,663
333,256,256,297
333,256,256,372
333,256,256,246
333,256,256,388
333,256,256,886
333,256,256,459
333,256,256,378
333,256,256,266
333,256,256,316
333,256,256,467
333,256,256,126
333,256,256,331
333,256,256,200
333,256,256,547
333,256,256,265
333,256,256,321
333,256,256,331
333,256,256,88
333,256,256,527
333,256,256,318
333,256,256,291
333,256,256,194
333,256,256,488
333,256,256,303
333,256,256,129
333,256,256,219
333,256,256,452
333,256,256,553
333,256,256,559
333,256,256,335
333,256,256,205
333,256,256,345
333,256,256,334
333,256,256,375
333,256,256,291
333,256,256,238
333,256,256,427
333,256,256,275
333,256,256,471
333,256,256,349
333,256,256,331
333,256,256,315
334,256,256,105
334,256,256,115
334,256,256,111
334,256,256,112
334,256,256,241
334,256,256,143
334,256,256,230
334,256,256,44
334,256,256,116
334,256,256,119
334,256,256,53
334,256,256,162
334,256,256,156
334,256,256,113
334,256,256,142
334,256,256,152
334,256,256,29
334,256,256,282
335,360,360,815
335,360,360,1953
335,360,360,2299
335,360,360,2726
335,360,360,605
335,360,360,1422
335,360,360,3674
335,360,360,1208
335,360,360,3646
335,360,360,1892
335,360,360,1876
335,360,360,1517
335,360,360,2024
335,360,360,2138
335,360,360,429
335,360,360,1152
335,360,360,2140
335,360,360,2915
335,360,360,2006
335,360,360,537
335,360,360,2281
335,360,360,3106
335,360,360,2583
335,360,360,74
335,360,360,729
336,256,256,312
336,256,256,97
336,256,256,477
336,256,256,336
336,256,256,145
336,256,256,177
336,256,256,447
336,256,256,529
336,256,256,205
336,256,256,174
336,256,256,226
336,256,256,291
336,256,256,338
336,256,256,435
336,256,256,79
336,256,256,221
336,256,256,142
336,256,256,235
336,256,256,21
336,256,256,288
336,256,256,344
336,256,256,97
336,256,256,323
336,256,256,54
336,256,256,68
336,256,256,116
336,256,256,21
336,256,256,229
336,256,256,219
336,256,256,377
336,256,256,409
336,256,256,342
336,256,256,440
336,256,256,31
336,256,256,221
336,256,256,295
336,256,256,266
336,256,256,798
336,256,256,61
336,256,256,333
336,256,256,259
336,256,256,391
336,256,256,396
336,256,256,222
336,256,256,255
336,256,256,232
336,256,256,134
336,256,256,364
337,360,360,5731
337,360,360,1694
337,360,360,2682
337,360,360,531
337,360,360,1949
337,360,360,1935
337,360,360,1175
337,360,360,2463
337,360,360,1949
337,360,360,87
337,360,360,2041
337,360,360,1599
337,360,360,2986
337,360,360,1899
337,360,360,42
337,360,360,3778
337,360,360,2236
337,360,360,359
337,360,360,390
337,360,360,1256
337,360,360,2970
338,520,696,383
338,520,696,635
338,520,696,470
338,520,696,473
338,520,696,413
338,520,696,568
338,520,696,311
338,520,696,443
338,520,696,585
338,520,696,279
338,520,696,297
338,520,696,131
338,520,696,525
338,520,696,156
338,520,696,577
338,520,696,732
338,520,696,419
338,520,696,540
338,520,696,556
338,520,696,184
338,520,696,658
338,520,696,384
338,520,696,30
338,520,696,423
338,520,696,201
338,520,696,430
338,520,696,516
338,520,696,420
338,520,696,591
338,520,696,580
338,520,696,419
338,520,696,541
338,520,696,496
338,520,696,507
338,520,696,599
338,520,696,528
338,520,696,379
338,520,696,475
338,520,696,415
338,520,696,480
338,520,696,328
338,520,696,532
338,520,696,398
338,520,696,568
338,520,696,468
338,520,696,566
338,520,696,477
338,520,696,586
338,520,696,183
338,520,696,294
338,520,696,488
338,520,696,136
338,520,696,449
338,520,696,489
338,520,696,405
338,520,696,653
338,520,696,428
338,520,696,562
338,520,696,140
338,520,696,441
338,520,696,389
338,520,696,395
338,520,696,309
338,520,696,544
338,520,696,444
338,520,696,83
338,520,696,329
338,520,696,415
338,520,696,120
338,520,696,427
338,520,696,567
338,520,696,161
338,520,696,511
338,520,696,452
338,520,696,512
338,520,696,88
338,520,696,716
338,520,696,663
338,520,696,451
338,520,696,349
338,520,696,416
338,520,696,451
338,520,696,528
338,520,696,458
338,520,696,612
338,520,696,676
338,520,696,429
338,520,696,582
338,520,696,95
338,520,696,527
338,520,696,391
338,520,696,508
338,520,696,495
338,520,696,453
338,520,696,359
338,520,696,421
338,520,696,397
338,520,696,466
338,520,696,672
338,520,696,501
338,520,696,390
338,520,696,224
339,256,320,401
339,256,320,301
339,256,320,75
339,256,320,80
339,256,320,83
339,256,320,132
339,256,320,368
339,256,320,765
339,256,320,756
339,256,320,588
339,256,320,67
339,256,320,81
339,256,320,180
339,256,320,38
339,256,320,1953
339,256,320,414
339,256,320,47
339,256,320,740
339,256,320,227
339,256,320,479
339,256,320,256
339,256,320,598
339,256,320,466
339,256,320,628
339,256,320,179
339,256,320,236
339,256,320,450
339,256,320,369
339,256,320,57
339,256,320,200
339,256,320,457
339,256,320,480
339,256,320,849
339,256,320,520
339,256,320,529
339,256,320,596
339,256,320,167
339,256,320,321
339,256,320,82
339,256,320,460
339,256,320,102
339,256,320,445
339,256,320,347
339,256,320,858
339,256,320,338
339,256,320,275
339,256,320,724
339,256,320,455
339,256,320,120
339,256,320,621
339,256,320,152
339,256,320,343
339,256,320,600
339,256,320,392
339,256,320,424
340,1024,1024,146
340,1024,1024,88
340,1024,1024,108
340,1024,1024,39
340,1024,1024,257
340,1024,1024,108
340,1024,1024,67
340,1024,1024,231
340,1024,1024,550
340,1024,1024,93
340,1024,1024,70
340,1024,1024,270
340,1024,1024,177
340,1024,1024,54
340,1024,1024,167
340,1024,1024,51
340,1024,1024,355
340,1024,1024,85
340,1024,1024,50
340,1024,1024,84
340,1024,1024,296
340,1024,1024,145
340,1024,1024,99
340,1024,1024,403
340,1024,1024,57
340,1024,1024,36
340,1024,1024,77
340,1024,1024,64
340,1024,1024,227
340,1024,1024,606
340,1024,1024,58
340,1024,1024,147
340,1024,1024,417
340,1024,1024,146
340,1024,1024,318
340,1024,1024,44
340,1024,1024,188
340,1024,1024,124
340,1024,1024,68
340,1024,1024,170
340,1024,1024,38
340,1024,1024,36
340,1024,1024,77
340,1024,1024,166
340,1024,1024,53
340,1024,1024,86
340,1024,1024,61
340,1024,1024,146
340,1024,1024,71
340,1024,1024,80
340,1024,1024,57
340,1024,1024,197
340,1024,1024,103
340,1024,1024,493
340,1024,1024,563
340,1024,1024,57
340,1024,1024,50
340,1024,1024,82
340,1024,1024,235
340,1024,1024,259
340,1024,1024,24
340,1024,1024,477
340,1024,1024,411
340,1024,1024,66
340,1024,1024,242
340,1024,1024,186
340,1024,1024,471
340,1024,1024,164
340,1024,1024,87
340,1024,1024,67
340,1024,1024,459
340,1024,1024,564
340,1024,1024,71
340,1024,1024,152
340,1024,1024,156
340,1024,1024,93
340,1024,1024,48
340,1024,1024,356
340,1024,1024,169
340,1024,1024,219
340,1024,1024,209
340,1024,1024,135
340,1024,1024,70
340,1024,1024,114
340,1024,1024,68
340,1024,1024,285
340,1024,1024,150
340,1024,1024,43
340,1024,1024,303
340,1024,1024,90
340,1024,1024,185
340,1024,1024,121
340,1024,1024,45
340,1024,1024,312
340,1024,1024,77
340,1024,1024,323
340,1024,1024,107
340,1024,1024,114
340,1024,1024,85
340,1024,1024,139
340,1024,1024,56
341,256,256,133
341,256,256,90
341,256,256,222
341,256,256,183
341,256,256,141
341,256,256,233
341,256,256,76
341,256,256,175
341,256,256,84
341,256,256,135
342,256,320,334
342,256,320,568
342,256,320,231
342,256,320,193
342,256,320,512
342,256,320,250
342,256,320,235
342,256,320,350
342,256,320,428
342,256,320,531
342,256,320,500
342,256,320,218
342,256,320,423
342,256,320,315
342,256,320,453
342,256,320,354
342,256,320,251
342,256,320,234
342,256,320,111
342,256,320,631
342,256,320,611
342,256,320,371
342,256,320,225
342,256,320,252
342,256,320,667
342,256,320,634
342,256,320,215
342,256,320,468
342,256,320,585
342,256,320,46
342,256,320,675
342,256,320,398
342,256,320,1019
342,256,320,92
342,256,320,359
342,256,320,319
342,256,320,52
342,256,320,80
342,256,320,251
342,256,320,285
342,256,320,401
342,256,320,463
342,256,320,290
342,256,320,525
342,256,320,103
342,256,320,260
342,256,320,353
342,256,320,651
342,256,320,321
342,256,320,432
342,256,320,745
342,256,320,404
342,256,320,577
342,256,320,324
342,256,320,193
342,256,320,253
342,256,320,422
342,256,320,410
342,256,320,331
342,256,320,549
342,256,320,575
342,256,320,657
342,256,320,245
342,256,320,651
343,520,696,2148
343,520,696,1234
343,520,696,1911
343,520,696,1841
343,520,696,640
343,520,696,2037
343,520,696,1842
343,520,696,2073
343,520,696,2300
343,520,696,1459
343,520,696,1915
343,520,696,1591
343,520,696,554
343,520,696,1747
343,520,696,1993
343,520,696,2456
343,520,696,120
343,520,696,2263
343,520,696,1754
343,520,696,157
343,520,696,2285
343,520,696,59
343,520,696,2010
344,512,640,1403
344,512,640,1544
344,512,640,352
344,512,640,568
344,512,640,1277
344,512,640,114
344,512,640,2874
344,512,640,346
344,512,640,3218
344,512,640,627
344,512,640,742
344,512,640,929
344,512,640,617
344,512,640,1925
344,512,640,1818
344,512,640,668
344,512,640,937
344,512,640,1107
344,512,640,190
344,512,640,545
344,512,640,592
344,512,640,1631
344,512,640,932
344,512,640,1689
344,512,640,1019
344,512,640,374
344,512,640,1781
344,512,640,334
344,512,640,1078
344,512,640,1011
344,512,640,662
344,512,640,1287
344,512,640,1558
344,512,640,2297
344,512,640,1999
344,512,640,1119
345,256,256,165
345,256,256,121
345,256,256,178
345,256,256,153
345,256,256,199
345,256,256,33
345,256,256,189
345,256,256,158
345,256,256,120
345,256,256,118
345,256,256,98
345,256,256,100
345,256,256,162
345,256,256,240
346,256,320,162
346,256,320,204
346,256,320,296
346,256,320,167
346,256,320,267
346,256,320,275
346,256,320,640
346,256,320,360
346,256,320,233
346,256,320,126
346,256,320,466
346,256,320,50
346,256,320,460
346,256,320,518
346,256,320,368
346,256,320,298
346,256,320,589
346,256,320,272
346,256,320,497
346,256,320,225
346,256,320,401
346,256,320,291
346,256,320,125
346,256,320,42
346,256,320,59
346,256,320,868
346,256,320,366
346,256,320,208
346,256,320,148
347,256,256,140
347,256,256,139
347,256,256,92
347,256,256,134
347,256,256,218
347,256,256,144
347,256,256,225
347,256,256,131
347,256,256,220
347,256,256,147
347,256,256,90
348,256,256,175
348,256,256,149
348,256,256,62
348,256,256,181
348,256,256,121
348,256,256,248
348,256,256,198
348,256,256,127
348,256,256,143
348,256,256,150
348,256,256,152
349,360,360,1730
349,360,360,2297
349,360,360,2997
349,360,360,2109
349,360,360,1900
349,360,360,1661
349,360,360,2052
349,360,360,151
349,360,360,663
349,360,360,1135
349,360,360,1577
349,360,360,2101
349,360,360,21
349,360,360,117
349,360,360,725
349,360,360,1658
349,360,360,2238
349,360,360,2474
349,360,360,2040
349,360,360,192
350,256,256,139
350,256,256,158
350,256,256,173
350,256,256,333
350,256,256,180
350,256,256,188
350,256,256,195
350,256,256,118
350,256,256,451
350,256,256,273
350,256,256,133
350,256,256,331
350,256,256,34
350,256,256,104
350,256,256,190
350,256,256,152
350,256,256,145
350,256,256,181
350,256,256,214
351,256,256,175
352,256,320,1382
352,256,320,1543
352,256,320,2519
352,256,320,368
352,256,320,1854
352,256,320,713
352,256,320,2452
352,256,320,788
352,256,320,2208
352,256,320,2148
352,256,320,973
352,256,320,1575
352,256,320,295
352,256,320,2455
352,256,320,2223
352,256,320,1213
352,256,320,2230
352,256,320,1316
353,520,696,428
353,520,696,423
353,520,696,480
353,520,696,523
353,520,696,520
354,360,360,2195
354,360,360,2114
354,360,360,940
354,360,360,1934
354,360,360,3054
354,360,360,360
354,360,360,1807
354,360,360,2350
354,360,360,203
354,360,360,2257
354,360,360,2001
354,360,360,2563
354,360,360,1043
354,360,360,643
354,360,360,797
354,360,360,1998
354,360,360,1702
354,360,360,1729
354,360,360,861
354,360,360,1757
355,520,696,635
355,520,696,593
355,520,696,621
355,520,696,854
355,520,696,564
355,520,696,220
355,520,696,904
355,520,696,538
355,520,696,739
355,520,696,560
355,520,696,766
355,520,696,645
355,520,696,252
355,520,696,585
355,520,696,684
355,520,696,594
355,520,696,613
355,520,696,420
355,520,696,907
355,520,696,742
355,520,696,284
355,520,696,736
355,520,696,607
355,520,696,354
355,520,696,747
355,520,696,689
355,520,696,745
355,520,696,636
355,520,696,585
355,520,696,560
355,520,696,511
355,520,696,1163
355,520,696,108
355,520,696,550
355,520,696,545
355,520,696,736
355,520,696,1057
355,520,696,607
355,520,696,561
355,520,696,682
355,520,696,609
355,520,696,534
355,520,696,617
355,520,696,473
355,520,696,976
355,520,696,572
355,520,696,652
355,520,696,566
355,520,696,581
355,520,696,657
355,520,696,667
355,520,696,866
355,520,696,78
355,520,696,665
355,520,696,610
355,520,696,695
355,520,696,522
355,520,696,313
355,520,696,582
355,520,696,473
355,520,696,801
355,520,696,752
355,520,696,685
355,520,696,630
355,520,696,872
355,520,696,631
355,520,696,504
355,520,696,728
355,520,696,632
355,520,696,377
355,520,696,1022
355,520,696,688
355,520,696,554
355,520,696,941
355,520,696,743
355,520,696,788
355,520,696,807
355,520,696,805
355,520,696,748
355,520,696,742
355,520,696,794
355,520,696,678
355,520,696,702
355,520,696,111
355,520,696,651
355,520,696,585
355,520,696,577
355,520,696,786
355,520,696,558
355,520,696,802
355,520,696,662
355,520,696,935
355,520,696,541
355,520,696,630
355,520,696,1337
355,520,696,962
355,520,696,564
355,520,696,755
355,520,696,574
355,520,696,566
355,520,696,547
355,520,696,726
355,520,696,746
355,520,696,876
355,520,696,568
355,520,696,328
355,520,696,770
355,520,696,809
355,520,696,486
355,520,696,561
355,520,696,579
355,520,696,529
355,520,696,671
355,520,696,686
355,520,696,636
355,520,696,656
355,520,696,1126
355,520,696,846
355,520,696,143
356,256,320,38
356,256,320,2220
356,256,320,921
356,256,320,237
356,256,320,913
356,256,320,1685
356,256,320,797
356,256,320,1262
356,256,320,349
356,256,320,35
356,256,320,527
356,256,320,1214
356,256,320,1746
356,256,320,2453
357,256,256,204
357,256,256,123
357,256,256,270
357,256,256,163
357,256,256,274
357,256,256,149
357,256,256,210
357,256,256,287
357,256,256,315
357,256,256,221
358,256,256,35
358,256,256,47
358,256,256,71
358,256,256,257
358,256,256,230
358,256,256,98
358,256,256,69
358,256,256,69
358,256,256,34
358,256,256,156
358,256,256,91
358,256,256,135
358,256,256,113
358,256,256,87
358,256,256,118
358,256,256,215
358,256,256,167
358,256,256,190
358,256,256,196
358,256,256,216
358,256,256,282
358,256,256,80
358,256,256,26
358,256,256,103
358,256,256,58
358,256,256,42
358,256,256,77
358,256,256,46
358,256,256,227
358,256,256,41
358,256,256,59
358,256,256,49
358,256,256,227
358,256,256,48
358,256,256,75
358,256,256,196
358,256,256,87
358,256,256,117
359,360,360,2231
359,360,360,781
359,360,360,1263
359,360,360,573
359,360,360,629
359,360,360,2822
359,360,360,744
359,360,360,2614
359,360,360,27
359,360,360,2226
359,360,360,2253
359,360,360,397
359,360,360,2832
359,360,360,335
359,360,360,2201
359,360,360,1855
359,360,360,629
359,360,360,3356
359,360,360,1213
360,256,256,177
360,256,256,175
360,256,256,81
360,256,256,21
360,256,256,156
360,256,256,66
360,256,256,173
360,256,256,321
360,256,256,335
360,256,256,77
360,256,256,21
360,256,256,235
360,256,256,145
360,256,256,351
360,256,256,30
360,256,256,98
360,256,256,208
360,256,256,198
360,256,256,338
360,256,256,377
360,256,256,151
360,256,256,106
360,256,256,274
360,256,256,109
360,256,256,41
360,256,256,51
360,256,256,303
360,256,256,81
360,256,256,277
361,256,256,183
361,256,256,152
361,256,256,88
361,256,256,103
361,256,256,21
361,256,256,93
361,256,256,148
361,256,256,196
361,256,256,140
361,256,256,105
361,256,256,35
361,256,256,21
362,256,256,279
362,256,256,68
362,256,256,72
362,256,256,247
362,256,256,263
362,256,256,314
362,256,256,313
363,256,256,171
363,256,256,167
363,256,256,335
363,256,256,180
363,256,256,112
363,256,256,138
363,256,256,174
364,256,256,125
364,256,256,201
364,256,256,322
364,256,256,217
364,256,256,348
364,256,256,86
364,256,256,467
365,256,256,116
365,256,256,67
365,256,256,137
365,256,256,132
365,256,256,132
365,256,256,24
365,256,256,97
365,256,256,247
365,256,256,55
365,256,256,43
365,256,256,119
365,256,256,54
365,256,256,106
365,256,256,64
365,256,256,82
365,256,256,130
365,256,256,52
365,256,256,105
365,256,256,214
365,256,256,211
366,520,696,2001
366,520,696,1686
366,520,696,2346
366,520,696,1211
366,520,696,2355
366,520,696,1408
366,520,696,2357
366,520,696,2423
366,520,696,316
366,520,696,79
366,520,696,2443
366,520,696,2276
366,520,696,1255
366,520,696,2195
366,520,696,2474
366,520,696,1313
366,520,696,2773
366,520,696,1129
366,520,696,517
366,520,696,152
366,520,696,2279
366,520,696,1554
366,520,696,1726
366,520,696,624
366,520,696,1560
366,520,696,1802
366,520,696,308
366,520,696,661
366,520,696,703
366,520,696,1947
366,520,696,1857
366,520,696,1328
366,520,696,1630
366,520,696,3254
366,520,696,2119
366,520,696,1095
366,520,696,2543
366,520,696,2045
366,520,696,2621
367,520,696,386
367,520,696,85
367,520,696,648
367,520,696,388
367,520,696,645
367,520,696,159
367,520,696,430
367,520,696,795
367,520,696,881
367,520,696,1114
367,520,696,412
367,520,696,157
367,520,696,484
367,520,696,658
367,520,696,674
367,520,696,516
367,520,696,76
367,520,696,409
367,520,696,827
367,520,696,725
367,520,696,896
367,520,696,733
367,520,696,565
367,520,696,265
367,520,696,51
367,520,696,608
367,520,696,579
367,520,696,588
367,520,696,423
367,520,696,478
367,520,696,765
367,520,696,851
367,520,696,51
367,520,696,1242
367,520,696,558
367,520,696,636
367,520,696,1079
367,520,696,473
367,520,696,530
367,520,696,825
367,520,696,525
367,520,696,736
367,520,696,653
367,520,696,32
367,520,696,801
367,520,696,643
367,520,696,517
367,520,696,447
367,520,696,770
367,520,696,590
367,520,696,462
367,520,696,459
367,520,696,516
367,520,696,179
367,520,696,714
367,520,696,112
367,520,696,489
367,520,696,884
367,520,696,632
367,520,696,851
367,520,696,780
367,520,696,666
367,520,696,481
367,520,696,664
367,520,696,827
367,520,696,693
367,520,696,595
367,520,696,839
367,520,696,796
367,520,696,982
367,520,696,576
367,520,696,633
367,520,696,468
367,520,696,32
367,520,696,492
367,520,696,452
367,520,696,798
367,520,696,344
367,520,696,821
367,520,696,345
367,520,696,828
367,520,696,153
367,520,696,732
367,520,696,415
367,520,696,530
367,520,696,484
367,520,696,546
367,520,696,878
367,520,696,395
367,520,696,693
367,520,696,633
367,520,696,808
368,1024,1024,156
368,1024,1024,164
368,1024,1024,575
368,1024,1024,36
368,1024,1024,45
368,1024,1024,52
368,1024,1024,66
368,1024,1024,56
368,1024,1024,202
368,1024,1024,508
368,1024,1024,30
368,1024,1024,323
368,1024,1024,480
368,1024,1024,402
368,1024,1024,351
368,1024,1024,400
368,1024,1024,345
368,1024,1024,46
368,1024,1024,269
368,1024,1024,62
368,1024,1024,305
368,1024,1024,57
368,1024,1024,96
368,1024,1024,296
368,1024,1024,37
368,1024,1024,399
368,1024,1024,397
368,1024,1024,368
368,1024,1024,494
368,1024,1024,520
368,1024,1024,461
368,1024,1024,358
368,1024,1024,119
368,1024,1024,352
368,1024,1024,228
368,1024,1024,256
368,1024,1024,479
368,1024,1024,408
368,1024,1024,708
368,1024,1024,35
368,1024,1024,188
368,1024,1024,72
368,1024,1024,366
368,1024,1024,470
368,1024,1024,473
368,1024,1024,56
368,1024,1024,470
368,1024,1024,455
368,1024,1024,397
368,1024,1024,378
368,1024,1024,43
368,1024,1024,309
368,1024,1024,66
368,1024,1024,363
368,1024,1024,76
368,1024,1024,351
368,1024,1024,600
368,1024,1024,63
368,1024,1024,390
368,1024,1024,83
368,1024,1024,422
368,1024,1024,312
368,1024,1024,56
368,1024,1024,399
368,1024,1024,435
368,1024,1024,293
368,1024,1024,541
368,1024,1024,84
368,1024,1024,363
368,1024,1024,345
368,1024,1024,38
368,1024,1024,144
368,1024,1024,357
368,1024,1024,85
368,1024,1024,58
368,1024,1024,517
368,1024,1024,579
368,1024,1024,437
368,1024,1024,36
368,1024,1024,303
368,1024,1024,195
368,1024,1024,435
368,1024,1024,50
368,1024,1024,64
368,1024,1024,24
368,1024,1024,291
368,1024,1024,71
368,1024,1024,73
368,1024,1024,347
368,1024,1024,83
368,1024,1024,635
368,1024,1024,193
368,1024,1024,425
368,1024,1024,500
369,520,696,743
369,520,696,3672
369,520,696,2303
369,520,696,1794
369,520,696,377
369,520,696,1806
369,520,696,2269
369,520,696,1882
369,520,696,306
369,520,696,1802
369,520,696,2058
369,520,696,2602
369,520,696,1122
369,520,696,347
369,520,696,664
369,520,696,1800
369,520,696,2452
369,520,696,2347
369,520,696,2610
369,520,696,1966
369,520,696,2446
369,520,696,47
369,520,696,718
369,520,696,2158
369,520,696,1947
369,520,696,398
369,520,696,2345
369,520,696,1615
369,520,696,2246
369,520,696,2015
369,520,696,632
369,520,696,198
369,520,696,1468
369,520,696,2445
369,520,696,2004
369,520,696,2054
369,520,696,2188
369,520,696,2264
370,256,256,36
370,256,256,69
370,256,256,94
370,256,256,137
370,256,256,463
370,256,256,110
370,256,256,34
370,256,256,107
370,256,256,91
370,256,256,132
370,256,256,153
370,256,256,106
370,256,256,182
370,256,256,199
370,256,256,111
370,256,256,117
370,256,256,92
370,256,256,103
370,256,256,112
370,256,256,148
370,256,256,181
370,256,256,172
370,256,256,110
370,256,256,100
370,256,256,170
370,256,256,115
370,256,256,155
370,256,256,136
370,256,256,125
370,256,256,140
370,256,256,103
370,256,256,103
370,256,256,114
371,256,256,108
371,256,256,263
371,256,256,154
371,256,256,334
371,256,256,315
371,256,256,220
371,256,256,156
371,256,256,221
371,256,256,294
371,256,256,114
371,256,256,90
372,256,320,106
372,256,320,308
372,256,320,65
372,256,320,211
372,256,320,155
372,256,320,71
373,256,256,71
373,256,256,275
373,256,256,65
373,256,256,125
373,256,256,165
373,256,256,248
373,256,256,83
373,256,256,113
373,256,256,248
373,256,256,131
373,256,256,288
373,256,256,53
373,256,256,84
373,256,256,95
373,256,256,95
373,256,256,208
374,256,256,182
374,256,256,141
374,256,256,171
374,256,256,253
374,256,256,25
374,256,256,187
375,520,696,686
375,520,696,621
375,520,696,589
375,520,696,532
375,520,696,404
375,520,696,576
375,520,696,529
375,520,696,511
375,520,696,527
375,520,696,386
375,520,696,615
375,520,696,432
375,520,696,514
375,520,696,26
375,520,696,556
375,520,696,577
375,520,696,321
375,520,696,105
375,520,696,486
375,520,696,414
375,520,696,712
375,520,696,509
375,520,696,747
375,520,696,455
375,520,696,415
375,520,696,356
375,520,696,428
375,520,696,414
375,520,696,561
375,520,696,510
375,520,696,411
375,520,696,532
375,520,696,554
375,520,696,95
375,520,696,495
375,520,696,526
375,520,696,552
375,520,696,209
375,520,696,146
375,520,696,93
375,520,696,380
375,520,696,416
375,520,696,58
375,520,696,240
375,520,696,237
375,520,696,585
375,520,696,412
375,520,696,221
375,520,696,584
375,520,696,235
375,520,696,85
375,520,696,485
375,520,696,274
375,520,696,33
375,520,696,644
375,520,696,567
375,520,696,415
375,520,696,582
375,520,696,579
375,520,696,508
375,520,696,450
375,520,696,24
375,520,696,412
375,520,696,574
375,520,696,317
375,520,696,495
375,520,696,401
375,520,696,525
375,520,696,485
375,520,696,290
375,520,696,525
375,520,696,533
375,520,696,450
375,520,696,663
375,520,696,550
375,520,696,234
375,520,696,532
375,520,696,235
375,520,696,425
375,520,696,352
375,520,696,641
375,520,696,270
375,520,696,654
375,520,696,251
375,520,696,490
375,520,696,389
375,520,696,518
375,520,696,184
375,520,696,223
375,520,696,207
375,520,696,519
375,520,696,246
375,520,696,554
375,520,696,412
375,520,696,70
375,520,696,415
375,520,696,184
375,520,696,427
375,520,696,550
375,520,696,567
375,520,696,418
375,520,696,122
375,520,696,465
375,520,696,497
375,520,696,420
375,520,696,493
375,520,696,470
375,520,696,243
375,520,696,445
375,520,696,413
375,520,696,339
375,520,696,439
375,520,696,153
375,520,696,477
375,520,696,443
375,520,696,517
375,520,696,311
375,520,696,495
375,520,696,675
375,520,696,484
375,520,696,507
375,520,696,147
375,520,696,616
375,520,696,412
375,520,696,507
375,520,696,489
375,520,696,273
375,520,696,463
375,520,696,585
375,520,696,550
375,520,696,522
375,520,696,469
375,520,696,347
375,520,696,629
375,520,696,173
375,520,696,436
375,520,696,507
375,520,696,429
375,520,696,285
375,520,696,503
375,520,696,464
375,520,696,436
375,520,696,462
375,520,696,526
375,520,696,378
375,520,696,578
375,520,696,567
375,520,696,522
375,520,696,499
375,520,696,428
375,520,696,441
375,520,696,69
375,520,696,346
375,520,696,522
375,520,696,438
375,520,696,197
375,520,696,509
375,520,696,550
375,520,696,398
375,520,696,519
375,520,696,441
375,520,696,452
375,520,696,349
375,520,696,702
375,520,696,336
375,520,696,448
375,520,696,464
375,520,696,249
375,520,696,464
375,520,696,438
375,520,696,230
375,520,696,209
375,520,696,625
375,520,696,521
375,520,696,570
375,520,696,360
375,520,696,435
375,520,696,487
375,520,696,527
375,520,696,170
375,520,696,379
375,520,696,419
375,520,696,55
375,520,696,324
375,520,696,321
375,520,696,48
375,520,696,670
375,520,696,507
375,520,696,428
375,520,696,406
375,520,696,82
375,520,696,245
375,520,696,118
375,520,696,414
375,520,696,106
375,520,696,27
375,520,696,476
375,520,696,450
375,520,696,518
375,520,696,394
375,520,696,273
375,520,696,564
375,520,696,414
375,520,696,95
375,520,696,418
375,520,696,48
375,520,696,652
375,520,696,460
375,520,696,249
375,520,696,469
375,520,696,541
375,520,696,554
375,520,696,522
375,520,696,197
375,520,696,514
375,520,696,439
375,520,696,492
375,520,696,168
375,520,696,553
375,520,696,176
375,520,696,495
375,520,696,574
375,520,696,384
375,520,696,189
375,520,696,406
375,520,696,565
375,520,696,443
375,520,696,467
375,520,696,137
375,520,696,609
375,520,696,98
375,520,696,369
375,520,696,576
375,520,696,492
375,520,696,282
375,520,696,384
375,520,696,455
375,520,696,467
375,520,696,588
375,520,696,391
375,520,696,428
375,520,696,285
375,520,696,320
375,520,696,300
375,520,696,576
375,520,696,480
375,520,696,532
375,520,696,425
375,520,696,293
375,520,696,441
375,520,696,276
375,520,696,589
375,520,696,249
375,520,696,75
375,520,696,528
375,520,696,655
375,520,696,136
375,520,696,376
375,520,696,488
375,520,696,99
376,256,320,256
376,256,320,643
376,256,320,1001
376,256,320,1789
376,256,320,907
376,256,320,1922
376,256,320,394
376,256,320,481
376,256,320,2891
376,256,320,457
376,256,320,870
376,256,320,1169
376,256,320,377
377,256,256,101
377,256,256,77
377,256,256,117
377,256,256,81
377,256,256,123
377,256,256,97
377,256,256,52
377,256,256,77
377,256,256,102
378,256,256,226
378,256,256,117
378,256,256,149
378,256,256,135
378,256,256,35
378,256,256,160
378,256,256,106
378,256,256,131
378,256,256,105
378,256,256,117
378,256,256,101
378,256,256,126
378,256,256,32
378,256,256,47
378,256,256,109
378,256,256,33
378,256,256,66
378,256,256,142
378,256,256,138
378,256,256,114
378,256,256,103
378,256,256,132
378,256,256,131
378,256,256,175
378,256,256,138
378,256,256,99
378,256,256,121
378,256,256,110
378,256,256,80
378,256,256,111
378,256,256,206
378,256,256,142
378,256,256,115
378,256,256,164
378,256,256,115
378,256,256,124
378,256,256,54
378,256,256,30
378,256,256,98
378,256,256,157
378,256,256,96
378,256,256,26
378,256,256,91
378,256,256,102
378,256,256,132
378,256,256,149
378,256,256,80
378,256,256,136
378,256,256,116
378,256,256,149
378,256,256,115
378,256,256,160
378,256,256,115
378,256,256,21
378,256,256,98
378,256,256,23
378,256,256,203
378,256,256,121
378,256,256,126
378,256,256,120
378,256,256,90
378,256,256,115
378,256,256,126
378,256,256,85
378,256,256,26
378,256,256,122
378,256,256,93
378,256,256,104
378,256,256,103
378,256,256,146
378,256,256,112
378,256,256,113
378,256,256,37
378,256,256,254
379,1024,1024,53
379,1024,1024,67
379,1024,1024,113
379,1024,1024,57
379,1024,1024,45
379,1024,1024,87
379,1024,1024,26
379,1024,1024,77
379,1024,1024,478
379,1024,1024,386
379,1024,1024,45
379,1024,1024,38
379,1024,1024,31
379,1024,1024,640
379,1024,1024,541
379,1024,1024,135
379,1024,1024,33
379,1024,1024,88
379,1024,1024,167
379,1024,1024,49
379,1024,1024,59
379,1024,1024,378
379,1024,1024,56
379,1024,1024,456
379,1024,1024,763
379,1024,1024,682
379,1024,1024,49
379,1024,1024,564
379,1024,1024,271
379,1024,1024,592
379,1024,1024,42
379,1024,1024,477
379,1024,1024,35
379,1024,1024,302
379,1024,1024,332
379,1024,1024,57
379,1024,1024,469
379,1024,1024,376
379,1024,1024,664
379,1024,1024,498
379,1024,1024,278
379,1024,1024,478
379,1024,1024,47
379,1024,1024,37
379,1024,1024,93
379,1024,1024,169
379,1024,1024,323
379,1024,1024,67
379,1024,1024,68
379,1024,1024,102
379,1024,1024,677
379,1024,1024,221
379,1024,1024,38
379,1024,1024,205
379,1024,1024,60
379,1024,1024,47
379,1024,1024,872
379,1024,1024,312
379,1024,1024,44
379,1024,1024,288
379,1024,1024,309
379,1024,1024,111
379,1024,1024,163
379,1024,1024,43
379,1024,1024,40
379,1024,1024,125
379,1024,1024,477
379,1024,1024,550
379,1024,1024,71
379,1024,1024,51
379,1024,1024,93
379,1024,1024,345
379,1024,1024,330
379,1024,1024,25
379,1024,1024,100
380,256,256,372
380,256,256,384
380,256,256,416
380,256,256,159
380,256,256,260
380,256,256,309
380,256,256,258
380,256,256,286
380,256,256,79
380,256,256,264
380,256,256,240
380,256,256,254
380,256,256,381
380,256,256,105
380,256,256,316
380,256,256,316
380,256,256,420
380,256,256,318
380,256,256,110
380,256,256,282
380,256,256,138
380,256,256,211
380,256,256,341
380,256,256,358
380,256,256,178
380,256,256,211
380,256,256,376
380,256,256,377
380,256,256,162
380,256,256,330
380,256,256,231
380,256,256,318
380,256,256,390
380,256,256,210
380,256,256,70
380,256,256,111
381,256,256,142
381,256,256,132
381,256,256,225
381,256,256,211
381,256,256,380
381,256,256,647
381,256,256,272
381,256,256,219
381,256,256,217
381,256,256,343
381,256,256,273
381,256,256,715
381,256,256,58
381,256,256,320
381,256,256,378
381,256,256,21
381,256,256,194
381,256,256,331
381,256,256,26
381,256,256,21
381,256,256,185
381,256,256,21
381,256,256,443
381,256,256,85
381,256,256,294
381,256,256,442
381,256,256,273
381,256,256,204
381,256,256,130
381,256,256,21
381,256,256,426
381,256,256,141
381,256,256,198
381,256,256,313
381,256,256,289
381,256,256,112
382,256,256,286
382,256,256,94
382,256,256,213
382,256,256,307
382,256,256,192
382,256,256,21
382,256,256,21
382,256,256,259
382,256,256,172
382,256,256,314
382,256,256,82
382,256,256,270
383,256,320,345
383,256,320,405
383,256,320,103
383,256,320,432
383,256,320,446
383,256,320,137
383,256,320,279
383,256,320,159
383,256,320,53
383,256,320,115
384,256,256,90
384,256,256,68
384,256,256,112
384,256,256,54
384,256,256,53
384,256,256,125
384,256,256,135
384,256,256,92
384,256,256,103
384,256,256,108
384,256,256,87
384,256,256,60
384,256,256,78
384,256,256,97
384,256,256,49
384,256,256,120
384,256,256,199
384,256,256,84
384,256,256,72
384,256,256,70
384,256,256,83
384,256,256,60
384,256,256,61
384,256,256,75
384,256,256,72
384,256,256,80
384,256,256,86
384,256,256,79
384,256,256,63
384,256,256,111
384,256,256,82
384,256,256,118
384,256,256,32
384,256,256,114
384,256,256,49
384,256,256,126
384,256,256,78
384,256,256,163
384,256,256,175
384,256,256,79
384,256,256,119
385,256,256,98
386,256,256,54
386,256,256,96
386,256,256,47
386,256,256,119
386,256,256,73
386,256,256,56
387,256,256,283
387,256,256,33
387,256,256,201
387,256,256,301
387,256,256,213
387,256,256,206
387,256,256,351
387,256,256,186
387,256,256,90
387,256,256,319
387,256,256,284
387,256,256,70
387,256,256,284
387,256,256,71
387,256,256,280
387,256,256,198
387,256,256,233
387,256,256,122
387,256,256,239
387,256,256,42
387,256,256,130
387,256,256,183
387,256,256,236
387,256,256,171
387,256,256,310
387,256,256,202
387,256,256,263
387,256,256,211
387,256,256,347
387,256,256,310
387,256,256,340
387,256,256,228
387,256,256,172
387,256,256,131
387,256,256,435
387,256,256,280
387,256,256,141
387,256,256,284
387,256,256,269
387,256,256,275
387,256,256,163
387,256,256,104
387,256,256,159
387,256,256,237
387,256,256,219
387,256,256,127
387,256,256,189
387,256,256,203
387,256,256,184
387,256,256,348
387,256,256,178
388,256,320,124
388,256,320,277
388,256,320,386
388,256,320,504
388,256,320,437
388,256,320,694
388,256,320,476
388,256,320,578
388,256,320,632
388,256,320,427
388,256,320,790
388,256,320,255
388,256,320,351
388,256,320,337
388,256,320,382
388,256,320,222
388,256,320,404
388,256,320,259
388,256,320,518
388,256,320,23
388,256,320,944
388,256,320,384
388,256,320,360
388,256,320,554
388,256,320,392
388,256,320,268
388,256,320,757
388,256,320,819
388,256,320,568
388,256,320,300
388,256,320,290
388,256,320,234
388,256,320,204
388,256,320,288
388,256,320,87
388,256,320,207
388,256,320,133
388,256,320,104
388,256,320,302
388,256,320,149
388,256,320,504
388,256,320,429
388,256,320,162
388,256,320,763
388,256,320,461
388,256,320,494
388,256,320,375
388,256,320,144
388,256,320,372
388,256,320,86
388,256,320,506
388,256,320,262
388,256,320,144
388,256,320,317
388,256,320,702
388,256,320,49
388,256,320,221
388,256,320,51
388,256,320,397
388,256,320,354
388,256,320,370
389,256,320,87
389,256,320,146
389,256,320,335
389,256,320,49
389,256,320,50
389,256,320,428
389,256,320,368
389,256,320,73
389,256,320,454
389,256,320,127
389,256,320,57
389,256,320,248
389,256,320,55
389,256,320,176
389,256,320,59
389,256,320,39
389,256,320,244
389,256,320,320
389,256,320,113
389,256,320,122
389,256,320,24
389,256,320,194
389,256,320,172
389,256,320,67
389,256,320,231
389,256,320,202
389,256,320,323
389,256,320,77
389,256,320,216
389,256,320,145
389,256,320,78
389,256,320,311
389,256,320,317
389,256,320,114
389,256,320,70
389,256,320,52
389,256,320,586
389,256,320,157
389,256,320,143
389,256,320,325
389,256,320,122
389,256,320,523
389,256,320,38
389,256,320,234
389,256,320,570
389,256,320,119
389,256,320,134
389,256,320,64
389,256,320,159
389,256,320,132
389,256,320,49
389,256,320,111
389,256,320,178
389,256,320,265
389,256,320,40
389,256,320,143
389,256,320,216
389,256,320,140
389,256,320,156
389,256,320,224
389,256,320,131
389,256,320,376
389,256,320,182
389,256,320,258
390,256,256,210
390,256,256,39
390,256,256,134
390,256,256,157
390,256,256,143
390,256,256,100
390,256,256,139
390,256,256,194
391,512,640,522
391,512,640,761
391,512,640,729
391,512,640,1930
391,512,640,1540
391,512,640,652
391,512,640,1036
391,512,640,1430
391,512,640,1275
391,512,640,1145
391,512,640,1082
391,512,640,1334
391,512,640,1520
391,512,640,706
391,512,640,752
391,512,640,850
391,512,640,859
391,512,640,1026
391,512,640,1485
391,512,640,515
391,512,640,2519
391,512,640,427
391,512,640,1872
391,512,640,1784
391,512,640,1436
391,512,640,2056
391,512,640,660
391,512,640,432
391,512,640,639
391,512,640,2410
391,512,640,1416
391,512,640,715
391,512,640,746
391,512,640,413
391,512,640,1171
391,512,640,521
391,512,640,788
391,512,640,992
391,512,640,1513
391,512,640,1132
391,512,640,1039
391,512,640,970
391,512,640,1868
391,512,640,1516
392,256,320,618
392,256,320,582
392,256,320,485
392,256,320,2230
392,256,320,947
392,256,320,1234
392,256,320,507
392,256,320,922
392,256,320,883
392,256,320,611
392,256,320,2338
392,256,320,1084
392,256,320,376
392,256,320,1981
393,520,696,685
393,520,696,716
393,520,696,959
393,520,696,743
393,520,696,740
393,520,696,634
393,520,696,699
393,520,696,458
393,520,696,915
393,520,696,590
393,520,696,600
393,520,696,721
393,520,696,422
393,520,696,590
393,520,696,888
393,520,696,538
393,520,696,725
393,520,696,743
393,520,696,1023
393,520,696,436
393,520,696,492
393,520,696,370
393,520,696,510
393,520,696,690
393,520,696,630
393,520,696,218
393,520,696,858
393,520,696,418
393,520,696,1113
393,520,696,628
393,520,696,791
393,520,696,816
393,520,696,726
393,520,696,541
393,520,696,1149
393,520,696,558
393,520,696,939
393,520,696,592
393,520,696,508
393,520,696,511
393,520,696,34
393,520,696,333
393,520,696,729
393,520,696,1305
393,520,696,670
393,520,696,499
393,520,696,453
393,520,696,688
393,520,696,592
393,520,696,625
393,520,696,948
393,520,696,606
393,520,696,25
393,520,696,807
393,520,696,603
393,520,696,1090
393,520,696,544
393,520,696,654
393,520,696,429
393,520,696,47
393,520,696,554
393,520,696,840
393,520,696,733
393,520,696,676
393,520,696,570
393,520,696,336
393,520,696,405
393,520,696,713
393,520,696,517
393,520,696,489
393,520,696,538
393,520,696,688
393,520,696,706
393,520,696,621
393,520,696,582
393,520,696,594
393,520,696,596
393,520,696,579
393,520,696,75
393,520,696,700
393,520,696,362
393,520,696,332
393,520,696,561
393,520,696,843
393,520,696,597
393,520,696,546
393,520,696,735
393,520,696,193
393,520,696,371
393,520,696,476
393,520,696,663
393,520,696,594
393,520,696,492
393,520,696,503
393,520,696,106
393,520,696,817
393,520,696,574
393,520,696,708
393,520,696,697
393,520,696,561
393,520,696,723
393,520,696,466
393,520,696,675
393,520,696,546
393,520,696,573
393,520,696,618
393,520,696,679
393,520,696,615
393,520,696,1207
393,520,696,926
393,520,696,738
393,520,696,549
393,520,696,827
393,520,696,819
393,520,696,687
393,520,696,614
393,520,696,475
393,520,696,604
393,520,696,513
393,520,696,36
393,520,696,483
393,520,696,744
393,520,696,508
393,520,696,463
393,520,696,605
393,520,696,529
393,520,696,551
393,520,696,398
393,520,696,514
393,520,696,486
393,520,696,550
393,520,696,681
393,520,696,616
393,520,696,440
393,520,696,705
393,520,696,473
393,520,696,582
393,520,696,632
393,520,696,703
393,520,696,638
393,520,696,631
393,520,696,569
393,520,696,1122
393,520,696,630
393,520,696,488
393,520,696,759
393,520,696,505
394,256,256,86
394,256,256,100
394,256,256,62
394,256,256,88
394,256,256,69
394,256,256,30
394,256,256,71
394,256,256,68
394,256,256,69
394,256,256,49
394,256,256,119
394,256,256,36
394,256,256,124
394,256,256,78
394,256,256,72
394,256,256,41
394,256,256,162
394,256,256,149
394,256,256,121
394,256,256,73
394,256,256,68
394,256,256,102
394,256,256,27
394,256,256,46
394,256,256,101
394,256,256,176
394,256,256,114
394,256,256,57
394,256,256,86
394,256,256,84
394,256,256,123
394,256,256,48
394,256,256,138
394,256,256,113
394,256,256,117
394,256,256,74
394,256,256,147
394,256,256,78
394,256,256,68
394,256,256,139
394,256,256,75
394,256,256,45
394,256,256,65
394,256,256,93
394,256,256,45
394,256,256,114
394,256,256,46
394,256,256,150
394,256,256,51
394,256,256,136
394,256,256,77
394,256,256,75
394,256,256,74
394,256,256,56
394,256,256,129
394,256,256,128
394,256,256,35
394,256,256,66
394,256,256,96
394,256,256,102
394,256,256,57
394,256,256,167
394,256,256,21
394,256,256,55
394,256,256,102
394,256,256,85
394,256,256,73
394,256,256,62
394,256,256,100
394,256,256,76
394,256,256,26
394,256,256,70
394,256,256,78
394,256,256,85
394,256,256,92
394,256,256,76
394,256,256,40
394,256,256,179
394,256,256,111
394,256,256,100
394,256,256,71
394,256,256,114
394,256,256,72
394,256,256,30
394,256,256,100
394,256,256,48
394,256,256,71
394,256,256,76
394,256,256,115
394,256,256,74
394,256,256,71
394,256,256,121
394,256,256,107
394,256,256,76
394,256,256,107
394,256,256,136
394,256,256,55
394,256,256,114
394,256,256,125
395,520,696,536
395,520,696,510
395,520,696,445
395,520,696,483
395,520,696,468
395,520,696,541
395,520,696,251
395,520,696,268
395,520,696,542
395,520,696,332
395,520,696,469
395,520,696,311
395,520,696,583
395,520,696,454
395,520,696,526
395,520,696,449
395,520,696,374
395,520,696,216
395,520,696,498
395,520,696,179
395,520,696,543
395,520,696,354
395,520,696,212
395,520,696,527
395,520,696,500
395,520,696,368
395,520,696,440
395,520,696,703
395,520,696,554
395,520,696,357
395,520,696,494
395,520,696,553
395,520,696,656
395,520,696,597
395,520,696,566
395,520,696,434
395,520,696,356
395,520,696,386
395,520,696,358
395,520,696,254
395,520,696,581
395,520,696,611
395,520,696,524
395,520,696,328
395,520,696,620
395,520,696,412
395,520,696,317
395,520,696,511
395,520,696,474
395,520,696,562
395,520,696,495
395,520,696,458
395,520,696,327
395,520,696,454
395,520,696,516
395,520,696,362
395,520,696,558
395,520,696,514
395,520,696,407
395,520,696,484
395,520,696,466
395,520,696,672
395,520,696,545
395,520,696,451
395,520,696,423
395,520,696,256
395,520,696,222
395,520,696,604
395,520,696,108
395,520,696,470
395,520,696,542
395,520,696,536
395,520,696,384
395,520,696,453
395,520,696,1083
395,520,696,654
395,520,696,448
395,520,696,414
395,520,696,559
395,520,696,395
395,520,696,447
395,520,696,537
395,520,696,585
395,520,696,408
395,520,696,544
395,520,696,488
395,520,696,496
395,520,696,512
395,520,696,222
395,520,696,155
395,520,696,602
395,520,696,430
395,520,696,441
395,520,696,420
395,520,696,330
395,520,696,298
395,520,696,437
395,520,696,461
395,520,696,628
395,520,696,482
395,520,696,593
395,520,696,188
395,520,696,486
395,520,696,578
395,520,696,477
395,520,696,115
395,520,696,468
395,520,696,302
395,520,696,620
395,520,696,99
395,520,696,571
395,520,696,420
395,520,696,600
395,520,696,372
395,520,696,430
395,520,696,594
395,520,696,50
395,520,696,302
395,520,696,536
395,520,696,461
395,520,696,486
395,520,696,553
395,520,696,484
395,520,696,151
395,520,696,485
395,520,696,485
395,520,696,302
395,520,696,302
395,520,696,420
395,520,696,168
395,520,696,451
395,520,696,457
395,520,696,151
395,520,696,701
395,520,696,211
395,520,696,318
395,520,696,685
395,520,696,650
395,520,696,581
395,520,696,584
395,520,696,446
395,520,696,340
395,520,696,468
395,520,696,511
395,520,696,414
395,520,696,356
395,520,696,534
395,520,696,424
395,520,696,440
395,520,696,367
395,520,696,486
395,520,696,505
395,520,696,236
395,520,696,453
395,520,696,455
395,520,696,186
395,520,696,541
395,520,696,197
395,520,696,132
395,520,696,507
395,520,696,558
395,520,696,477
395,520,696,536
395,520,696,567
395,520,696,431
395,520,696,495
395,520,696,155
395,520,696,421
396,360,360,1610
396,360,360,2382
396,360,360,2265
396,360,360,2268
396,360,360,2354
396,360,360,3494
396,360,360,2570
396,360,360,2377
396,360,360,29
396,360,360,381
396,360,360,1542
396,360,360,113
396,360,360,2153
396,360,360,2679
396,360,360,454
396,360,360,1204
396,360,360,1790
396,360,360,1122
396,360,360,3051
396,360,360,3095
397,256,256,143
397,256,256,182
397,256,256,22
397,256,256,87
397,256,256,98
397,256,256,117
397,256,256,84
397,256,256,54
397,256,256,128
397,256,256,91
397,256,256,141
397,256,256,147
397,256,256,103
397,256,256,56
397,256,256,146
398,256,256,34
398,256,256,74
398,256,256,57
398,256,256,61
398,256,256,47
398,256,256,70
398,256,256,57
398,256,256,42
398,256,256,81
398,256,256,60
398,256,256,60
398,256,256,48
398,256,256,74
398,256,256,45
399,520,696,737
399,520,696,730
399,520,696,361
399,520,696,447
399,520,696,644
399,520,696,491
399,520,696,586
399,520,696,921
399,520,696,626
399,520,696,763
399,520,696,822
399,520,696,761
399,520,696,944
399,520,696,632
399,520,696,805
399,520,696,584
399,520,696,634
399,520,696,653
399,520,696,835
399,520,696,625
399,520,696,1138
399,520,696,1016
399,520,696,786
399,520,696,579
399,520,696,617
399,520,696,484
399,520,696,22
399,520,696,1131
399,520,696,930
399,520,696,797
399,520,696,787
399,520,696,555
399,520,696,779
399,520,696,953
399,520,696,743
399,520,696,666
399,520,696,591
399,520,696,481
399,520,696,889
399,520,696,638
399,520,696,632
399,520,696,969
399,520,696,674
399,520,696,596
399,520,696,300
399,520,696,583
399,520,696,351
399,520,696,514
399,520,696,699
399,520,696,1278
399,520,696,488
399,520,696,858
399,520,696,656
399,520,696,1025
399,520,696,650
399,520,696,706
399,520,696,636
399,520,696,815
399,520,696,894
399,520,696,728
399,520,696,1079
399,520,696,24
399,520,696,926
399,520,696,713
399,520,696,642
399,520,696,746
399,520,696,810
399,520,696,768
399,520,696,732
399,520,696,595
399,520,696,722
399,520,696,721
399,520,696,563
399,520,696,852
399,520,696,1020
399,520,696,577
399,520,696,688
399,520,696,681
399,520,696,831
399,520,696,780
399,520,696,965
399,520,696,568
399,520,696,609
399,520,696,523
399,520,696,695
399,520,696,160
399,520,696,478
399,520,696,786
399,520,696,735
399,520,696,809
399,520,696,708
399,520,696,719
399,520,696,654
399,520,696,711
399,520,696,577
399,520,696,650
399,520,696,897
399,520,696,135
399,520,696,671
399,520,696,566
399,520,696,520
399,520,696,742
399,520,696,619
399,520,696,568
399,520,696,168
399,520,696,722
399,520,696,339
399,520,696,572
399,520,696,771
399,520,696,742
399,520,696,654
399,520,696,559
399,520,696,318
399,520,696,541
399,520,696,610
399,520,696,676
399,520,696,754
399,520,696,763
399,520,696,561
399,520,696,632
399,520,696,561
399,520,696,685
399,520,696,470
399,520,696,886
399,520,696,590
400,256,256,392
400,256,256,360
400,256,256,411
400,256,256,686
400,256,256,519
400,256,256,188
400,256,256,556
400,256,256,514
400,256,256,413
400,256,256,302
400,256,256,741
400,256,256,581
400,256,256,296
400,256,256,634
400,256,256,374
400,256,256,666
400,256,256,296
400,256,256,65
400,256,256,457
400,256,256,535
400,256,256,434
400,256,256,536
400,256,256,570
400,256,256,282
400,256,256,561
400,256,256,110
400,256,256,346
400,256,256,288
401,256,256,96
401,256,256,261
401,256,256,87
401,256,256,101
401,256,256,119
401,256,256,152
401,256,256,73
401,256,256,326
401,256,256,203
401,256,256,126
402,256,256,35
402,256,256,197
402,256,256,129
402,256,256,250
402,256,256,171
402,256,256,45
402,256,256,344
402,256,256,233
402,256,256,186
402,256,256,233
403,260,347,109
403,260,347,75
403,260,347,252
403,260,347,233
403,260,347,105
403,260,347,240
403,260,347,89
403,260,347,269
403,260,347,217
403,260,347,213
403,260,347,257
403,260,347,137
403,260,347,127
403,260,347,32
403,260,347,47
403,260,347,148
403,260,347,87
403,260,347,115
403,260,347,103
403,260,347,146
403,260,347,126
403,260,347,106
403,260,347,97
403,260,347,195
403,260,347,246
403,260,347,216
403,260,347,113
403,260,347,219
403,260,347,90
403,260,347,230
403,260,347,285
403,260,347,31
403,260,347,100
403,260,347,144
403,260,347,133
403,260,347,32
403,260,347,298
403,260,347,21
403,260,347,24
403,260,347,223
403,260,347,186
403,260,347,41
403,260,347,23
403,260,347,310
403,260,347,229
403,260,347,94
403,260,347,94
403,260,347,171
403,260,347,196
403,260,347,52
403,260,347,35
403,260,347,235
403,260,347,67
403,260,347,57
403,260,347,85
403,260,347,311
403,260,347,94
403,260,347,285
403,260,347,103
403,260,347,288
403,260,347,25
403,260,347,94
403,260,347,29
403,260,347,98
403,260,347,106
403,260,347,110
403,260,347,114
403,260,347,114
403,260,347,262
403,260,347,120
403,260,347,96
403,260,347,175
403,260,347,122
403,260,347,316
403,260,347,83
403,260,347,393
403,260,347,90
403,260,347,36
403,260,347,77
403,260,347,191
403,260,347,82
403,260,347,85
403,260,347,249
403,260,347,213
403,260,347,206
403,260,347,229
403,260,347,231
403,260,347,273
403,260,347,89
403,260,347,266
403,260,347,92
403,260,347,321
403,260,347,189
403,260,347,283
403,260,347,137
403,260,347,67
403,260,347,86
403,260,347,126
403,260,347,143
403,260,347,79
403,260,347,228
403,260,347,215
403,260,347,231
403,260,347,130
403,260,347,137
403,260,347,148
403,260,347,165
403,260,347,121
403,260,347,184
403,260,347,132
403,260,347,82
403,260,347,187
403,260,347,249
403,260,347,130
403,260,347,131
403,260,347,114
403,260,347,149
403,260,347,98
403,260,347,63
403,260,347,189
403,260,347,176
403,260,347,31
403,260,347,54
403,260,347,43
403,260,347,296
403,260,347,312
403,260,347,165
403,260,347,105
403,260,347,138
403,260,347,84
403,260,347,237
403,260,347,88
404,256,256,75
404,256,256,94
404,256,256,116
404,256,256,76
404,256,256,41
404,256,256,54
404,256,256,68
404,256,256,34
404,256,256,39
404,256,256,97
404,256,256,111
404,256,256,106
404,256,256,23
404,256,256,21
404,256,256,80
404,256,256,71
404,256,256,98
404,256,256,48
404,256,256,112
404,256,256,147
404,256,256,71
404,256,256,43
404,256,256,31
404,256,256,98
404,256,256,81
404,256,256,26
404,256,256,103
404,256,256,76
404,256,256,57
404,256,256,64
404,256,256,145
404,256,256,52
404,256,256,68
404,256,256,144
404,256,256,21
404,256,256,92
404,256,256,141
404,256,256,100
404,256,256,49
404,256,256,47
404,256,256,71
404,256,256,24
404,256,256,32
404,256,256,66
404,256,256,73
404,256,256,138
404,256,256,58
404,256,256,140
404,256,256,60
404,256,256,81
404,256,256,52
404,256,256,28
404,256,256,61
404,256,256,139
404,256,256,76
404,256,256,97
404,256,256,69
404,256,256,80
404,256,256,59
405,256,256,118
405,256,256,40
405,256,256,68
405,256,256,38
405,256,256,21
405,256,256,21
405,256,256,21
405,256,256,22
405,256,256,183
405,256,256,176
405,256,256,21
405,256,256,38
405,256,256,79
405,256,256,44
405,256,256,81
405,256,256,35
405,256,256,21
405,256,256,57
405,256,256,96
405,256,256,21
406,256,256,33
406,256,256,88
406,256,256,33
406,256,256,80
406,256,256,32
406,256,256,112
406,256,256,88
407,256,256,182
407,256,256,88
407,256,256,109
407,256,256,116
407,256,256,282
407,256,256,247
407,256,256,259
407,256,256,216
407,256,256,212
407,256,256,198
407,256,256,288
407,256,256,103
407,256,256,281
407,256,256,165
407,256,256,131
407,256,256,158
407,256,256,371
407,256,256,446
407,256,256,238
407,256,256,25
407,256,256,333
407,256,256,202
407,256,256,380
407,256,256,70
407,256,256,172
407,256,256,136
407,256,256,182
407,256,256,314
407,256,256,338
407,256,256,159
407,256,256,337
407,256,256,203
407,256,256,139
407,256,256,62
407,256,256,243
407,256,256,150
407,256,256,376
407,256,256,309
407,256,256,150
407,256,256,141
407,256,256,128
407,256,256,51
407,256,256,201
407,256,256,31
408,256,256,130
408,256,256,117
408,256,256,145
408,256,256,148
408,256,256,195
408,256,256,95
408,256,256,209
408,256,256,225
408,256,256,79
408,256,256,134
409,256,256,105
409,256,256,74
409,256,256,100
409,256,256,112
409,256,256,111
409,256,256,107
409,256,256,80
409,256,256,110
409,256,256,45
409,256,256,21
409,256,256,34
409,256,256,69
409,256,256,95
409,256,256,95
409,256,256,43
409,256,256,77
409,256,256,66
409,256,256,21
409,256,256,62
409,256,256,30
409,256,256,23
409,256,256,92
409,256,256,93
409,256,256,61
409,256,256,66
409,256,256,41
409,256,256,21
409,256,256,52
409,256,256,21
409,256,256,21
409,256,256,95
409,256,256,53
409,256,256,26
409,256,256,76
409,256,256,46
409,256,256,110
409,256,256,50
409,256,256,31
409,256,256,96
409,256,256,51
409,256,256,86
409,256,256,58
409,256,256,21
409,256,256,36
409,256,256,65
409,256,256,47
409,256,256,23
409,256,256,21
409,256,256,21
409,256,256,90
409,256,256,95
409,256,256,128
409,256,256,21
410,256,320,500
410,256,320,826
410,256,320,794
410,256,320,234
410,256,320,460
410,256,320,142
410,256,320,479
410,256,320,1397
410,256,320,654
410,256,320,633
410,256,320,649
410,256,320,297
410,256,320,169
410,256,320,202
410,256,320,717
410,256,320,501
410,256,320,744
410,256,320,411
410,256,320,650
410,256,320,476
410,256,320,559
410,256,320,919
410,256,320,156
410,256,320,449
410,256,320,454
410,256,320,204
410,256,320,438
410,256,320,1658
410,256,320,818
410,256,320,347
410,256,320,1165
410,256,320,321
410,256,320,563
410,256,320,118
410,256,320,675
410,256,320,794
410,256,320,715
410,256,320,513
410,256,320,595
410,256,320,532
410,256,320,763
410,256,320,414
410,256,320,452
410,256,320,789
410,256,320,100
410,256,320,475
410,256,320,870
410,256,320,371
410,256,320,71
410,256,320,806
410,256,320,542
410,256,320,1269
410,256,320,575
410,256,320,365
410,256,320,243
410,256,320,790
410,256,320,721
410,256,320,878
411,256,256,243
411,256,256,196
411,256,256,158
411,256,256,265
411,256,256,246
411,256,256,342
411,256,256,80
411,256,256,287
411,256,256,371
411,256,256,362
411,256,256,81
411,256,256,110
411,256,256,265
411,256,256,92
411,256,256,280
411,256,256,279
411,256,256,376
411,256,256,82
412,360,360,2751
412,360,360,2553
412,360,360,2294
412,360,360,2531
412,360,360,283
412,360,360,1786
412,360,360,1847
412,360,360,3145
412,360,360,31
412,360,360,50
412,360,360,939
412,360,360,2051
412,360,360,2172
412,360,360,2996
412,360,360,360
412,360,360,72
412,360,360,2478
412,360,360,48
412,360,360,2102
412,360,360,1481
412,360,360,1480
412,360,360,2294
412,360,360,1906
413,256,320,190
413,256,320,329
413,256,320,50
413,256,320,73
413,256,320,373
413,256,320,338
413,256,320,474
413,256,320,85
413,256,320,280
413,256,320,115
413,256,320,157
413,256,320,61
413,256,320,115
413,256,320,368
413,256,320,120
413,256,320,113
413,256,320,85
413,256,320,135
413,256,320,178
413,256,320,109
413,256,320,249
413,256,320,116
413,256,320,306
413,256,320,355
413,256,320,221
413,256,320,277
413,256,320,64
413,256,320,86
413,256,320,422
413,256,320,173
413,256,320,295
413,256,320,76
413,256,320,232
413,256,320,152
413,256,320,86
413,256,320,46
413,256,320,161
413,256,320,115
413,256,320,194
413,256,320,330
413,256,320,206
413,256,320,432
413,256,320,139
413,256,320,41
413,256,320,104
413,256,320,206
413,256,320,417
413,256,320,363
413,256,320,265
413,256,320,92
413,256,320,161
413,256,320,175
413,256,320,183
413,256,320,92
413,256,320,144
413,256,320,404
413,256,320,168
413,256,320,335
413,256,320,90
413,256,320,82
413,256,320,284
413,256,320,63
413,256,320,127
413,256,320,68
413,256,320,208
413,256,320,132
413,256,320,409
413,256,320,125
413,256,320,179
413,256,320,29
413,256,320,244
413,256,320,41
413,256,320,115
413,256,320,241
413,256,320,55
413,256,320,192
413,256,320,330
413,256,320,306
413,256,320,342
413,256,320,474
413,256,320,95
413,256,320,197
413,256,320,323
413,256,320,333
413,256,320,111
413,256,320,171
413,256,320,306
413,256,320,177
413,256,320,155
414,256,256,88
414,256,256,172
414,256,256,95
414,256,256,106
414,256,256,161
414,256,256,146
414,256,256,129
414,256,256,128
414,256,256,151
414,256,256,122
414,256,256,91
414,256,256,119
414,256,256,115
414,256,256,135
414,256,256,179
414,256,256,92
414,256,256,120
414,256,256,87
414,256,256,150
414,256,256,121
414,256,256,176
414,256,256,173
414,256,256,77
414,256,256,172
414,256,256,108
414,256,256,168
414,256,256,145
414,256,256,83
414,256,256,181
414,256,256,122
414,256,256,143
414,256,256,120
414,256,256,90
414,256,256,90
414,256,256,76
414,256,256,114
414,256,256,118
414,256,256,114
414,256,256,119
414,256,256,95
414,256,256,29
414,256,256,166
415,520,696,124
415,520,696,617
415,520,696,636
415,520,696,959
415,520,696,131
415,520,696,88
415,520,696,393
415,520,696,156
415,520,696,204
415,520,696,269
415,520,696,317
415,520,696,422
415,520,696,146
415,520,696,820
415,520,696,423
415,520,696,100
415,520,696,275
415,520,696,374
415,520,696,446
415,520,696,666
415,520,696,805
415,520,696,117
415,520,696,104
415,520,696,720
415,520,696,631
415,520,696,511
415,520,696,567
415,520,696,501
415,520,696,566
415,520,696,459
415,520,696,526
415,520,696,861
415,520,696,599
415,520,696,570
415,520,696,148
415,520,696,666
415,520,696,196
415,520,696,637
415,520,696,103
415,520,696,253
415,520,696,559
415,520,696,604
415,520,696,107
415,520,696,90
415,520,696,370
415,520,696,724
415,520,696,47
415,520,696,171
415,520,696,190
415,520,696,45
415,520,696,622
415,520,696,164
415,520,696,857
415,520,696,655
415,520,696,532
415,520,696,655
415,520,696,914
415,520,696,435
415,520,696,509
415,520,696,792
415,520,696,585
415,520,696,63
415,520,696,43
415,520,696,511
415,520,696,777
415,520,696,378
415,520,696,900
415,520,696,409
415,520,696,469
415,520,696,763
415,520,696,86
416,256,320,184
416,256,320,173
416,256,320,508
416,256,320,654
416,256,320,343
416,256,320,354
416,256,320,223
416,256,320,912
416,256,320,479
416,256,320,368
416,256,320,664
416,256,320,359
416,256,320,211
416,256,320,1160
416,256,320,207
416,256,320,281
416,256,320,549
416,256,320,188
416,256,320,119
416,256,320,362
416,256,320,203
416,256,320,132
416,256,320,214
416,256,320,340
416,256,320,745
416,256,320,42
416,256,320,155
416,256,320,178
416,256,320,52
416,256,320,199
416,256,320,435
416,256,320,189
416,256,320,167
416,256,320,471
416,256,320,248
416,256,320,461
416,256,320,1243
416,256,320,478
416,256,320,243
417,256,320,194
417,256,320,48
417,256,320,253
417,256,320,77
417,256,320,201
417,256,320,174
417,256,320,134
417,256,320,170
417,256,320,82
417,256,320,194
417,256,320,129
417,256,320,249
417,256,320,242
417,256,320,89
417,256,320,97
417,256,320,211
417,256,320,273
417,256,320,31
417,256,320,253
417,256,320,76
417,256,320,141
417,256,320,74
418,360,360,2430
418,360,360,1533
418,360,360,1208
418,360,360,2717
418,360,360,1977
418,360,360,2228
418,360,360,1185
418,360,360,980
418,360,360,403
418,360,360,2541
418,360,360,2265
418,360,360,2229
418,360,360,1634
418,360,360,65
418,360,360,2523
418,360,360,45
418,360,360,2308
418,360,360,2895
419,256,256,93
419,256,256,90
419,256,256,66
419,256,256,99
419,256,256,85
419,256,256,88
419,256,256,44
419,256,256,56
419,256,256,72
419,256,256,58
419,256,256,75
419,256,256,39
419,256,256,59
419,256,256,251
419,256,256,96
419,256,256,92
419,256,256,69
419,256,256,91
419,256,256,178
419,256,256,73
419,256,256,26
419,256,256,22
419,256,256,101
419,256,256,114
419,256,256,173
419,256,256,70
419,256,256,62
419,256,256,47
419,256,256,44
419,256,256,54
419,256,256,106
419,256,256,181
419,256,256,146
419,256,256,143
419,256,256,87
419,256,256,113
419,256,256,83
419,256,256,21
419,256,256,139
419,256,256,166
419,256,256,21
419,256,256,54
419,256,256,165
419,256,256,68
419,256,256,27
419,256,256,134
419,256,256,58
419,256,256,112
419,256,256,111
419,256,256,36
419,256,256,108
419,256,256,22
419,256,256,86
419,256,256,79
419,256,256,145
419,256,256,112
419,256,256,87
419,256,256,50
419,256,256,30
419,256,256,107
419,256,256,134
419,256,256,67
419,256,256,142
419,256,256,52
419,256,256,90
419,256,256,142
419,256,256,75
419,256,256,26
420,256,256,32
420,256,256,102
420,256,256,73
420,256,256,107
420,256,256,71
420,256,256,75
420,256,256,82
420,256,256,55
420,256,256,122
420,256,256,54
420,256,256,110
420,256,256,87
420,256,256,63
420,256,256,119
420,256,256,111
420,256,256,71
420,256,256,101
420,256,256,57
421,603,1272,82
421,603,1272,61
421,603,1272,104
421,603,1272,63
421,603,1272,127
421,603,1272,30
421,603,1272,36
421,603,1272,81
421,603,1272,47
421,603,1272,52
421,603,1272,85
421,603,1272,301
421,603,1272,285
421,603,1272,108
421,603,1272,78
421,603,1272,152
421,603,1272,32
421,603,1272,248
421,603,1272,90
421,603,1272,99
421,603,1272,48
421,603,1272,92
421,603,1272,32
421,603,1272,105
421,603,1272,114
421,603,1272,43
421,603,1272,27
421,603,1272,27
421,603,1272,172
421,603,1272,178
421,603,1272,292
421,603,1272,40
421,603,1272,226
421,603,1272,75
421,603,1272,91
421,603,1272,66
421,603,1272,274
421,603,1272,119
421,603,1272,155
421,603,1272,49
421,603,1272,94
421,603,1272,65
421,603,1272,58
421,603,1272,51
421,603,1272,131
421,603,1272,46
421,603,1272,220
421,603,1272,74
421,603,1272,173
421,603,1272,73
421,603,1272,58
421,603,1272,53
421,603,1272,36
421,603,1272,112
421,603,1272,198
421,603,1272,80
421,603,1272,52
421,603,1272,89
421,603,1272,109
421,603,1272,82
421,603,1272,46
421,603,1272,39
421,603,1272,26
421,603,1272,38
421,603,1272,70
421,603,1272,173
421,603,1272,90
421,603,1272,96
421,603,1272,87
421,603,1272,69
421,603,1272,139
421,603,1272,71
421,603,1272,93
421,603,1272,110
421,603,1272,39
421,603,1272,315
421,603,1272,147
421,603,1272,78
421,603,1272,99
421,603,1272,101
421,603,1272,143
421,603,1272,40
421,603,1272,67
421,603,1272,103
421,603,1272,71
421,603,1272,24
421,603,1272,85
421,603,1272,138
421,603,1272,40
421,603,1272,77
421,603,1272,59
421,603,1272,112
421,603,1272,87
421,603,1272,67
421,603,1272,27
421,603,1272,21
421,603,1272,102
421,603,1272,90
421,603,1272,72
421,603,1272,31
421,603,1272,35
421,603,1272,32
421,603,1272,38
421,603,1272,79
421,603,1272,112
421,603,1272,145
421,603,1272,54
421,603,1272,81
421,603,1272,62
421,603,1272,167
421,603,1272,50
421,603,1272,53
421,603,1272,49
421,603,1272,139
421,603,1272,88
421,603,1272,88
421,603,1272,46
421,603,1272,52
421,603,1272,63
421,603,1272,244
421,603,1272,122
421,603,1272,54
421,603,1272,86
421,603,1272,52
421,603,1272,68
421,603,1272,245
421,603,1272,48
421,603,1272,49
421,603,1272,87
421,603,1272,99
421,603,1272,33
421,603,1272,78
421,603,1272,366
421,603,1272,44
421,603,1272,68
421,603,1272,35
421,603,1272,225
421,603,1272,60
421,603,1272,79
421,603,1272,35
421,603,1272,193
421,603,1272,144
421,603,1272,76
421,603,1272,72
421,603,1272,63
421,603,1272,85
421,603,1272,163
421,603,1272,45
421,603,1272,34
421,603,1272,53
421,603,1272,214
421,603,1272,108
421,603,1272,90
421,603,1272,70
421,603,1272,76
421,603,1272,40
421,603,1272,24
421,603,1272,182
421,603,1272,82
421,603,1272,31
421,603,1272,51
421,603,1272,89
421,603,1272,283
421,603,1272,31
421,603,1272,38
421,603,1272,69
421,603,1272,38
421,603,1272,69
421,603,1272,100
421,603,1272,74
421,603,1272,251
421,603,1272,103
421,603,1272,33
421,603,1272,52
421,603,1272,86
421,603,1272,80
421,603,1272,100
421,603,1272,50
421,603,1272,192
421,603,1272,68
421,603,1272,120
421,603,1272,175
421,603,1272,38
421,603,1272,143
421,603,1272,44
421,603,1272,38
421,603,1272,81
421,603,1272,27
421,603,1272,197
421,603,1272,81
421,603,1272,150
421,603,1272,64
421,603,1272,90
421,603,1272,40
421,603,1272,77
421,603,1272,68
421,603,1272,67
421,603,1272,54
421,603,1272,123
421,603,1272,226
421,603,1272,36
421,603,1272,76
421,603,1272,86
421,603,1272,70
421,603,1272,30
421,603,1272,247
421,603,1272,40
421,603,1272,121
421,603,1272,41
421,603,1272,30
421,603,1272,360
421,603,1272,212
421,603,1272,31
421,603,1272,64
421,603,1272,55
421,603,1272,122
421,603,1272,51
421,603,1272,61
421,603,1272,78
421,603,1272,53
421,603,1272,184
421,603,1272,114
421,603,1272,62
421,603,1272,225
421,603,1272,258
421,603,1272,37
421,603,1272,67
421,603,1272,61
421,603,1272,43
421,603,1272,74
421,603,1272,52
421,603,1272,57
421,603,1272,93
421,603,1272,87
421,603,1272,116
421,603,1272,87
421,603,1272,33
421,603,1272,81
421,603,1272,55
421,603,1272,163
421,603,1272,44
421,603,1272,76
421,603,1272,31
421,603,1272,79
421,603,1272,63
421,603,1272,236
421,603,1272,67
421,603,1272,43
421,603,1272,87
421,603,1272,57
421,603,1272,37
421,603,1272,170
421,603,1272,51
421,603,1272,69
421,603,1272,109
421,603,1272,54
421,603,1272,44
421,603,1272,145
421,603,1272,25
421,603,1272,63
421,603,1272,70
421,603,1272,32
421,603,1272,84
421,603,1272,194
421,603,1272,61
421,603,1272,69
421,603,1272,59
421,603,1272,31
421,603,1272,262
421,603,1272,137
421,603,1272,50
421,603,1272,244
421,603,1272,164
421,603,1272,106
421,603,1272,55
421,603,1272,33
421,603,1272,78
421,603,1272,51
421,603,1272,159
421,603,1272,64
421,603,1272,125
421,603,1272,147
421,603,1272,80
421,603,1272,27
421,603,1272,72
421,603,1272,96
421,603,1272,24
421,603,1272,101
421,603,1272,81
421,603,1272,32
421,603,1272,91
421,603,1272,49
421,603,1272,69
421,603,1272,67
421,603,1272,69
421,603,1272,26
421,603,1272,29
421,603,1272,123
421,603,1272,207
421,603,1272,203
421,603,1272,80
421,603,1272,85
421,603,1272,157
421,603,1272,29
421,603,1272,56
421,603,1272,46
421,603,1272,223
421,603,1272,81
421,603,1272,87
421,603,1272,119
421,603,1272,57
421,603,1272,40
421,603,1272,111
421,603,1272,75
421,603,1272,109
421,603,1272,118
421,603,1272,136
421,603,1272,357
421,603,1272,96
421,603,1272,60
421,603,1272,115
421,603,1272,77
421,603,1272,70
421,603,1272,188
421,603,1272,22
421,603,1272,221
421,603,1272,165
421,603,1272,29
421,603,1272,185
421,603,1272,82
421,603,1272,30
421,603,1272,34
421,603,1272,193
421,603,1272,184
421,603,1272,79
421,603,1272,260
421,603,1272,92
421,603,1272,114
421,603,1272,67
421,603,1272,82
421,603,1272,265
421,603,1272,40
421,603,1272,110
421,603,1272,39
421,603,1272,70
421,603,1272,75
421,603,1272,31
421,603,1272,26
421,603,1272,263
421,603,1272,91
421,603,1272,88
421,603,1272,38
421,603,1272,239
421,603,1272,72
421,603,1272,126
421,603,1272,204
421,603,1272,92
421,603,1272,105
421,603,1272,87
421,603,1272,27
421,603,1272,85
421,603,1272,146
421,603,1272,295
421,603,1272,151
421,603,1272,114
421,603,1272,115
421,603,1272,278
421,603,1272,125
421,603,1272,35
421,603,1272,329
421,603,1272,54
421,603,1272,83
421,603,1272,44
421,603,1272,28
421,603,1272,49
422,360,360,93
422,360,360,2179
422,360,360,21
422,360,360,751
422,360,360,3953
422,360,360,1822
422,360,360,330
422,360,360,1756
422,360,360,2070
422,360,360,21
422,360,360,1461
422,360,360,1954
422,360,360,2339
422,360,360,6475
422,360,360,411
422,360,360,3307
422,360,360,2005
422,360,360,1798
422,360,360,1467
422,360,360,2062
422,360,360,444
422,360,360,1911
422,360,360,369
422,360,360,1855
422,360,360,2285
422,360,360,323
423,256,256,117
423,256,256,161
423,256,256,183
423,256,256,111
423,256,256,197
423,256,256,213
423,256,256,274
424,256,256,500
424,256,256,528
424,256,256,546
424,256,256,263
424,256,256,21
424,256,256,188
424,256,256,573
424,256,256,259
424,256,256,420
424,256,256,340
424,256,256,380
424,256,256,104
424,256,256,289
424,256,256,356
424,256,256,91
424,256,256,21
424,256,256,126
424,256,256,314
424,256,256,65
424,256,256,291
424,256,256,21
424,256,256,102
424,256,256,147
424,256,256,185
424,256,256,783
424,256,256,204
424,256,256,305
424,256,256,565
424,256,256,192
424,256,256,21
424,256,256,757
425,256,256,262
425,256,256,397
425,256,256,350
425,256,256,755
425,256,256,546
425,256,256,519
425,256,256,71
425,256,256,116
425,256,256,328
425,256,256,171
425,256,256,30
425,256,256,246
425,256,256,542
425,256,256,369
425,256,256,313
425,256,256,376
425,256,256,807
425,256,256,35
425,256,256,214
425,256,256,310
425,256,256,459
425,256,256,588
425,256,256,474
425,256,256,158
425,256,256,466
425,256,256,664
425,256,256,551
425,256,256,275
425,256,256,332
425,256,256,259
425,256,256,217
425,256,256,134
425,256,256,183
425,256,256,148
425,256,256,57
425,256,256,211
425,256,256,144
425,256,256,249
425,256,256,215
425,256,256,137
425,256,256,484
425,256,256,205
425,256,256,469
425,256,256,378
426,256,320,433
426,256,320,976
426,256,320,182
426,256,320,683
426,256,320,552
426,256,320,541
426,256,320,123
426,256,320,205
426,256,320,392
426,256,320,26
426,256,320,402
426,256,320,370
426,256,320,481
426,256,320,99
426,256,320,216
426,256,320,125
426,256,320,468
426,256,320,258
426,256,320,937
426,256,320,261
426,256,320,769
426,256,320,277
426,256,320,129
426,256,320,362
426,256,320,680
426,256,320,978
426,256,320,713
426,256,320,547
426,256,320,148
426,256,320,437
426,256,320,562
426,256,320,378
426,256,320,485
426,256,320,272
426,256,320,159
426,256,320,78
426,256,320,486
426,256,320,138
426,256,320,339
426,256,320,208
426,256,320,319
426,256,320,353
426,256,320,171
426,256,320,1148
426,256,320,759
426,256,320,752
426,256,320,565
426,256,320,889
426,256,320,501
426,256,320,487
426,256,320,335
426,256,320,190
426,256,320,189
426,256,320,519
426,256,320,143
426,256,320,193
426,256,320,628
426,256,320,487
426,256,320,391
426,256,320,369
426,256,320,701
426,256,320,389
426,256,320,95
426,256,320,747
426,256,320,571
426,256,320,79
426,256,320,271
426,256,320,384
426,256,320,467
426,256,320,643
426,256,320,499
426,256,320,627
426,256,320,118
426,256,320,146
426,256,320,744
426,256,320,267
426,256,320,545
426,256,320,213
426,256,320,342
426,256,320,414
426,256,320,322
426,256,320,524
426,256,320,421
426,256,320,25
426,256,320,437
426,256,320,527
426,256,320,304
427,256,256,207
427,256,256,25
427,256,256,77
427,256,256,31
427,256,256,89
427,256,256,133
427,256,256,51
427,256,256,144
427,256,256,132
427,256,256,156
427,256,256,135
427,256,256,130
427,256,256,271
427,256,256,267
427,256,256,247
427,256,256,186
428,256,256,57
428,256,256,111
428,256,256,24
428,256,256,90
428,256,256,56
428,256,256,80
428,256,256,21
428,256,256,102
428,256,256,77
428,256,256,134
428,256,256,96
428,256,256,107
428,256,256,153
428,256,256,95
428,256,256,69
429,520,696,1715
429,520,696,792
429,520,696,761
429,520,696,35
429,520,696,554
429,520,696,1596
429,520,696,1099
429,520,696,783
429,520,696,576
429,520,696,369
429,520,696,955
429,520,696,1094
429,520,696,480
429,520,696,433
429,520,696,840
429,520,696,1084
429,520,696,420
429,520,696,1418
429,520,696,706
429,520,696,927
429,520,696,1504
429,520,696,798
429,520,696,1000
429,520,696,184
429,520,696,1090
429,520,696,921
429,520,696,739
429,520,696,613
429,520,696,1180
429,520,696,862
429,520,696,1263
429,520,696,769
429,520,696,1143
429,520,696,1354
429,520,696,1397
429,520,696,518
429,520,696,1131
429,520,696,1125
429,520,696,1414
429,520,696,1218
429,520,696,1357
429,520,696,821
429,520,696,922
429,520,696,916
429,520,696,807
429,520,696,376
429,520,696,258
429,520,696,434
429,520,696,490
429,520,696,967
429,520,696,1385
429,520,696,1115
429,520,696,1222
430,256,320,227
430,256,320,345
430,256,320,460
430,256,320,378
430,256,320,328
430,256,320,43
430,256,320,105
430,256,320,334
430,256,320,493
430,256,320,621
430,256,320,131
430,256,320,213
430,256,320,816
430,256,320,930
430,256,320,150
430,256,320,47
430,256,320,274
430,256,320,311
430,256,320,199
430,256,320,398
430,256,320,94
430,256,320,68
430,256,320,454
430,256,320,274
430,256,320,1193
430,256,320,301
430,256,320,229
430,256,320,517
430,256,320,482
430,256,320,237
430,256,320,822
430,256,320,185
430,256,320,756
430,256,320,633
430,256,320,102
430,256,320,84
430,256,320,1600
431,256,256,39
431,256,256,140
431,256,256,146
431,256,256,209
431,256,256,91
431,256,256,54
431,256,256,107
431,256,256,133
431,256,256,144
431,256,256,152
432,512,640,2374
432,512,640,1227
432,512,640,921
432,512,640,1220
432,512,640,545
432,512,640,1376
432,512,640,1077
432,512,640,1318
432,512,640,992
432,512,640,264
432,512,640,1433
432,512,640,309
432,512,640,658
432,512,640,475
432,512,640,982
432,512,640,975
432,512,640,912
432,512,640,649
432,512,640,727
432,512,640,1429
432,512,640,574
432,512,640,1158
432,512,640,1140
432,512,640,924
432,512,640,1177
432,512,640,1032
432,512,640,858
432,512,640,1873
432,512,640,710
432,512,640,561
432,512,640,1096
432,512,640,546
432,512,640,986
432,512,640,317
432,512,640,618
432,512,640,1181
432,512,640,299
432,512,640,315
432,512,640,550
432,512,640,899
432,512,640,317
432,512,640,266
432,512,640,429
432,512,640,1164
432,512,640,1738
432,512,640,613
432,512,640,1528
432,512,640,712
432,512,640,1331
433,256,320,1002
433,256,320,1532
433,256,320,96
433,256,320,721
433,256,320,24
433,256,320,1227
433,256,320,894
433,256,320,600
433,256,320,920
433,256,320,95
433,256,320,1328
433,256,320,972
433,256,320,976
433,256,320,787
433,256,320,981
433,256,320,660
433,256,320,348
433,256,320,1264
433,256,320,479
433,256,320,1151
433,256,320,1128
433,256,320,25
433,256,320,973
433,256,320,910
433,256,320,991
433,256,320,1198
433,256,320,764
433,256,320,1909
433,256,320,697
433,256,320,1382
434,256,256,175
434,256,256,246
434,256,256,138
434,256,256,228
434,256,256,197
434,256,256,340
434,256,256,47
434,256,256,263
434,256,256,257
434,256,256,192
435,256,320,198
435,256,320,389
435,256,320,150
435,256,320,391
435,256,320,147
435,256,320,177
435,256,320,134
435,256,320,231
435,256,320,246
435,256,320,565
435,256,320,184
435,256,320,395
435,256,320,83
435,256,320,856
435,256,320,104
436,256,256,156
436,256,256,244
436,256,256,181
436,256,256,225
436,256,256,190
436,256,256,153
436,256,256,55
436,256,256,74
436,256,256,207
436,256,256,128
437,520,696,593
437,520,696,547
437,520,696,656
437,520,696,790
437,520,696,768
437,520,696,36
437,520,696,735
437,520,696,854
437,520,696,848
437,520,696,470
437,520,696,52
437,520,696,526
437,520,696,297
437,520,696,516
437,520,696,908
437,520,696,640
437,520,696,659
437,520,696,800
437,520,696,586
437,520,696,434
437,520,696,721
437,520,696,639
437,520,696,681
437,520,696,606
437,520,696,132
437,520,696,903
437,520,696,682
437,520,696,455
437,520,696,617
437,520,696,711
437,520,696,607
437,520,696,670
437,520,696,956
437,520,696,892
437,520,696,846
437,520,696,1234
437,520,696,645
437,520,696,615
437,520,696,641
437,520,696,628
437,520,696,465
437,520,696,885
437,520,696,1086
437,520,696,665
437,520,696,794
437,520,696,984
437,520,696,817
437,520,696,823
437,520,696,794
437,520,696,430
437,520,696,837
437,520,696,1159
437,520,696,394
437,520,696,518
437,520,696,878
437,520,696,584
437,520,696,181
437,520,696,771
437,520,696,1029
437,520,696,437
437,520,696,811
437,520,696,634
437,520,696,530
437,520,696,836
437,520,696,615
437,520,696,625
437,520,696,656
437,520,696,129
437,520,696,1269
437,520,696,685
437,520,696,728
437,520,696,656
437,520,696,639
437,520,696,619
437,520,696,741
437,520,696,196
437,520,696,642
437,520,696,300
437,520,696,940
437,520,696,913
437,520,696,917
437,520,696,487
437,520,696,715
437,520,696,968
437,520,696,752
437,520,696,537
437,520,696,51
437,520,696,576
437,520,696,72
437,520,696,130
437,520,696,585
437,520,696,1069
437,520,696,670
437,520,696,163
437,520,696,588
437,520,696,686
437,520,696,471
437,520,696,720
437,520,696,937
437,520,696,995
437,520,696,255
437,520,696,635
437,520,696,657
437,520,696,43
437,520,696,617
437,520,696,696
437,520,696,644
437,520,696,421
437,520,696,818
437,520,696,886
437,520,696,80
437,520,696,512
437,520,696,547
437,520,696,857
437,520,696,961
437,520,696,950
437,520,696,591
437,520,696,701
437,520,696,704
437,520,696,170
437,520,696,650
437,520,696,739
437,520,696,693
437,520,696,831
437,520,696,659
437,520,696,147
437,520,696,763
437,520,696,636
437,520,696,336
437,520,696,656
437,520,696,671
437,520,696,528
437,520,696,556
437,520,696,1054
438,360,360,38
438,360,360,78
438,360,360,159
438,360,360,179
438,360,360,333
438,360,360,6074
438,360,360,1606
438,360,360,1704
438,360,360,2208
438,360,360,22
438,360,360,50
438,360,360,1514
438,360,360,1985
438,360,360,1668
438,360,360,1274
438,360,360,69
438,360,360,42
438,360,360,51
438,360,360,1814
438,360,360,1129
438,360,360,462
438,360,360,2057
438,360,360,2606
438,360,360,268
438,360,360,489
438,360,360,614
438,360,360,57
438,360,360,62
438,360,360,2041
438,360,360,1308
439,520,696,593
439,520,696,621
439,520,696,716
439,520,696,672
439,520,696,632
439,520,696,625
439,520,696,606
439,520,696,963
439,520,696,1131
439,520,696,464
439,520,696,738
439,520,696,568
439,520,696,512
439,520,696,911
439,520,696,533
439,520,696,543
439,520,696,1006
439,520,696,899
439,520,696,564
439,520,696,766
439,520,696,365
439,520,696,569
439,520,696,770
439,520,696,363
439,520,696,653
439,520,696,659
439,520,696,679
439,520,696,742
439,520,696,502
439,520,696,750
439,520,696,707
439,520,696,553
439,520,696,540
439,520,696,616
439,520,696,168
439,520,696,476
439,520,696,534
439,520,696,932
439,520,696,687
439,520,696,655
439,520,696,580
439,520,696,612
439,520,696,653
439,520,696,730
439,520,696,918
439,520,696,543
439,520,696,655
439,520,696,555
439,520,696,444
439,520,696,767
439,520,696,577
439,520,696,563
439,520,696,640
439,520,696,581
439,520,696,1063
439,520,696,501
439,520,696,842
439,520,696,508
439,520,696,291
439,520,696,484
439,520,696,482
439,520,696,622
439,520,696,634
439,520,696,944
439,520,696,1101
439,520,696,442
439,520,696,537
439,520,696,917
439,520,696,605
439,520,696,581
439,520,696,826
439,520,696,299
439,520,696,754
439,520,696,741
439,520,696,589
439,520,696,507
439,520,696,405
439,520,696,544
439,520,696,507
439,520,696,1101
439,520,696,603
439,520,696,583
439,520,696,296
439,520,696,798
439,520,696,506
439,520,696,639
439,520,696,516
439,520,696,670
439,520,696,556
439,520,696,631
439,520,696,638
439,520,696,481
439,520,696,541
439,520,696,243
439,520,696,994
439,520,696,520
439,520,696,406
439,520,696,573
439,520,696,528
439,520,696,483
439,520,696,311
439,520,696,565
439,520,696,751
439,520,696,651
439,520,696,739
439,520,696,566
439,520,696,620
439,520,696,591
439,520,696,835
439,520,696,843
439,520,696,633
439,520,696,676
439,520,696,1079
439,520,696,572
439,520,696,521
439,520,696,562
439,520,696,260
439,520,696,681
439,520,696,403
439,520,696,590
439,520,696,886
439,520,696,482
439,520,696,645
439,520,696,327
440,256,320,832
440,256,320,505
440,256,320,163
440,256,320,816
440,256,320,488
440,256,320,899
440,256,320,563
440,256,320,127
440,256,320,412
440,256,320,70
440,256,320,388
440,256,320,42
440,256,320,119
440,256,320,132
440,256,320,285
440,256,320,698
440,256,320,481
440,256,320,381
440,256,320,284
440,256,320,92
440,256,320,187
440,256,320,1432
440,256,320,428
440,256,320,100
440,256,320,1119
440,256,320,842
440,256,320,652
440,256,320,856
440,256,320,727
440,256,320,759
440,256,320,540
440,256,320,385
440,256,320,49
440,256,320,263
440,256,320,98
440,256,320,232
440,256,320,89
440,256,320,754
440,256,320,610
440,256,320,391
440,256,320,1116
440,256,320,584
440,256,320,147
440,256,320,261
440,256,320,75
440,256,320,61
440,256,320,274
440,256,320,247
440,256,320,248
440,256,320,851
440,256,320,756
440,256,320,77
440,256,320,155
440,256,320,458
440,256,320,251
440,256,320,222
440,256,320,191
440,256,320,470
440,256,320,86
440,256,320,170
440,256,320,478
440,256,320,353
440,256,320,324
440,256,320,255
440,256,320,118
440,256,320,75
440,256,320,706
440,256,320,382
440,256,320,884
440,256,320,322
440,256,320,185
440,256,320,279
440,256,320,216
440,256,320,413
440,256,320,535
440,256,320,454
440,256,320,684
440,256,320,43
440,256,320,581
440,256,320,703
440,256,320,334
440,256,320,350
440,256,320,169
441,256,320,4882
441,256,320,120
441,256,320,1117
441,256,320,3070
441,256,320,230
441,256,320,3448
441,256,320,1020
441,256,320,3286
441,256,320,2636
441,256,320,4803
441,256,320,1419
442,256,256,21
442,256,256,39
442,256,256,91
442,256,256,42
442,256,256,169
442,256,256,124
442,256,256,112
442,256,256,21
442,256,256,21
442,256,256,44
442,256,256,164
442,256,256,136
442,256,256,151
442,256,256,102
442,256,256,90
442,256,256,218
442,256,256,96
442,256,256,21
442,256,256,46
442,256,256,87
442,256,256,67
443,520,696,651
443,520,696,653
443,520,696,523
443,520,696,603
443,520,696,853
443,520,696,787
443,520,696,538
443,520,696,531
443,520,696,635
443,520,696,605
443,520,696,518
443,520,696,144
443,520,696,459
443,520,696,1038
443,520,696,295
443,520,696,603
443,520,696,882
443,520,696,576
443,520,696,505
443,520,696,488
443,520,696,502
443,520,696,707
443,520,696,598
443,520,696,715
443,520,696,683
443,520,696,654
443,520,696,766
443,520,696,546
443,520,696,88
443,520,696,817
443,520,696,909
443,520,696,599
443,520,696,908
443,520,696,389
443,520,696,902
443,520,696,867
443,520,696,515
443,520,696,561
443,520,696,483
443,520,696,959
443,520,696,654
443,520,696,682
443,520,696,951
443,520,696,697
443,520,696,1023
443,520,696,606
443,520,696,561
443,520,696,592
443,520,696,1161
443,520,696,524
443,520,696,249
443,520,696,267
443,520,696,676
443,520,696,1029
443,520,696,603
443,520,696,814
443,520,696,469
443,520,696,490
443,520,696,217
443,520,696,712
443,520,696,821
443,520,696,303
443,520,696,725
443,520,696,34
443,520,696,630
443,520,696,399
443,520,696,532
443,520,696,999
443,520,696,889
443,520,696,608
443,520,696,354
443,520,696,635
443,520,696,939
443,520,696,677
443,520,696,795
443,520,696,355
443,520,696,304
443,520,696,922
443,520,696,526
443,520,696,778
443,520,696,729
443,520,696,404
443,520,696,249
443,520,696,910
443,520,696,540
443,520,696,1328
443,520,696,481
443,520,696,485
443,520,696,621
443,520,696,247
443,520,696,749
443,520,696,469
443,520,696,672
443,520,696,489
443,520,696,604
443,520,696,509
443,520,696,826
443,520,696,952
443,520,696,482
443,520,696,548
443,520,696,767
443,520,696,641
443,520,696,765
443,520,696,816
443,520,696,859
443,520,696,832
443,520,696,424
443,520,696,860
443,520,696,612
443,520,696,637
443,520,696,745
443,520,696,238
443,520,696,359
443,520,696,547
443,520,696,696
443,520,696,629
443,520,696,529
443,520,696,600
443,520,696,581
443,520,696,668
443,520,696,638
443,520,696,893
443,520,696,116
443,520,696,363
443,520,696,666
443,520,696,960
443,520,696,688
443,520,696,635
443,520,696,727
443,520,696,469
443,520,696,555
443,520,696,617
443,520,696,611
443,520,696,585
443,520,696,859
443,520,696,554
443,520,696,627
443,520,696,351
443,520,696,615
443,520,696,394
443,520,696,555
443,520,696,653
443,520,696,826
443,520,696,1612
443,520,696,179
443,520,696,861
443,520,696,123
443,520,696,440
443,520,696,388
443,520,696,743
443,520,696,967
443,520,696,467
443,520,696,525
443,520,696,622
443,520,696,666
444,256,320,1069
444,256,320,1443
444,256,320,555
444,256,320,305
444,256,320,77
444,256,320,547
444,256,320,1987
444,256,320,824
444,256,320,268
444,256,320,580
444,256,320,1901
444,256,320,183
444,256,320,1062
444,256,320,140
444,256,320,1936
444,256,320,280
444,256,320,1230
444,256,320,1284
444,256,320,1325
444,256,320,623
445,520,696,295
445,520,696,525
445,520,696,453
445,520,696,388
445,520,696,285
445,520,696,347
445,520,696,347
445,520,696,206
445,520,696,211
445,520,696,346
445,520,696,460
445,520,696,626
445,520,696,533
445,520,696,622
445,520,696,436
445,520,696,201
445,520,696,599
445,520,696,77
445,520,696,90
445,520,696,244
445,520,696,26
445,520,696,434
445,520,696,550
445,520,696,292
445,520,696,584
445,520,696,503
445,520,696,404
445,520,696,418
445,520,696,545
445,520,696,504
445,520,696,441
445,520,696,540
445,520,696,630
445,520,696,547
445,520,696,495
445,520,696,417
445,520,696,445
445,520,696,468
445,520,696,277
445,520,696,731
445,520,696,410
445,520,696,495
445,520,696,536
445,520,696,242
445,520,696,457
445,520,696,605
445,520,696,358
445,520,696,301
445,520,696,523
445,520,696,253
445,520,696,507
445,520,696,478
445,520,696,555
445,520,696,217
445,520,696,506
445,520,696,527
445,520,696,547
445,520,696,525
445,520,696,416
445,520,696,488
445,520,696,569
445,520,696,211
445,520,696,543
445,520,696,379
445,520,696,465
445,520,696,365
445,520,696,315
445,520,696,498
445,520,696,320
445,520,696,715
445,520,696,24
445,520,696,529
445,520,696,297
445,520,696,441
445,520,696,265
445,520,696,208
445,520,696,396
445,520,696,235
445,520,696,450
445,520,696,945
445,520,696,617
445,520,696,675
445,520,696,437
445,520,696,623
445,520,696,236
445,520,696,27
445,520,696,535
445,520,696,463
445,520,696,465
445,520,696,39
445,520,696,400
445,520,696,467
445,520,696,619
445,520,696,286
445,520,696,444
445,520,696,423
445,520,696,369
445,520,696,25
445,520,696,402
445,520,696,536
445,520,696,574
445,520,696,506
445,520,696,475
445,520,696,471
445,520,696,474
445,520,696,478
445,520,696,683
445,520,696,120
445,520,696,34
445,520,696,368
445,520,696,462
445,520,696,465
445,520,696,449
445,520,696,504
445,520,696,453
445,520,696,513
445,520,696,610
445,520,696,504
445,520,696,330
445,520,696,484
445,520,696,614
445,520,696,444
445,520,696,625
445,520,696,482
445,520,696,464
445,520,696,448
445,520,696,460
445,520,696,435
445,520,696,520
445,520,696,178
445,520,696,554
445,520,696,32
445,520,696,747
445,520,696,415
445,520,696,410
445,520,696,427
445,520,696,599
445,520,696,537
445,520,696,545
445,520,696,536
446,256,256,369
446,256,256,215
446,256,256,203
446,256,256,489
446,256,256,225
446,256,256,347
446,256,256,246
446,256,256,82
446,256,256,324
446,256,256,50
446,256,256,412
446,256,256,194
446,256,256,372
446,256,256,209
446,256,256,67
446,256,256,272
446,256,256,184
446,256,256,224
446,256,256,90
446,256,256,217
446,256,256,68
446,256,256,168
446,256,256,132
446,256,256,196
446,256,256,93
446,256,256,305
446,256,256,373
446,256,256,140
446,256,256,308
446,256,256,196
446,256,256,224
446,256,256,202
446,256,256,210
446,256,256,222
446,256,256,119
446,256,256,198
446,256,256,64
446,256,256,167
446,256,256,228
446,256,256,340
446,256,256,135
446,256,256,315
446,256,256,171
446,256,256,35
446,256,256,231
446,256,256,216
446,256,256,267
446,256,256,220
446,256,256,43
446,256,256,361
446,256,256,314
446,256,256,53
446,256,256,217
446,256,256,299
446,256,256,345
446,256,256,339
446,256,256,242
446,256,256,229
446,256,256,195
446,256,256,367
446,256,256,119
446,256,256,480
446,256,256,304
446,256,256,298
446,256,256,348
447,256,256,21
447,256,256,113
447,256,256,65
447,256,256,148
447,256,256,54
447,256,256,371
447,256,256,31
447,256,256,21
447,256,256,140
447,256,256,322
447,256,256,21
447,256,256,528
447,256,256,354
447,256,256,21
447,256,256,499
447,256,256,326
447,256,256,441
447,256,256,154
447,256,256,394
447,256,256,308
447,256,256,21
447,256,256,389
447,256,256,448
447,256,256,210
447,256,256,239
447,256,256,252
447,256,256,162
447,256,256,369
447,256,256,362
447,256,256,21
447,256,256,21
448,256,256,116
448,256,256,98
448,256,256,172
448,256,256,21
448,256,256,148
448,256,256,326
448,256,256,205
448,256,256,162
449,256,320,696
449,256,320,143
449,256,320,539
449,256,320,760
449,256,320,102
449,256,320,126
449,256,320,107
449,256,320,496
449,256,320,159
449,256,320,398
449,256,320,82
449,256,320,667
449,256,320,89
449,256,320,620
449,256,320,376
449,256,320,533
449,256,320,71
449,256,320,448
449,256,320,389
449,256,320,205
449,256,320,365
449,256,320,323
449,256,320,329
449,256,320,191
449,256,320,78
449,256,320,337
449,256,320,392
449,256,320,450
449,256,320,647
449,256,320,251
449,256,320,125
449,256,320,443
449,256,320,103
449,256,320,459
449,256,320,391
449,256,320,128
449,256,320,105
449,256,320,212
449,256,320,358
449,256,320,406
449,256,320,162
449,256,320,169
449,256,320,155
449,256,320,296
449,256,320,375
449,256,320,272
449,256,320,134
449,256,320,350
449,256,320,202
449,256,320,185
449,256,320,437
449,256,320,483
449,256,320,468
450,256,256,183
450,256,256,25
450,256,256,128
450,256,256,179
450,256,256,156
450,256,256,141
450,256,256,149
450,256,256,295
451,520,696,660
451,520,696,470
451,520,696,630
451,520,696,821
451,520,696,797
451,520,696,930
451,520,696,700
451,520,696,406
451,520,696,680
451,520,696,477
451,520,696,844
451,520,696,367
451,520,696,542
451,520,696,336
451,520,696,668
451,520,696,885
451,520,696,516
451,520,696,186
451,520,696,512
451,520,696,529
451,520,696,684
451,520,696,582
451,520,696,658
451,520,696,673
451,520,696,21
451,520,696,928
451,520,696,991
451,520,696,590
451,520,696,125
451,520,696,784
451,520,696,775
451,520,696,700
451,520,696,624
451,520,696,665
451,520,696,1067
451,520,696,503
451,520,696,618
451,520,696,528
451,520,696,766
451,520,696,584
451,520,696,658
451,520,696,142
451,520,696,804
451,520,696,931
451,520,696,503
451,520,696,917
451,520,696,761
451,520,696,697
451,520,696,756
451,520,696,428
451,520,696,759
451,520,696,663
451,520,696,501
451,520,696,557
451,520,696,570
451,520,696,1034
451,520,696,541
451,520,696,618
451,520,696,529
451,520,696,693
451,520,696,556
451,520,696,396
451,520,696,669
451,520,696,637
451,520,696,749
451,520,696,814
451,520,696,590
451,520,696,536
451,520,696,378
451,520,696,618
451,520,696,160
451,520,696,539
451,520,696,606
451,520,696,598
451,520,696,396
451,520,696,605
451,520,696,488
451,520,696,700
451,520,696,597
451,520,696,746
451,520,696,646
451,520,696,521
451,520,696,632
451,520,696,732
451,520,696,362
451,520,696,169
451,520,696,809
451,520,696,626
451,520,696,423
451,520,696,568
451,520,696,661
451,520,696,569
451,520,696,613
451,520,696,772
451,520,696,622
451,520,696,533
451,520,696,38
451,520,696,570
451,520,696,599
451,520,696,710
451,520,696,531
451,520,696,1464
451,520,696,230
451,520,696,587
451,520,696,1056
451,520,696,586
451,520,696,644
451,520,696,561
451,520,696,783
451,520,696,586
451,520,696,363
451,520,696,741
451,520,696,507
451,520,696,727
451,520,696,516
451,520,696,690
451,520,696,1044
451,520,696,790
451,520,696,597
451,520,696,599
451,520,696,347
451,520,696,847
451,520,696,760
451,520,696,441
451,520,696,915
451,520,696,545
451,520,696,626
451,520,696,679
451,520,696,48
451,520,696,755
451,520,696,860
451,520,696,614
451,520,696,610
451,520,696,513
451,520,696,461
451,520,696,637
451,520,696,589
451,520,696,593
451,520,696,622
451,520,696,748
451,520,696,762
452,256,256,299
452,256,256,36
452,256,256,354
452,256,256,69
452,256,256,343
452,256,256,315
452,256,256,304
452,256,256,235
452,256,256,23
452,256,256,206
452,256,256,21
452,256,256,317
452,256,256,363
452,256,256,319
452,256,256,306
452,256,256,70
452,256,256,185
452,256,256,360
452,256,256,337
452,256,256,262
452,256,256,470
452,256,256,178
452,256,256,293
452,256,256,293
452,256,256,324
452,256,256,251
452,256,256,485
452,256,256,322
452,256,256,167
452,256,256,236
452,256,256,374
452,256,256,381
452,256,256,510
452,256,256,154
452,256,256,497
452,256,256,21
452,256,256,220
453,256,256,197
453,256,256,280
453,256,256,302
453,256,256,178
453,256,256,182
453,256,256,314
453,256,256,44
453,256,256,169
453,256,256,21
453,256,256,180
453,256,256,35
454,256,320,40
454,256,320,615
454,256,320,1220
454,256,320,564
454,256,320,129
454,256,320,405
454,256,320,1015
454,256,320,675
454,256,320,1459
454,256,320,983
454,256,320,131
454,256,320,1070
454,256,320,1571
454,256,320,622
455,360,360,2964
455,360,360,91
455,360,360,2222
455,360,360,683
455,360,360,1819
455,360,360,1312
455,360,360,1956
455,360,360,3307
455,360,360,22
455,360,360,1898
455,360,360,1575
455,360,360,2929
455,360,360,1471
455,360,360,2325
455,360,360,2046
455,360,360,2169
455,360,360,180
455,360,360,620
455,360,360,1767
455,360,360,2114
455,360,360,1861
455,360,360,24
455,360,360,100
455,360,360,336
455,360,360,599
456,360,360,1279
456,360,360,90
456,360,360,2289
456,360,360,2246
456,360,360,1734
456,360,360,3061
456,360,360,2317
456,360,360,3998
456,360,360,59
456,360,360,1861
456,360,360,1197
456,360,360,2896
456,360,360,3550
456,360,360,991
456,360,360,2059
456,360,360,2145
456,360,360,621
456,360,360,2742
456,360,360,2184
456,360,360,305
456,360,360,3040
456,360,360,2064
456,360,360,1695
457,256,320,140
457,256,320,33
457,256,320,103
457,256,320,39
457,256,320,202
457,256,320,47
457,256,320,107
457,256,320,157
457,256,320,219
457,256,320,287
457,256,320,174
457,256,320,141
457,256,320,35
457,256,320,86
457,256,320,139
457,256,320,137
457,256,320,257
457,256,320,24
457,256,320,95
457,256,320,176
457,256,320,106
457,256,320,142
457,256,320,155
457,256,320,188
457,256,320,78
457,256,320,21
457,256,320,64
457,256,320,290
457,256,320,248
457,256,320,72
457,256,320,329
457,256,320,167
457,256,320,85
457,256,320,93
457,256,320,30
457,256,320,194
457,256,320,59
457,256,320,143
457,256,320,137
457,256,320,93
457,256,320,166
457,256,320,101
457,256,320,166
457,256,320,277
457,256,320,123
457,256,320,164
457,256,320,137
457,256,320,122
457,256,320,155
457,256,320,40
457,256,320,195
457,256,320,46
457,256,320,75
457,256,320,44
457,256,320,211
457,256,320,213
457,256,320,30
457,256,320,311
457,256,320,61
457,256,320,174
457,256,320,118
457,256,320,226
457,256,320,48
457,256,320,63
457,256,320,95
457,256,320,116
457,256,320,33
457,256,320,212
457,256,320,320
457,256,320,152
457,256,320,61
457,256,320,124
457,256,320,223
457,256,320,171
457,256,320,73
457,256,320,255
457,256,320,129
457,256,320,88
457,256,320,49
457,256,320,122
457,256,320,104
457,256,320,97
457,256,320,34
457,256,320,48
458,512,640,692
458,512,640,1330
458,512,640,1020
458,512,640,480
458,512,640,718
458,512,640,796
458,512,640,2195
458,512,640,1390
458,512,640,2094
458,512,640,548
458,512,640,37
458,512,640,1053
458,512,640,1950
458,512,640,1312
458,512,640,688
458,512,640,328
458,512,640,1300
458,512,640,2436
458,512,640,1268
458,512,640,48
458,512,640,2582
458,512,640,2344
458,512,640,1229
458,512,640,1198
458,512,640,1664
458,512,640,3204
458,512,640,606
458,512,640,1399
458,512,640,794
458,512,640,2417
458,512,640,2969
458,512,640,2069
458,512,640,1032
458,512,640,1747
459,360,360,3233
459,360,360,1728
459,360,360,1071
459,360,360,1967
459,360,360,3950
460,256,320,184
460,256,320,85
460,256,320,70
460,256,320,126
460,256,320,364
460,256,320,148
460,256,320,41
460,256,320,240
460,256,320,195
460,256,320,186
460,256,320,182
460,256,320,113
460,256,320,171
460,256,320,105
460,256,320,191
460,256,320,25
460,256,320,305
460,256,320,91
460,256,320,127
460,256,320,189
460,256,320,186
460,256,320,145
460,256,320,189
460,256,320,32
460,256,320,197
460,256,320,358
460,256,320,57
460,256,320,157
460,256,320,242
460,256,320,215
460,256,320,257
460,256,320,353
460,256,320,185
460,256,320,302
460,256,320,81
460,256,320,121
460,256,320,123
460,256,320,143
460,256,320,354
460,256,320,143
460,256,320,139
460,256,320,139
460,256,320,269
460,256,320,179
460,256,320,257
460,256,320,339
460,256,320,29
460,256,320,170
460,256,320,177
460,256,320,133
460,256,320,195
460,256,320,339
460,256,320,147
460,256,320,110
460,256,320,332
460,256,320,54
460,256,320,247
460,256,320,170
460,256,320,60
460,256,320,232
460,256,320,26
460,256,320,166
460,256,320,247
460,256,320,149
460,256,320,158
460,256,320,334
460,256,320,147
460,256,320,82
460,256,320,102
460,256,320,200
460,256,320,192
460,256,320,43
460,256,320,101
460,256,320,87
460,256,320,157
461,256,256,130
461,256,256,21
461,256,256,75
461,256,256,75
461,256,256,79
461,256,256,136
461,256,256,123
461,256,256,67
461,256,256,80
461,256,256,73
461,256,256,151
461,256,256,64
461,256,256,69
461,256,256,75
461,256,256,71
461,256,256,51
461,256,256,45
461,256,256,30
461,256,256,60
461,256,256,81
461,256,256,62
461,256,256,65
461,256,256,61
461,256,256,21
461,256,256,123
461,256,256,45
461,256,256,88
461,256,256,66
461,256,256,121
461,256,256,45
461,256,256,70
461,256,256,34
461,256,256,96
461,256,256,103
461,256,256,123
461,256,256,58
461,256,256,78
461,256,256,43
461,256,256,52
461,256,256,82
461,256,256,30
461,256,256,24
461,256,256,28
461,256,256,60
461,256,256,161
461,256,256,55
461,256,256,68
461,256,256,52
461,256,256,67
461,256,256,89
461,256,256,66
461,256,256,75
461,256,256,95
461,256,256,69
461,256,256,78
461,256,256,28
461,256,256,57
461,256,256,21
461,256,256,56
461,256,256,92
461,256,256,101
461,256,256,61
461,256,256,37
461,256,256,111
461,256,256,97
461,256,256,21
461,256,256,61
461,256,256,65
461,256,256,107
461,256,256,84
461,256,256,21
461,256,256,64
461,256,256,82
462,256,320,245
462,256,320,175
463,256,320,252
463,256,320,185
463,256,320,33
463,256,320,410
463,256,320,104
463,256,320,228
463,256,320,264
463,256,320,52
463,256,320,186
463,256,320,31
463,256,320,253
463,256,320,311
463,256,320,105
463,256,320,174
463,256,320,373
463,256,320,167
463,256,320,527
463,256,320,70
463,256,320,115
463,256,320,372
463,256,320,432
463,256,320,58
463,256,320,61
463,256,320,432
463,256,320,216
463,256,320,506
463,256,320,217
463,256,320,280
463,256,320,536
463,256,320,157
463,256,320,45
463,256,320,143
463,256,320,72
463,256,320,410
463,256,320,303
463,256,320,342
463,256,320,320
464,256,256,488
464,256,256,345
464,256,256,231
464,256,256,259
464,256,256,245
464,256,256,378
464,256,256,200
464,256,256,152
464,256,256,143
464,256,256,283
464,256,256,170
464,256,256,215
464,256,256,175
464,256,256,146
464,256,256,312
464,256,256,296
464,256,256,237
464,256,256,143
464,256,256,39
464,256,256,383
464,256,256,285
464,256,256,54
465,520,696,2050
465,520,696,3111
465,520,696,1727
465,520,696,1463
465,520,696,1713
465,520,696,1499
465,520,696,2932
465,520,696,1603
465,520,696,1702
465,520,696,2597
466,256,256,96
466,256,256,337
466,256,256,105
466,256,256,162
466,256,256,124
466,256,256,135
466,256,256,26
466,256,256,24
466,256,256,140
466,256,256,141
466,256,256,102
466,256,256,115
466,256,256,109
466,256,256,151
466,256,256,115
466,256,256,71
466,256,256,152
466,256,256,138
466,256,256,118
466,256,256,160
466,256,256,24
466,256,256,91
467,360,360,876
467,360,360,1711
467,360,360,79
467,360,360,1639
467,360,360,1504
467,360,360,46
467,360,360,62
467,360,360,69
467,360,360,1700
467,360,360,1032
467,360,360,585
467,360,360,2037
467,360,360,1604
467,360,360,340
467,360,360,1242
467,360,360,1078
467,360,360,2703
467,360,360,2039
467,360,360,70
467,360,360,1841
467,360,360,1004
467,360,360,1674
467,360,360,1894
468,256,320,528
468,256,320,973
468,256,320,59
468,256,320,1828
468,256,320,972
468,256,320,2502
468,256,320,180
468,256,320,495
468,256,320,1214
468,256,320,1470
468,256,320,815
468,256,320,634
468,256,320,1228
468,256,320,2441
468,256,320,546
469,360,360,1939
469,360,360,1650
469,360,360,2088
469,360,360,2735
469,360,360,1965
469,360,360,74
469,360,360,742
469,360,360,99
469,360,360,2305
469,360,360,723
469,360,360,2019
469,360,360,2289
469,360,360,1171
469,360,360,2478
469,360,360,1350
469,360,360,1787
469,360,360,767
469,360,360,933
469,360,360,1678
469,360,360,2562
469,360,360,61
469,360,360,1068
469,360,360,1453
469,360,360,1805
469,360,360,180
469,360,360,2133
469,360,360,91
469,360,360,2448
469,360,360,3429
470,256,256,124
470,256,256,114
470,256,256,21
470,256,256,270
470,256,256,147
470,256,256,198
470,256,256,163
470,256,256,240
470,256,256,121
470,256,256,115
470,256,256,132
470,256,256,111
470,256,256,137
470,256,256,164
470,256,256,29
470,256,256,42
470,256,256,24
470,256,256,108
470,256,256,26
470,256,256,147
470,256,256,98
470,256,256,21
471,360,360,2287
471,360,360,1679
471,360,360,1274
471,360,360,2655
471,360,360,1987
471,360,360,77
471,360,360,2082
471,360,360,2951
471,360,360,2546
471,360,360,124
471,360,360,100
471,360,360,779
472,520,696,477
472,520,696,510
472,520,696,540
472,520,696,538
472,520,696,581
472,520,696,419
472,520,696,588
472,520,696,250
472,520,696,848
472,520,696,561
472,520,696,685
472,520,696,377
472,520,696,627
472,520,696,611
472,520,696,536
472,520,696,536
472,520,696,590
472,520,696,609
472,520,696,650
472,520,696,419
472,520,696,661
472,520,696,469
472,520,696,438
472,520,696,620
472,520,696,482
472,520,696,652
472,520,696,457
472,520,696,651
472,520,696,716
472,520,696,327
472,520,696,587
472,520,696,841
472,520,696,355
472,520,696,574
472,520,696,812
472,520,696,576
472,520,696,577
472,520,696,662
472,520,696,650
472,520,696,424
472,520,696,430
472,520,696,508
472,520,696,587
472,520,696,655
472,520,696,521
472,520,696,639
472,520,696,615
472,520,696,155
472,520,696,728
472,520,696,648
472,520,696,689
472,520,696,982
472,520,696,649
472,520,696,634
472,520,696,608
472,520,696,573
472,520,696,616
472,520,696,581
472,520,696,586
472,520,696,584
472,520,696,469
472,520,696,851
472,520,696,635
472,520,696,684
472,520,696,850
472,520,696,458
472,520,696,169
472,520,696,447
472,520,696,747
472,520,696,718
472,520,696,574
472,520,696,512
472,520,696,588
472,520,696,650
472,520,696,658
472,520,696,646
472,520,696,557
472,520,696,226
472,520,696,816
472,520,696,648
472,520,696,631
472,520,696,694
472,520,696,712
472,520,696,1163
472,520,696,633
472,520,696,56
472,520,696,523
472,520,696,533
472,520,696,28
472,520,696,557
472,520,696,791
472,520,696,522
472,520,696,640
472,520,696,610
472,520,696,692
472,520,696,782
472,520,696,75
472,520,696,726
472,520,696,762
472,520,696,569
472,520,696,546
472,520,696,631
472,520,696,171
472,520,696,619
472,520,696,793
472,520,696,581
472,520,696,665
472,520,696,658
472,520,696,583
472,520,696,548
472,520,696,240
472,520,696,855
472,520,696,456
472,520,696,745
472,520,696,580
472,520,696,802
472,520,696,499
472,520,696,640
472,520,696,484
472,520,696,589
472,520,696,144
472,520,696,570
472,520,696,795
472,520,696,673
472,520,696,789
472,520,696,839
473,256,320,110
473,256,320,301
473,256,320,366
473,256,320,387
473,256,320,415
473,256,320,233
473,256,320,367
473,256,320,207
473,256,320,460
473,256,320,323
473,256,320,339
473,256,320,362
473,256,320,202
473,256,320,91
473,256,320,319
473,256,320,410
473,256,320,547
473,256,320,91
473,256,320,457
473,256,320,872
473,256,320,292
473,256,320,262
473,256,320,381
473,256,320,575
473,256,320,354
473,256,320,217
473,256,320,607
473,256,320,321
473,256,320,373
473,256,320,505
473,256,320,53
473,256,320,126
473,256,320,365
473,256,320,372
473,256,320,648
473,256,320,355
473,256,320,28
473,256,320,399
473,256,320,319
473,256,320,225
473,256,320,683
473,256,320,446
473,256,320,269
473,256,320,650
473,256,320,990
473,256,320,181
473,256,320,351
473,256,320,70
473,256,320,360
473,256,320,1110
473,256,320,45
473,256,320,527
473,256,320,307
473,256,320,294
473,256,320,744
473,256,320,392
473,256,320,181
473,256,320,839
473,256,320,459
473,256,320,179
473,256,320,721
473,256,320,522
473,256,320,373
473,256,320,876
474,520,696,1960
474,520,696,196
474,520,696,2339
474,520,696,1940
474,520,696,603
474,520,696,1791
474,520,696,1965
474,520,696,2240
474,520,696,2425
474,520,696,1749
474,520,696,2150
474,520,696,1895
474,520,696,2442
474,520,696,36
474,520,696,2041
474,520,696,2498
474,520,696,2262
474,520,696,2488
474,520,696,2632
474,520,696,1886
474,520,696,1913
474,520,696,1570
474,520,696,1831
474,520,696,2532
474,520,696,448
474,520,696,26
474,520,696,1661
474,520,696,1870
474,520,696,54
474,520,696,1106
474,520,696,529
474,520,696,1640
474,520,696,1642
474,520,696,1048
474,520,696,2303
474,520,696,1569
474,520,696,1018
474,520,696,2054
474,520,696,2336
474,520,696,2144
474,520,696,56
474,520,696,1430
474,520,696,2157
474,520,696,2562
474,520,696,2371
474,520,696,544
474,520,696,1741
474,520,696,1712
474,520,696,1998
474,520,696,2554
475,256,256,100
475,256,256,179
475,256,256,155
475,256,256,190
475,256,256,143
475,256,256,251
475,256,256,169
475,256,256,168
475,256,256,167
475,256,256,177
476,256,256,92
476,256,256,34
476,256,256,207
476,256,256,115
476,256,256,148
476,256,256,243
476,256,256,159
476,256,256,184
476,256,256,56
476,256,256,104
476,256,256,173
476,256,256,197
476,256,256,177
476,256,256,313
476,256,256,182
476,256,256,143
476,256,256,157
476,256,256,141
476,256,256,117
476,256,256,77
476,256,256,24
476,256,256,149
476,256,256,152
476,256,256,97
477,256,256,116
477,256,256,271
477,256,256,126
477,256,256,73
477,256,256,177
477,256,256,163
478,360,360,2198
478,360,360,1122
478,360,360,553
478,360,360,172
478,360,360,861
478,360,360,401
478,360,360,768
478,360,360,2003
478,360,360,2543
478,360,360,1719
478,360,360,1804
478,360,360,185
478,360,360,2111
478,360,360,27
478,360,360,1015
478,360,360,116
478,360,360,3302
478,360,360,371
478,360,360,1771
478,360,360,1510
478,360,360,1818
478,360,360,32
478,360,360,1994
478,360,360,2208
478,360,360,2380
478,360,360,1705
478,360,360,37
479,256,256,213
479,256,256,178
479,256,256,182
479,256,256,178
479,256,256,141
479,256,256,271
479,256,256,25
479,256,256,202
480,256,256,152
480,256,256,80
480,256,256,46
480,256,256,106
480,256,256,40
480,256,256,230
480,256,256,136
480,256,256,100
480,256,256,61
480,256,256,236
480,256,256,243
480,256,256,134
480,256,256,178
480,256,256,210
480,256,256,30
480,256,256,84
480,256,256,176
481,360,360,793
481,360,360,2883
481,360,360,251
481,360,360,2590
481,360,360,248
481,360,360,568
481,360,360,2938
481,360,360,1913
481,360,360,817
481,360,360,1774
481,360,360,2356
481,360,360,3567
481,360,360,1951
481,360,360,32
481,360,360,1955
481,360,360,207
481,360,360,1616
481,360,360,1339
481,360,360,2024
481,360,360,25
481,360,360,1874
481,360,360,1664
481,360,360,1087
481,360,360,2328
481,360,360,2219
482,256,256,94
482,256,256,108
482,256,256,54
482,256,256,50
482,256,256,21
482,256,256,29
482,256,256,98
482,256,256,85
482,256,256,86
482,256,256,64
482,256,256,26
482,256,256,74
482,256,256,93
482,256,256,78
482,256,256,46
482,256,256,103
482,256,256,88
482,256,256,66
482,256,256,135
482,256,256,99
482,256,256,69
482,256,256,32
482,256,256,38
483,520,696,689
483,520,696,426
483,520,696,563
483,520,696,527
483,520,696,530
483,520,696,456
483,520,696,560
483,520,696,107
483,520,696,340
483,520,696,210
483,520,696,533
483,520,696,77
483,520,696,570
483,520,696,527
483,520,696,520
483,520,696,416
483,520,696,502
483,520,696,529
483,520,696,476
483,520,696,586
483,520,696,529
483,520,696,385
483,520,696,485
483,520,696,401
483,520,696,551
483,520,696,549
483,520,696,634
483,520,696,650
483,520,696,342
483,520,696,546
483,520,696,535
483,520,696,487
483,520,696,488
483,520,696,504
483,520,696,530
483,520,696,424
483,520,696,421
483,520,696,30
483,520,696,457
483,520,696,449
483,520,696,442
483,520,696,504
483,520,696,511
483,520,696,495
483,520,696,613
483,520,696,348
483,520,696,646
483,520,696,516
483,520,696,420
483,520,696,525
483,520,696,269
483,520,696,41
483,520,696,431
483,520,696,572
483,520,696,408
483,520,696,331
483,520,696,409
483,520,696,446
483,520,696,644
483,520,696,449
483,520,696,193
483,520,696,539
483,520,696,343
483,520,696,398
483,520,696,524
483,520,696,22
483,520,696,440
483,520,696,561
483,520,696,548
483,520,696,421
483,520,696,596
483,520,696,567
483,520,696,540
483,520,696,427
483,520,696,441
483,520,696,383
483,520,696,475
483,520,696,475
483,520,696,493
483,520,696,477
483,520,696,39
483,520,696,469
483,520,696,99
483,520,696,614
483,520,696,649
483,520,696,568
483,520,696,437
483,520,696,163
483,520,696,229
483,520,696,425
483,520,696,42
483,520,696,467
483,520,696,574
483,520,696,91
483,520,696,451
483,520,696,611
483,520,696,485
483,520,696,401
483,520,696,612
483,520,696,606
483,520,696,343
483,520,696,313
483,520,696,538
483,520,696,391
483,520,696,235
483,520,696,272
483,520,696,807
483,520,696,88
483,520,696,204
483,520,696,657
483,520,696,487
483,520,696,21
483,520,696,47
483,520,696,217
483,520,696,331
483,520,696,451
483,520,696,608
483,520,696,421
483,520,696,386
483,520,696,404
483,520,696,185
483,520,696,378
483,520,696,596
483,520,696,532
483,520,696,200
483,520,696,356
483,520,696,22
483,520,696,491
483,520,696,405
483,520,696,482
483,520,696,245
483,520,696,752
483,520,696,628
483,520,696,412
483,520,696,385
483,520,696,565
483,520,696,491
483,520,696,575
483,520,696,158
483,520,696,627
483,520,696,477
483,520,696,485
483,520,696,503
483,520,696,37
483,520,696,107
483,520,696,460
483,520,696,512
483,520,696,447
483,520,696,390
483,520,696,464
483,520,696,400
483,520,696,32
483,520,696,132
483,520,696,913
483,520,696,593
483,520,696,456
483,520,696,528
483,520,696,88
483,520,696,667
483,520,696,528
483,520,696,400
483,520,696,529
483,520,696,552
483,520,696,546
483,520,696,406
483,520,696,615
483,520,696,934
483,520,696,376
483,520,696,22
483,520,696,513
484,256,256,290
484,256,256,148
484,256,256,215
484,256,256,220
484,256,256,129
484,256,256,191
484,256,256,81
484,256,256,215
484,256,256,67
484,256,256,386
484,256,256,150
485,360,360,2368
485,360,360,2727
485,360,360,863
485,360,360,2179
485,360,360,171
485,360,360,837
485,360,360,2701
485,360,360,909
485,360,360,2123
485,360,360,1841
485,360,360,2072
485,360,360,40
485,360,360,3262
485,360,360,31
485,360,360,1623
485,360,360,1728
485,360,360,1108
485,360,360,184
486,256,256,131
486,256,256,106
486,256,256,116
486,256,256,138
486,256,256,126
486,256,256,95
486,256,256,154
486,256,256,134
486,256,256,244
486,256,256,54
486,256,256,311
486,256,256,133
486,256,256,107
486,256,256,125
486,256,256,153
486,256,256,108
487,360,360,105
487,360,360,505
487,360,360,405
487,360,360,140
487,360,360,1984
487,360,360,1878
487,360,360,1104
487,360,360,4286
487,360,360,60
487,360,360,2124
487,360,360,72
487,360,360,759
487,360,360,1838
487,360,360,1087
487,360,360,2545
487,360,360,815
487,360,360,619
487,360,360,1927
487,360,360,2146
487,360,360,76
487,360,360,82
487,360,360,1068
487,360,360,1941
487,360,360,229
487,360,360,3055
488,520,696,368
488,520,696,518
488,520,696,520
488,520,696,138
488,520,696,1051
488,520,696,970
488,520,696,452
488,520,696,800
488,520,696,652
488,520,696,904
488,520,696,533
488,520,696,1003
488,520,696,97
488,520,696,887
488,520,696,302
488,520,696,740
488,520,696,701
488,520,696,676
488,520,696,730
488,520,696,726
488,520,696,572
488,520,696,561
488,520,696,703
488,520,696,369
488,520,696,508
488,520,696,597
488,520,696,129
488,520,696,697
488,520,696,577
488,520,696,1117
488,520,696,1436
488,520,696,532
488,520,696,918
488,520,696,707
488,520,696,720
488,520,696,148
488,520,696,127
488,520,696,871
488,520,696,862
488,520,696,688
488,520,696,563
488,520,696,1017
488,520,696,248
488,520,696,763
488,520,696,676
488,520,696,887
488,520,696,820
488,520,696,670
488,520,696,526
488,520,696,442
488,520,696,730
488,520,696,964
488,520,696,588
488,520,696,592
488,520,696,834
488,520,696,679
488,520,696,952
488,520,696,643
488,520,696,538
488,520,696,553
488,520,696,855
488,520,696,745
488,520,696,504
488,520,696,644
488,520,696,879
488,520,696,1087
488,520,696,953
488,520,696,616
488,520,696,627
488,520,696,957
488,520,696,635
488,520,696,663
488,520,696,88
488,520,696,742
488,520,696,481
488,520,696,685
488,520,696,131
488,520,696,763
488,520,696,933
488,520,696,666
488,520,696,200
488,520,696,776
488,520,696,590
488,520,696,778
488,520,696,634
488,520,696,570
488,520,696,975
488,520,696,920
488,520,696,804
488,520,696,710
489,256,256,246
489,256,256,144
489,256,256,166
489,256,256,80
489,256,256,101
489,256,256,118
489,256,256,163
489,256,256,204
489,256,256,96
490,256,256,102
490,256,256,167
490,256,256,167
490,256,256,97
490,256,256,43
490,256,256,117
490,256,256,116
490,256,256,145
490,256,256,133
490,256,256,156
490,256,256,194
490,256,256,136
490,256,256,135
490,256,256,195
490,256,256,61
490,256,256,126
490,256,256,59
490,256,256,114
490,256,256,27
490,256,256,142
490,256,256,78
490,256,256,111
490,256,256,194
490,256,256,147
490,256,256,150
490,256,256,107
490,256,256,115
490,256,256,110
490,256,256,123
490,256,256,124
490,256,256,232
490,256,256,142
490,256,256,82
490,256,256,64
490,256,256,135
490,256,256,145
490,256,256,136
491,256,256,297
491,256,256,145
491,256,256,207
491,256,256,95
491,256,256,275
491,256,256,166
491,256,256,167
491,256,256,94
491,256,256,265
491,256,256,168
491,256,256,340
491,256,256,225
491,256,256,269
491,256,256,388
491,256,256,190
491,256,256,168
491,256,256,123
491,256,256,315
491,256,256,327
491,256,256,153
491,256,256,161
492,256,320,56
492,256,320,419
492,256,320,38
492,256,320,1244
492,256,320,3824
492,256,320,1249
492,256,320,570
492,256,320,714
492,256,320,1196
493,256,256,382
493,256,256,205
493,256,256,137
493,256,256,226
493,256,256,254
494,256,256,144
494,256,256,147
494,256,256,126
494,256,256,140
494,256,256,110
494,256,256,138
494,256,256,128
494,256,256,157
494,256,256,97
494,256,256,99
494,256,256,122
494,256,256,140
494,256,256,132
494,256,256,78
494,256,256,182
494,256,256,120
494,256,256,100
494,256,256,321
494,256,256,134
494,256,256,179
494,256,256,125
494,256,256,183
494,256,256,124
494,256,256,126
494,256,256,97
494,256,256,312
494,256,256,38
494,256,256,192
494,256,256,125
494,256,256,148
494,256,256,32
494,256,256,125
494,256,256,172
494,256,256,117
494,256,256,147
494,256,256,231
494,256,256,196
494,256,256,104
494,256,256,101
494,256,256,140
494,256,256,150
494,256,256,161
494,256,256,147
495,256,256,149
495,256,256,383
495,256,256,318
495,256,256,339
495,256,256,304
495,256,256,294
495,256,256,287
495,256,256,253
495,256,256,201
495,256,256,288
495,256,256,89
495,256,256,330
495,256,256,375
495,256,256,220
495,256,256,115
495,256,256,211
495,256,256,186
495,256,256,153
495,256,256,121
495,256,256,350
495,256,256,292
495,256,256,28
495,256,256,607
495,256,256,201
495,256,256,33
495,256,256,212
496,256,320,309
496,256,320,148
496,256,320,42
496,256,320,397
496,256,320,180
496,256,320,172
496,256,320,208
496,256,320,581
496,256,320,451
496,256,320,746
496,256,320,617
496,256,320,1848
496,256,320,157
496,256,320,341
496,256,320,635
496,256,320,646
496,256,320,528
496,256,320,455
496,256,320,318
496,256,320,529
496,256,320,381
496,256,320,160
496,256,320,696
496,256,320,342
496,256,320,577
496,256,320,87
496,256,320,450
496,256,320,385
496,256,320,190
496,256,320,356
496,256,320,606
496,256,320,327
496,256,320,248
496,256,320,481
496,256,320,138
496,256,320,3089
496,256,320,836
497,520,696,699
497,520,696,157
497,520,696,783
497,520,696,774
497,520,696,567
497,520,696,561
497,520,696,708
497,520,696,691
497,520,696,790
497,520,696,514
497,520,696,973
497,520,696,747
497,520,696,434
497,520,696,702
497,520,696,677
497,520,696,920
497,520,696,859
497,520,696,364
497,520,696,1059
497,520,696,832
497,520,696,1053
497,520,696,731
497,520,696,835
497,520,696,801
497,520,696,1056
497,520,696,1231
497,520,696,493
497,520,696,1129
497,520,696,334
497,520,696,829
497,520,696,1081
497,520,696,277
497,520,696,1684
497,520,696,655
497,520,696,667
497,520,696,616
497,520,696,576
497,520,696,1224
497,520,696,682
497,520,696,909
497,520,696,668
497,520,696,563
497,520,696,654
497,520,696,853
497,520,696,842
497,520,696,647
497,520,696,647
497,520,696,753
497,520,696,1096
497,520,696,819
497,520,696,64
497,520,696,149
497,520,696,545
497,520,696,815
497,520,696,541
497,520,696,37
497,520,696,590
497,520,696,768
497,520,696,546
497,520,696,828
497,520,696,650
497,520,696,800
497,520,696,606
497,520,696,636
497,520,696,600
497,520,696,711
497,520,696,1687
497,520,696,623
497,520,696,722
497,520,696,379
497,520,696,767
497,520,696,685
497,520,696,69
497,520,696,557
497,520,696,1075
497,520,696,423
497,520,696,626
497,520,696,669
497,520,696,248
497,520,696,607
497,520,696,651
497,520,696,721
497,520,696,355
497,520,696,673
497,520,696,656
497,520,696,450
497,520,696,788
497,520,696,949
497,520,696,585
497,520,696,724
497,520,696,638
497,520,696,862
497,520,696,105
497,520,696,144
497,520,696,862
497,520,696,699
497,520,696,868
497,520,696,942
497,520,696,620
497,520,696,570
497,520,696,625
497,520,696,60
497,520,696,260
497,520,696,414
497,520,696,976
497,520,696,907
498,360,360,2013
498,360,360,1866
498,360,360,307
498,360,360,579
498,360,360,27
498,360,360,1369
498,360,360,24
498,360,360,53
498,360,360,1781
498,360,360,2397
498,360,360,40
498,360,360,1894
498,360,360,1657
498,360,360,1469
498,360,360,1619
498,360,360,116
498,360,360,138
498,360,360,39
498,360,360,1546
498,360,360,35
498,360,360,1376
498,360,360,2082
498,360,360,998
498,360,360,126
498,360,360,323
498,360,360,1871
498,360,360,118
499,520,696,478
499,520,696,507
499,520,696,299
499,520,696,336
499,520,696,177
499,520,696,837
499,520,696,328
499,520,696,380
499,520,696,366
499,520,696,272
499,520,696,272
499,520,696,189
500,360,360,2694
500,360,360,2931
500,360,360,3559
500,360,360,1284
500,360,360,2542
500,360,360,70
500,360,360,378
500,360,360,115
500,360,360,829
500,360,360,2257
500,360,360,3441
500,360,360,623
500,360,360,1282
500,360,360,83
500,360,360,1521
500,360,360,4378
500,360,360,1316
500,360,360,1927
500,360,360,245
500,360,360,999
500,360,360,773
500,360,360,1521
501,520,696,621
501,520,696,481
501,520,696,657
501,520,696,177
501,520,696,769
501,520,696,235
501,520,696,698
501,520,696,803
501,520,696,793
501,520,696,672
501,520,696,636
501,520,696,502
501,520,696,908
501,520,696,848
501,520,696,902
501,520,696,587
501,520,696,623
501,520,696,697
501,520,696,139
501,520,696,911
501,520,696,594
501,520,696,347
501,520,696,972
501,520,696,104
501,520,696,657
501,520,696,700
501,520,696,946
501,520,696,920
501,520,696,946
501,520,696,387
501,520,696,368
501,520,696,509
501,520,696,431
501,520,696,513
501,520,696,904
501,520,696,847
501,520,696,751
501,520,696,732
501,520,696,800
501,520,696,114
501,520,696,726
501,520,696,494
501,520,696,732
501,520,696,913
501,520,696,703
501,520,696,968
501,520,696,1045
501,520,696,707
501,520,696,415
501,520,696,414
501,520,696,645
501,520,696,407
501,520,696,757
501,520,696,462
501,520,696,602
501,520,696,948
501,520,696,857
501,520,696,708
501,520,696,899
501,520,696,752
501,520,696,928
501,520,696,890
501,520,696,555
501,520,696,833
501,520,696,612
501,520,696,570
501,520,696,572
501,520,696,27
501,520,696,494
501,520,696,534
501,520,696,646
501,520,696,881
501,520,696,462
501,520,696,633
501,520,696,619
501,520,696,895
501,520,696,584
501,520,696,848
501,520,696,668
501,520,696,613
501,520,696,566
501,520,696,697
501,520,696,599
501,520,696,505
501,520,696,807
501,520,696,639
501,520,696,441
501,520,696,714
501,520,696,22
501,520,696,832
501,520,696,940
501,520,696,764
501,520,696,667
501,520,696,681
501,520,696,819
501,520,696,660
501,520,696,857
501,520,696,427
501,520,696,860
501,520,696,975
501,520,696,699
501,520,696,949
501,520,696,440
501,520,696,679
501,520,696,704
501,520,696,596
502,256,256,65
502,256,256,53
502,256,256,92
502,256,256,139
502,256,256,50
502,256,256,79
502,256,256,149
502,256,256,31
503,256,256,104
503,256,256,64
503,256,256,43
503,256,256,63
503,256,256,77
503,256,256,57
503,256,256,37
503,256,256,105
503,256,256,72
503,256,256,67
503,256,256,32
503,256,256,52
503,256,256,58
503,256,256,110
503,256,256,48
503,256,256,52
503,256,256,129
503,256,256,186
503,256,256,124
503,256,256,75
503,256,256,92
503,256,256,21
503,256,256,171
503,256,256,114
503,256,256,130
503,256,256,89
503,256,256,58
503,256,256,81
503,256,256,31
503,256,256,77
503,256,256,21
503,256,256,146
503,256,256,42
504,256,320,510
504,256,320,1637
504,256,320,309
504,256,320,459
504,256,320,1477
504,256,320,1173
504,256,320,1169
504,256,320,1544
504,256,320,617
504,256,320,983
504,256,320,554
504,256,320,2409
504,256,320,596
504,256,320,744
504,256,320,1034
504,256,320,1050
504,256,320,652
504,256,320,398
505,256,320,192
505,256,320,90
505,256,320,2345
506,256,256,84
506,256,256,104
506,256,256,68
506,256,256,135
506,256,256,140
506,256,256,79
506,256,256,85
506,256,256,21
506,256,256,66
506,256,256,220
506,256,256,65
506,256,256,71
506,256,256,86
506,256,256,66
506,256,256,110
506,256,256,152
506,256,256,95
506,256,256,73
506,256,256,429
506,256,256,31
506,256,256,55
506,256,256,340
506,256,256,88
506,256,256,100
506,256,256,107
506,256,256,31
506,256,256,37
506,256,256,45
506,256,256,75
506,256,256,149
506,256,256,34
506,256,256,38
506,256,256,171
506,256,256,21
506,256,256,45
506,256,256,63
506,256,256,84
506,256,256,114
506,256,256,211
506,256,256,55
506,256,256,102
506,256,256,164
506,256,256,68
506,256,256,35
507,256,256,26
507,256,256,95
507,256,256,62
507,256,256,99
507,256,256,93
507,256,256,99
507,256,256,122
507,256,256,120
507,256,256,61
507,256,256,64
507,256,256,75
507,256,256,78
507,256,256,121
507,256,256,92
507,256,256,108
507,256,256,68
507,256,256,110
507,256,256,68
507,256,256,48
507,256,256,70
507,256,256,131
507,256,256,96
507,256,256,90
507,256,256,35
507,256,256,83
507,256,256,84
507,256,256,98
507,256,256,148
507,256,256,107
507,256,256,89
507,256,256,90
507,256,256,81
507,256,256,42
507,256,256,73
507,256,256,37
507,256,256,47
507,256,256,74
507,256,256,80
507,256,256,68
507,256,256,62
507,256,256,82
507,256,256,67
507,256,256,85
507,256,256,69
507,256,256,108
507,256,256,55
507,256,256,73
507,256,256,174
507,256,256,33
507,256,256,114
507,256,256,84
507,256,256,93
507,256,256,94
507,256,256,165
507,256,256,88
507,256,256,75
507,256,256,28
507,256,256,29
507,256,256,86
507,256,256,47
507,256,256,88
507,256,256,72
507,256,256,120
507,256,256,97
507,256,256,60
507,256,256,45
507,256,256,133
507,256,256,65
507,256,256,103
507,256,256,93
507,256,256,78
507,256,256,91
508,256,256,613
508,256,256,343
508,256,256,23
508,256,256,348
508,256,256,414
508,256,256,345
508,256,256,330
508,256,256,634
508,256,256,25
508,256,256,526
508,256,256,432
508,256,256,206
508,256,256,46
508,256,256,512
508,256,256,443
508,256,256,791
508,256,256,26
508,256,256,79
508,256,256,477
508,256,256,655
508,256,256,423
508,256,256,455
508,256,256,622
508,256,256,203
508,256,256,467
508,256,256,525
508,256,256,544
508,256,256,302
508,256,256,435
508,256,256,248
508,256,256,381
508,256,256,601
508,256,256,253
508,256,256,572
508,256,256,389
508,256,256,475
508,256,256,639
509,256,256,168
509,256,256,74
509,256,256,110
509,256,256,62
509,256,256,89
509,256,256,62
509,256,256,310
509,256,256,21
509,256,256,161
509,256,256,21
509,256,256,38
509,256,256,28
509,256,256,44
509,256,256,85
509,256,256,67
509,256,256,101
509,256,256,110
510,256,256,314
510,256,256,111
510,256,256,161
510,256,256,83
510,256,256,340
510,256,256,202
510,256,256,215
510,256,256,265
510,256,256,85
510,256,256,226
510,256,256,355
510,256,256,151
510,256,256,84
510,256,256,257
510,256,256,390
510,256,256,235
510,256,256,385
510,256,256,322
510,256,256,214
510,256,256,233
510,256,256,175
510,256,256,250
510,256,256,392
510,256,256,104
511,256,320,1051
511,256,320,1262
511,256,320,332
511,256,320,110
511,256,320,686
511,256,320,1055
511,256,320,339
511,256,320,324
511,256,320,834
511,256,320,1034
511,256,320,194
511,256,320,684
511,256,320,986
511,256,320,1763
511,256,320,351
511,256,320,871
511,256,320,1251
511,256,320,823
511,256,320,482
511,256,320,676
511,256,320,1322
511,256,320,763
511,256,320,847
511,256,320,1043
511,256,320,56
512,256,256,244
512,256,256,74
512,256,256,129
512,256,256,258
512,256,256,147
512,256,256,95
512,256,256,151
512,256,256,103
512,256,256,109
512,256,256,157
512,256,256,130
512,256,256,160
512,256,256,174
513,256,256,382
513,256,256,52
513,256,256,107
513,256,256,101
513,256,256,155
513,256,256,64
513,256,256,67
513,256,256,35
513,256,256,147
513,256,256,287
513,256,256,171
513,256,256,311
513,256,256,78
513,256,256,45
513,256,256,112
513,256,256,201
513,256,256,79
513,256,256,52
513,256,256,63
513,256,256,79
513,256,256,194
513,256,256,50
513,256,256,177
513,256,256,206
513,256,256,149
513,256,256,141
513,256,256,32
513,256,256,36
513,256,256,167
513,256,256,350
513,256,256,124
513,256,256,82
513,256,256,38
513,256,256,429
513,256,256,127
513,256,256,210
513,256,256,97
513,256,256,24
513,256,256,38
513,256,256,114
513,256,256,154
513,256,256,78
513,256,256,178
513,256,256,21
513,256,256,82
513,256,256,284
513,256,256,39
513,256,256,25
513,256,256,105
513,256,256,182
513,256,256,142
513,256,256,139
513,256,256,94
513,256,256,24
513,256,256,318
513,256,256,76
514,256,256,127
514,256,256,34
514,256,256,131
514,256,256,47
514,256,256,289
514,256,256,41
514,256,256,21
514,256,256,66
514,256,256,34
514,256,256,98
514,256,256,157
514,256,256,214
514,256,256,216
514,256,256,67
514,256,256,119
515,256,320,284
515,256,320,392
515,256,320,140
515,256,320,98
515,256,320,306
515,256,320,590
515,256,320,97
515,256,320,141
515,256,320,300
515,256,320,103
515,256,320,472
515,256,320,216
515,256,320,318
515,256,320,34
515,256,320,378
515,256,320,201
515,256,320,444
515,256,320,309
515,256,320,358
515,256,320,500
515,256,320,355
515,256,320,319
515,256,320,370
515,256,320,117
515,256,320,404
515,256,320,240
515,256,320,510
515,256,320,192
515,256,320,359
515,256,320,430
515,256,320,262
515,256,320,484
515,256,320,305
515,256,320,416
515,256,320,716
515,256,320,610
515,256,320,59
515,256,320,287
515,256,320,290
515,256,320,278
515,256,320,403
515,256,320,125
515,256,320,551
515,256,320,30
515,256,320,39
515,256,320,276
515,256,320,204
515,256,320,605
515,256,320,240
515,256,320,35
515,256,320,145
515,256,320,3664
515,256,320,131
515,256,320,89
515,256,320,110
515,256,320,87
515,256,320,396
515,256,320,654
515,256,320,161
516,520,696,2523
516,520,696,701
516,520,696,1908
516,520,696,1991
517,360,360,1016
517,360,360,514
517,360,360,1881
517,360,360,3394
517,360,360,2553
517,360,360,686
517,360,360,2357
517,360,360,1979
517,360,360,636
517,360,360,1978
517,360,360,531
517,360,360,2757
517,360,360,1769
517,360,360,1859
517,360,360,2130
517,360,360,2274
517,360,360,1753
517,360,360,3777
517,360,360,2221
517,360,360,1017
517,360,360,311
517,360,360,53
518,256,320,2911
518,256,320,622
518,256,320,2847
518,256,320,678
518,256,320,1933
518,256,320,2906
518,256,320,5207
518,256,320,1191
518,256,320,542
518,256,320,1162
518,256,320,3350
518,256,320,359
518,256,320,296
519,256,256,65
519,256,256,73
519,256,256,88
519,256,256,89
519,256,256,82
519,256,256,96
519,256,256,73
519,256,256,36
519,256,256,61
519,256,256,65
519,256,256,72
519,256,256,59
519,256,256,74
519,256,256,79
519,256,256,60
519,256,256,71
519,256,256,77
519,256,256,52
519,256,256,91
519,256,256,71
519,256,256,128
519,256,256,113
519,256,256,88
519,256,256,58
519,256,256,86
519,256,256,72
519,256,256,125
519,256,256,98
519,256,256,120
519,256,256,120
519,256,256,66
519,256,256,64
519,256,256,116
519,256,256,100
519,256,256,96
519,256,256,58
519,256,256,68
519,256,256,105
519,256,256,86
519,256,256,105
519,256,256,77
519,256,256,61
519,256,256,125
519,256,256,43
519,256,256,71
519,256,256,60
519,256,256,76
519,256,256,77
519,256,256,92
519,256,256,62
519,256,256,28
519,256,256,103
519,256,256,53
519,256,256,72
519,256,256,76
519,256,256,50
519,256,256,119
519,256,256,86
519,256,256,82
519,256,256,94
519,256,256,59
519,256,256,109
519,256,256,35
519,256,256,79
520,520,696,407
520,520,696,535
520,520,696,455
520,520,696,534
520,520,696,475
520,520,696,340
520,520,696,386
520,520,696,413
520,520,696,488
520,520,696,1687
520,520,696,463
520,520,696,628
520,520,696,503
520,520,696,515
520,520,696,467
520,520,696,623
520,520,696,470
520,520,696,521
520,520,696,452
520,520,696,406
520,520,696,484
520,520,696,374
520,520,696,342
520,520,696,383
520,520,696,362
520,520,696,451
520,520,696,198
520,520,696,435
520,520,696,517
520,520,696,593
520,520,696,27
520,520,696,386
520,520,696,552
520,520,696,866
520,520,696,370
520,520,696,359
520,520,696,410
520,520,696,284
520,520,696,395
520,520,696,344
520,520,696,459
520,520,696,506
520,520,696,374
520,520,696,265
520,520,696,360
520,520,696,407
520,520,696,284
520,520,696,392
520,520,696,220
520,520,696,328
520,520,696,505
520,520,696,111
520,520,696,564
520,520,696,559
520,520,696,147
520,520,696,491
520,520,696,217
520,520,696,491
520,520,696,561
520,520,696,455
520,520,696,488
520,520,696,355
520,520,696,45
520,520,696,199
520,520,696,309
520,520,696,585
520,520,696,23
520,520,696,367
520,520,696,506
520,520,696,41
520,520,696,373
520,520,696,906
520,520,696,616
520,520,696,358
520,520,696,450
520,520,696,315
520,520,696,448
520,520,696,492
520,520,696,366
520,520,696,223
520,520,696,293
520,520,696,157
520,520,696,72
520,520,696,473
520,520,696,305
520,520,696,911
520,520,696,310
520,520,696,482
520,520,696,488
520,520,696,1174
520,520,696,519
520,520,696,445
520,520,696,382
520,520,696,803
520,520,696,591
520,520,696,602
520,520,696,387
520,520,696,363
520,520,696,308
520,520,696,174
520,520,696,400
520,520,696,503
520,520,696,598
520,520,696,167
520,520,696,675
520,520,696,540
520,520,696,290
520,520,696,68
520,520,696,202
520,520,696,356
520,520,696,444
520,520,696,450
520,520,696,377
520,520,696,906
520,520,696,219
520,520,696,622
520,520,696,369
520,520,696,580
520,520,696,543
520,520,696,177
520,520,696,449
520,520,696,414
520,520,696,472
520,520,696,381
520,520,696,388
520,520,696,339
520,520,696,246
520,520,696,467
520,520,696,874
520,520,696,281
520,520,696,488
520,520,696,341
520,520,696,449
520,520,696,527
520,520,696,583
520,520,696,270
520,520,696,399
520,520,696,490
520,520,696,384
520,520,696,492
520,520,696,173
520,520,696,120
520,520,696,160
520,520,696,477
520,520,696,487
520,520,696,269
520,520,696,467
520,520,696,288
520,520,696,513
520,520,696,490
520,520,696,506
520,520,696,564
520,520,696,617
520,520,696,639
520,520,696,498
520,520,696,468
520,520,696,217
520,520,696,494
520,520,696,389
520,520,696,476
520,520,696,603
520,520,696,547
520,520,696,505
520,520,696,263
520,520,696,203
520,520,696,435
520,520,696,435
520,520,696,459
520,520,696,585
520,520,696,372
520,520,696,359
520,520,696,305
520,520,696,625
520,520,696,377
520,520,696,321
520,520,696,545
520,520,696,371
520,520,696,246
520,520,696,581
520,520,696,352
520,520,696,245
520,520,696,419
520,520,696,556
520,520,696,406
520,520,696,352
520,520,696,573
520,520,696,204
520,520,696,607
520,520,696,560
520,520,696,577
520,520,696,326
520,520,696,616
520,520,696,551
520,520,696,370
520,520,696,486
520,520,696,571
520,520,696,482
520,520,696,434
520,520,696,401
520,520,696,402
520,520,696,424
520,520,696,374
520,520,696,581
520,520,696,512
520,520,696,554
520,520,696,615
520,520,696,189
520,520,696,315
520,520,696,426
520,520,696,590
520,520,696,543
520,520,696,564
520,520,696,177
520,520,696,419
520,520,696,594
520,520,696,551
520,520,696,597
520,520,696,285
520,520,696,620
520,520,696,334
520,520,696,497
520,520,696,532
520,520,696,663
520,520,696,467
520,520,696,264
520,520,696,559
520,520,696,49
520,520,696,448
520,520,696,542
520,520,696,615
520,520,696,316
520,520,696,386
520,520,696,447
520,520,696,472
520,520,696,531
520,520,696,540
520,520,696,575
520,520,696,231
520,520,696,418
520,520,696,396
520,520,696,243
520,520,696,423
520,520,696,122
520,520,696,456
520,520,696,339
520,520,696,226
520,520,696,431
520,520,696,505
520,520,696,505
520,520,696,485
520,520,696,470
520,520,696,358
520,520,696,626
521,256,256,115
521,256,256,255
521,256,256,148
521,256,256,60
521,256,256,333
521,256,256,226
521,256,256,152
521,256,256,279
521,256,256,96
521,256,256,195
521,256,256,136
522,256,256,161
522,256,256,177
522,256,256,131
522,256,256,171
522,256,256,119
522,256,256,150
522,256,256,189
522,256,256,89
522,256,256,131
522,256,256,157
522,256,256,348
522,256,256,99
522,256,256,173
522,256,256,181
522,256,256,135
522,256,256,174
522,256,256,113
522,256,256,169
522,256,256,42
522,256,256,30
522,256,256,161
522,256,256,155
522,256,256,155
522,256,256,166
522,256,256,215
522,256,256,162
522,256,256,88
522,256,256,197
522,256,256,223
522,256,256,186
522,256,256,114
522,256,256,94
522,256,256,126
522,256,256,265
522,256,256,188
522,256,256,152
522,256,256,116
522,256,256,437
522,256,256,76
523,1024,1024,175
523,1024,1024,71
523,1024,1024,268
523,1024,1024,43
523,1024,1024,413
523,1024,1024,53
523,1024,1024,27
523,1024,1024,78
523,1024,1024,46
523,1024,1024,422
523,1024,1024,377
523,1024,1024,442
523,1024,1024,535
523,1024,1024,436
523,1024,1024,54
523,1024,1024,540
523,1024,1024,372
523,1024,1024,56
523,1024,1024,297
523,1024,1024,398
523,1024,1024,526
523,1024,1024,38
523,1024,1024,252
523,1024,1024,45
523,1024,1024,352
523,1024,1024,45
523,1024,1024,43
523,1024,1024,47
523,1024,1024,396
523,1024,1024,450
523,1024,1024,435
523,1024,1024,57
523,1024,1024,301
523,1024,1024,38
523,1024,1024,89
523,1024,1024,330
523,1024,1024,65
523,1024,1024,63
523,1024,1024,89
523,1024,1024,351
523,1024,1024,285
523,1024,1024,283
523,1024,1024,71
523,1024,1024,218
523,1024,1024,256
523,1024,1024,420
523,1024,1024,46
523,1024,1024,186
523,1024,1024,120
523,1024,1024,62
523,1024,1024,102
523,1024,1024,45
523,1024,1024,345
523,1024,1024,273
523,1024,1024,39
523,1024,1024,40
523,1024,1024,293
523,1024,1024,384
523,1024,1024,180
523,1024,1024,51
523,1024,1024,334
523,1024,1024,262
523,1024,1024,324
523,1024,1024,531
523,1024,1024,62
523,1024,1024,321
523,1024,1024,288
523,1024,1024,358
523,1024,1024,522
523,1024,1024,151
523,1024,1024,36
523,1024,1024,35
523,1024,1024,219
523,1024,1024,105
523,1024,1024,518
523,1024,1024,332
523,1024,1024,54
523,1024,1024,523
523,1024,1024,508
523,1024,1024,439
523,1024,1024,48
523,1024,1024,57
523,1024,1024,359
523,1024,1024,41
523,1024,1024,289
523,1024,1024,67
523,1024,1024,49
523,1024,1024,416
523,1024,1024,275
523,1024,1024,88
523,1024,1024,84
523,1024,1024,456
523,1024,1024,325
523,1024,1024,57
523,1024,1024,70
523,1024,1024,312
523,1024,1024,32
523,1024,1024,462
523,1024,1024,213
523,1024,1024,55
523,1024,1024,60
523,1024,1024,526
523,1024,1024,172
523,1024,1024,375
523,1024,1024,466
523,1024,1024,37
523,1024,1024,28
523,1024,1024,137
523,1024,1024,464
523,1024,1024,46
523,1024,1024,31
523,1024,1024,423
523,1024,1024,401
523,1024,1024,537
524,256,256,267
524,256,256,456
524,256,256,126
524,256,256,584
524,256,256,114
524,256,256,383
524,256,256,105
524,256,256,496
524,256,256,31
524,256,256,245
524,256,256,244
524,256,256,268
524,256,256,41
524,256,256,293
524,256,256,311
524,256,256,451
524,256,256,329
524,256,256,487
524,256,256,240
524,256,256,430
524,256,256,250
524,256,256,345
524,256,256,168
524,256,256,377
524,256,256,458
524,256,256,191
524,256,256,276
524,256,256,274
524,256,256,464
524,256,256,343
524,256,256,475
524,256,256,270
524,256,256,551
524,256,256,483
524,256,256,279
524,256,256,343
524,256,256,70
524,256,256,369
524,256,256,315
524,256,256,469
524,256,256,224
524,256,256,298
524,256,256,296
524,256,256,646
524,256,256,166
524,256,256,385
524,256,256,413
524,256,256,206
524,256,256,450
524,256,256,534
524,256,256,337
524,256,256,335
524,256,256,367
524,256,256,162
524,256,256,347
524,256,256,451
524,256,256,274
524,256,256,375
524,256,256,432
524,256,256,268
524,256,256,340
524,256,256,293
524,256,256,451
524,256,256,613
524,256,256,262
524,256,256,22
524,256,256,58
524,256,256,259
524,256,256,173
524,256,256,272
524,256,256,446
524,256,256,303
524,256,256,439
524,256,256,316
524,256,256,302
524,256,256,214
525,520,696,454
525,520,696,302
525,520,696,537
525,520,696,425
525,520,696,449
525,520,696,907
525,520,696,1152
525,520,696,440
525,520,696,917
525,520,696,751
525,520,696,89
525,520,696,469
525,520,696,595
525,520,696,851
525,520,696,525
525,520,696,854
525,520,696,695
525,520,696,180
525,520,696,277
525,520,696,891
525,520,696,791
525,520,696,693
525,520,696,133
525,520,696,538
525,520,696,752
525,520,696,461
525,520,696,697
525,520,696,766
525,520,696,998
525,520,696,850
525,520,696,1329
525,520,696,470
525,520,696,324
525,520,696,785
525,520,696,557
525,520,696,558
525,520,696,608
525,520,696,696
525,520,696,867
525,520,696,636
525,520,696,661
525,520,696,729
525,520,696,584
525,520,696,328
525,520,696,559
525,520,696,591
525,520,696,686
525,520,696,371
525,520,696,1375
525,520,696,470
525,520,696,452
525,520,696,480
525,520,696,1084
525,520,696,784
525,520,696,171
525,520,696,318
525,520,696,487
525,520,696,719
525,520,696,589
525,520,696,169
525,520,696,714
525,520,696,499
525,520,696,716
525,520,696,633
525,520,696,375
525,520,696,562
525,520,696,652
525,520,696,585
525,520,696,430
525,520,696,446
525,520,696,643
525,520,696,556
525,520,696,424
525,520,696,546
525,520,696,22
525,520,696,687
525,520,696,910
525,520,696,125
525,520,696,878
525,520,696,730
525,520,696,609
525,520,696,498
525,520,696,898
525,520,696,759
525,520,696,368
525,520,696,622
525,520,696,642
525,520,696,601
525,520,696,450
525,520,696,435
525,520,696,649
525,520,696,617
525,520,696,426
525,520,696,364
525,520,696,757
525,520,696,839
525,520,696,721
525,520,696,629
525,520,696,787
525,520,696,609
525,520,696,276
525,520,696,784
525,520,696,447
525,520,696,982
525,520,696,667
525,520,696,971
525,520,696,654
525,520,696,41
525,520,696,492
525,520,696,525
525,520,696,618
525,520,696,445
525,520,696,885
525,520,696,1323
525,520,696,1272
525,520,696,552
525,520,696,556
525,520,696,693
525,520,696,532
525,520,696,619
525,520,696,385
525,520,696,610
525,520,696,587
526,256,256,34
526,256,256,72
526,256,256,80
526,256,256,63
526,256,256,103
526,256,256,73
526,256,256,51
526,256,256,84
526,256,256,116
526,256,256,92
526,256,256,89
526,256,256,104
526,256,256,48
526,256,256,42
526,256,256,120
526,256,256,95
526,256,256,60
526,256,256,62
526,256,256,60
526,256,256,67
526,256,256,158
526,256,256,65
526,256,256,83
526,256,256,75
526,256,256,106
526,256,256,88
526,256,256,98
526,256,256,68
526,256,256,79
526,256,256,115
526,256,256,104
526,256,256,85
526,256,256,66
526,256,256,61
526,256,256,26
526,256,256,44
526,256,256,42
526,256,256,113
526,256,256,83
526,256,256,134
526,256,256,22
526,256,256,21
526,256,256,54
526,256,256,72
526,256,256,34
526,256,256,138
526,256,256,57
526,256,256,90
526,256,256,51
526,256,256,66
526,256,256,59
526,256,256,45
526,256,256,65
526,256,256,35
526,256,256,84
526,256,256,84
526,256,256,37
526,256,256,73
526,256,256,45
526,256,256,88
526,256,256,45
526,256,256,73
526,256,256,75
526,256,256,57
526,256,256,26
526,256,256,40
526,256,256,89
526,256,256,72
526,256,256,53
526,256,256,84
526,256,256,57
526,256,256,81
526,256,256,87
526,256,256,78
526,256,256,96
526,256,256,45
526,256,256,89
526,256,256,51
526,256,256,121
526,256,256,30
526,256,256,66
526,256,256,39
526,256,256,173
526,256,256,30
526,256,256,93
526,256,256,50
526,256,256,107
526,256,256,93
526,256,256,27
526,256,256,86
526,256,256,93
526,256,256,95
526,256,256,122
526,256,256,56
526,256,256,51
526,256,256,142
526,256,256,65
526,256,256,87
526,256,256,76
526,256,256,64
526,256,256,38
527,256,256,186
527,256,256,119
527,256,256,242
527,256,256,120
527,256,256,247
527,256,256,200
527,256,256,166
527,256,256,89
527,256,256,128
527,256,256,220
527,256,256,157
528,256,256,63
528,256,256,35
528,256,256,51
528,256,256,106
528,256,256,40
528,256,256,33
528,256,256,61
528,256,256,58
528,256,256,39
528,256,256,68
528,256,256,64
528,256,256,70
528,256,256,40
528,256,256,93
528,256,256,48
528,256,256,52
528,256,256,66
528,256,256,126
528,256,256,125
528,256,256,40
528,256,256,103
528,256,256,99
528,256,256,72
528,256,256,59
528,256,256,142
528,256,256,40
528,256,256,89
528,256,256,47
528,256,256,44
528,256,256,47
528,256,256,49
528,256,256,102
529,256,256,323
529,256,256,125
529,256,256,36
529,256,256,304
529,256,256,38
530,256,256,82
530,256,256,74
530,256,256,68
530,256,256,39
530,256,256,101
530,256,256,21
530,256,256,60
530,256,256,77
530,256,256,55
530,256,256,59
530,256,256,96
530,256,256,71
530,256,256,36
530,256,256,21
530,256,256,83
530,256,256,140
530,256,256,108
530,256,256,96
530,256,256,77
530,256,256,21
530,256,256,27
530,256,256,59
530,256,256,77
530,256,256,67
530,256,256,54
530,256,256,57
530,256,256,21
530,256,256,102
530,256,256,73
530,256,256,21
530,256,256,87
530,256,256,66
530,256,256,107
530,256,256,112
530,256,256,82
530,256,256,71
530,256,256,86
530,256,256,112
530,256,256,111
530,256,256,75
530,256,256,57
530,256,256,21
530,256,256,95
530,256,256,86
530,256,256,37
530,256,256,34
530,256,256,64
530,256,256,107
530,256,256,76
530,256,256,63
530,256,256,86
530,256,256,36
530,256,256,127
530,256,256,65
530,256,256,60
530,256,256,49
530,256,256,76
530,256,256,129
530,256,256,66
530,256,256,21
530,256,256,21
530,256,256,90
530,256,256,61
530,256,256,74
530,256,256,118
530,256,256,28
530,256,256,55
530,256,256,65
530,256,256,58
530,256,256,56
530,256,256,45
530,256,256,21
530,256,256,113
530,256,256,91
530,256,256,82
530,256,256,54
530,256,256,73
530,256,256,131
530,256,256,21
530,256,256,21
530,256,256,82
530,256,256,78
530,256,256,106
530,256,256,76
530,256,256,99
530,256,256,64
530,256,256,112
530,256,256,78
530,256,256,68
531,256,256,204
531,256,256,390
531,256,256,504
531,256,256,447
531,256,256,68
531,256,256,1019
531,256,256,282
531,256,256,302
531,256,256,623
531,256,256,148
531,256,256,21
531,256,256,309
531,256,256,494
531,256,256,320
531,256,256,372
531,256,256,366
531,256,256,505
531,256,256,161
531,256,256,382
531,256,256,284
531,256,256,22
531,256,256,479
531,256,256,31
531,256,256,304
531,256,256,82
531,256,256,163
531,256,256,660
531,256,256,322
531,256,256,250
531,256,256,26
531,256,256,234
531,256,256,21
531,256,256,30
531,256,256,535
531,256,256,424
531,256,256,417
531,256,256,40
531,256,256,252
531,256,256,199
531,256,256,296
531,256,256,36
531,256,256,562
531,256,256,338
531,256,256,278
531,256,256,335
531,256,256,421
531,256,256,347
531,256,256,366
531,256,256,332
531,256,256,198
531,256,256,525
531,256,256,321
532,256,256,58
532,256,256,63
532,256,256,116
532,256,256,79
532,256,256,90
532,256,256,38
532,256,256,73
532,256,256,65
532,256,256,94
532,256,256,98
532,256,256,80
532,256,256,86
532,256,256,52
532,256,256,97
532,256,256,78
532,256,256,86
532,256,256,58
532,256,256,62
532,256,256,81
532,256,256,73
532,256,256,72
532,256,256,77
532,256,256,57
532,256,256,105
532,256,256,63
532,256,256,53
532,256,256,159
532,256,256,22
532,256,256,74
532,256,256,34
532,256,256,83
532,256,256,77
532,256,256,185
532,256,256,60
532,256,256,111
532,256,256,104
532,256,256,79
532,256,256,67
533,360,360,1859
533,360,360,1563
533,360,360,1917
533,360,360,1553
533,360,360,51
533,360,360,1018
533,360,360,1220
533,360,360,443
533,360,360,26
533,360,360,1986
533,360,360,138
533,360,360,1857
533,360,360,2018
533,360,360,1959
533,360,360,1401
533,360,360,26
533,360,360,2201
533,360,360,2487
533,360,360,44
533,360,360,196
533,360,360,2428
533,360,360,961
533,360,360,1725
533,360,360,1665
533,360,360,2106
533,360,360,771
533,360,360,682
534,1040,1388,5543
534,1040,1388,10162
534,1040,1388,6706
534,1040,1388,6278
534,1040,1388,4367
534,1040,1388,7408
534,1040,1388,8576
534,1040,1388,6023
534,1040,1388,11037
534,1040,1388,7032
534,1040,1388,7364
534,1040,1388,6719
534,1040,1388,7259
534,1040,1388,6943
535,360,360,50
535,360,360,2087
535,360,360,1578
535,360,360,2398
535,360,360,2030
535,360,360,1927
535,360,360,3284
535,360,360,2052
535,360,360,1977
535,360,360,1421
535,360,360,2722
535,360,360,2326
535,360,360,1966
535,360,360,1209
535,360,360,45
535,360,360,1796
535,360,360,432
535,360,360,62
535,360,360,2890
535,360,360,79
535,360,360,1451
535,360,360,2079
535,360,360,2565
536,360,360,2930
536,360,360,1048
536,360,360,2443
536,360,360,55
536,360,360,33
536,360,360,1416
536,360,360,376
536,360,360,1803
536,360,360,2510
536,360,360,1590
536,360,360,196
536,360,360,1981
536,360,360,2191
536,360,360,1854
536,360,360,2933
536,360,360,2298
536,360,360,1943
536,360,360,2466
536,360,360,1842
536,360,360,2423
537,256,256,80
537,256,256,129
537,256,256,107
537,256,256,96
537,256,256,107
537,256,256,166
537,256,256,152
537,256,256,120
537,256,256,78
537,256,256,155
537,256,256,186
537,256,256,100
537,256,256,95
537,256,256,69
538,603,1272,163
538,603,1272,204
538,603,1272,48
538,603,1272,91
538,603,1272,61
538,603,1272,81
538,603,1272,107
538,603,1272,134
538,603,1272,109
538,603,1272,93
538,603,1272,105
538,603,1272,173
538,603,1272,53
538,603,1272,82
538,603,1272,103
538,603,1272,143
538,603,1272,120
538,603,1272,37
538,603,1272,179
538,603,1272,150
538,603,1272,111
538,603,1272,158
538,603,1272,116
538,603,1272,116
538,603,1272,59
538,603,1272,68
538,603,1272,249
538,603,1272,81
538,603,1272,72
538,603,1272,42
538,603,1272,60
538,603,1272,111
538,603,1272,134
538,603,1272,88
538,603,1272,33
538,603,1272,86
538,603,1272,94
538,603,1272,145
538,603,1272,170
538,603,1272,93
538,603,1272,142
538,603,1272,101
538,603,1272,49
538,603,1272,79
538,603,1272,134
538,603,1272,115
538,603,1272,99
538,603,1272,161
538,603,1272,99
538,603,1272,143
538,603,1272,172
538,603,1272,171
538,603,1272,112
538,603,1272,178
538,603,1272,186
538,603,1272,125
538,603,1272,205
538,603,1272,98
538,603,1272,80
538,603,1272,55
538,603,1272,115
538,603,1272,52
538,603,1272,147
538,603,1272,107
538,603,1272,136
538,603,1272,40
538,603,1272,26
538,603,1272,144
538,603,1272,108
538,603,1272,156
538,603,1272,171
538,603,1272,134
538,603,1272,156
538,603,1272,66
538,603,1272,123
538,603,1272,113
538,603,1272,122
538,603,1272,170
538,603,1272,158
538,603,1272,181
538,603,1272,119
538,603,1272,72
538,603,1272,153
538,603,1272,43
538,603,1272,87
538,603,1272,102
538,603,1272,157
538,603,1272,140
538,603,1272,160
538,603,1272,53
538,603,1272,99
538,603,1272,127
538,603,1272,170
538,603,1272,182
538,603,1272,101
538,603,1272,168
538,603,1272,87
538,603,1272,136
538,603,1272,79
538,603,1272,181
538,603,1272,75
538,603,1272,71
538,603,1272,55
538,603,1272,48
538,603,1272,172
538,603,1272,84
538,603,1272,44
538,603,1272,109
538,603,1272,121
538,603,1272,172
538,603,1272,182
538,603,1272,163
538,603,1272,71
538,603,1272,28
538,603,1272,36
538,603,1272,180
538,603,1272,91
538,603,1272,200
538,603,1272,168
538,603,1272,140
538,603,1272,54
538,603,1272,191
538,603,1272,85
538,603,1272,86
538,603,1272,164
538,603,1272,218
538,603,1272,225
538,603,1272,56
538,603,1272,77
538,603,1272,182
538,603,1272,155
538,603,1272,119
538,603,1272,192
538,603,1272,76
538,603,1272,133
538,603,1272,135
538,603,1272,146
538,603,1272,140
538,603,1272,49
538,603,1272,37
538,603,1272,95
538,603,1272,108
538,603,1272,217
538,603,1272,100
538,603,1272,140
538,603,1272,112
538,603,1272,22
538,603,1272,104
538,603,1272,79
538,603,1272,33
538,603,1272,163
538,603,1272,145
538,603,1272,176
538,603,1272,175
538,603,1272,61
538,603,1272,133
538,603,1272,183
538,603,1272,76
538,603,1272,91
538,603,1272,55
538,603,1272,55
538,603,1272,83
538,603,1272,104
538,603,1272,159
538,603,1272,112
538,603,1272,132
538,603,1272,131
538,603,1272,136
538,603,1272,135
538,603,1272,162
538,603,1272,172
538,603,1272,74
538,603,1272,104
538,603,1272,134
538,603,1272,241
538,603,1272,85
538,603,1272,127
538,603,1272,78
538,603,1272,46
538,603,1272,91
538,603,1272,122
538,603,1272,91
538,603,1272,225
538,603,1272,162
538,603,1272,100
538,603,1272,139
538,603,1272,79
538,603,1272,98
538,603,1272,143
538,603,1272,53
538,603,1272,54
538,603,1272,111
538,603,1272,191
538,603,1272,203
538,603,1272,105
538,603,1272,139
538,603,1272,134
538,603,1272,168
538,603,1272,103
538,603,1272,190
538,603,1272,79
538,603,1272,105
538,603,1272,90
538,603,1272,64
538,603,1272,139
538,603,1272,125
538,603,1272,95
538,603,1272,188
538,603,1272,161
538,603,1272,112
538,603,1272,113
538,603,1272,101
538,603,1272,111
538,603,1272,115
538,603,1272,150
538,603,1272,100
538,603,1272,56
538,603,1272,94
538,603,1272,116
538,603,1272,106
538,603,1272,135
538,603,1272,148
538,603,1272,72
538,603,1272,182
538,603,1272,136
538,603,1272,132
538,603,1272,126
538,603,1272,45
538,603,1272,167
538,603,1272,99
538,603,1272,68
538,603,1272,155
538,603,1272,120
538,603,1272,186
538,603,1272,46
538,603,1272,172
538,603,1272,141
538,603,1272,71
538,603,1272,114
538,603,1272,149
538,603,1272,66
538,603,1272,136
538,603,1272,116
538,603,1272,141
538,603,1272,176
538,603,1272,40
538,603,1272,107
538,603,1272,41
538,603,1272,183
538,603,1272,37
539,256,320,249
539,256,320,138
539,256,320,332
539,256,320,175
539,256,320,93
539,256,320,196
539,256,320,207
539,256,320,265
539,256,320,206
539,256,320,326
539,256,320,432
539,256,320,61
539,256,320,84
539,256,320,313
539,256,320,152
539,256,320,201
539,256,320,557
539,256,320,593
539,256,320,187
539,256,320,143
539,256,320,578
539,256,320,216
539,256,320,513
539,256,320,24
539,256,320,91
539,256,320,32
539,256,320,146
539,256,320,194
539,256,320,247
539,256,320,550
539,256,320,361
539,256,320,170
539,256,320,263
539,256,320,195
539,256,320,54
539,256,320,29
539,256,320,287
539,256,320,175
539,256,320,87
539,256,320,285
539,256,320,106
539,256,320,35
539,256,320,61
539,256,320,39
539,256,320,221
539,256,320,236
539,256,320,204
539,256,320,370
539,256,320,39
539,256,320,436
539,256,320,437
539,256,320,151
539,256,320,395
539,256,320,553
539,256,320,162
539,256,320,151
539,256,320,103
539,256,320,234
539,256,320,398
539,256,320,159
539,256,320,479
539,256,320,455
539,256,320,42
539,256,320,24
539,256,320,393
539,256,320,385
539,256,320,159
539,256,320,312
539,256,320,159
539,256,320,135
539,256,320,143
539,256,320,108
539,256,320,410
539,256,320,154
539,256,320,88
539,256,320,92
539,256,320,381
539,256,320,236
539,256,320,111
539,256,320,193
539,256,320,384
539,256,320,425
539,256,320,214
539,256,320,21
539,256,320,44
539,256,320,139
539,256,320,622
539,256,320,565
539,256,320,196
539,256,320,24
539,256,320,31
539,256,320,193
539,256,320,26
539,256,320,110
539,256,320,374
539,256,320,152
539,256,320,532
539,256,320,336
539,256,320,34
539,256,320,391
539,256,320,467
539,256,320,285
539,256,320,89
539,256,320,572
539,256,320,64
539,256,320,392
539,256,320,55
539,256,320,475
539,256,320,90
539,256,320,234
539,256,320,46
539,256,320,168
540,256,320,273
540,256,320,247
540,256,320,89
540,256,320,75
540,256,320,28
540,256,320,204
540,256,320,504
540,256,320,162
540,256,320,76
540,256,320,352
540,256,320,242
540,256,320,221
540,256,320,337
540,256,320,85
540,256,320,63
540,256,320,71
540,256,320,86
540,256,320,92
540,256,320,187
540,256,320,226
540,256,320,189
540,256,320,288
540,256,320,334
540,256,320,476
540,256,320,528
540,256,320,195
540,256,320,171
540,256,320,190
540,256,320,46
540,256,320,147
540,256,320,112
540,256,320,170
540,256,320,125
540,256,320,456
540,256,320,269
540,256,320,34
540,256,320,62
540,256,320,195
540,256,320,330
540,256,320,170
540,256,320,404
540,256,320,218
540,256,320,273
540,256,320,141
540,256,320,226
540,256,320,124
540,256,320,340
540,256,320,361
540,256,320,249
540,256,320,111
540,256,320,198
540,256,320,191
540,256,320,163
540,256,320,188
540,256,320,239
540,256,320,372
540,256,320,287
540,256,320,303
540,256,320,153
540,256,320,159
540,256,320,289
540,256,320,481
540,256,320,333
540,256,320,402
540,256,320,122
540,256,320,40
540,256,320,64
540,256,320,100
540,256,320,155
540,256,320,372
540,256,320,439
540,256,320,274
540,256,320,39
540,256,320,82
540,256,320,85
540,256,320,431
541,520,696,864
541,520,696,645
541,520,696,797
541,520,696,625
541,520,696,645
541,520,696,716
541,520,696,982
541,520,696,766
541,520,696,572
541,520,696,788
541,520,696,682
541,520,696,960
541,520,696,102
541,520,696,689
541,520,696,656
541,520,696,792
541,520,696,855
541,520,696,774
541,520,696,645
541,520,696,433
541,520,696,458
541,520,696,464
541,520,696,714
541,520,696,353
541,520,696,736
541,520,696,691
541,520,696,693
541,520,696,727
541,520,696,963
541,520,696,1004
541,520,696,278
541,520,696,627
541,520,696,443
541,520,696,957
541,520,696,679
541,520,696,1360
541,520,696,764
541,520,696,51
541,520,696,648
541,520,696,1189
541,520,696,1182
541,520,696,608
541,520,696,285
541,520,696,683
541,520,696,354
541,520,696,553
541,520,696,859
541,520,696,633
541,520,696,853
541,520,696,489
541,520,696,683
541,520,696,1008
541,520,696,621
541,520,696,639
541,520,696,660
541,520,696,794
541,520,696,944
541,520,696,884
541,520,696,991
541,520,696,601
541,520,696,631
541,520,696,794
541,520,696,711
541,520,696,616
541,520,696,475
541,520,696,844
541,520,696,839
541,520,696,599
541,520,696,613
541,520,696,604
541,520,696,397
541,520,696,788
541,520,696,653
541,520,696,834
541,520,696,645
541,520,696,738
541,520,696,641
541,520,696,533
541,520,696,702
541,520,696,501
541,520,696,772
541,520,696,474
541,520,696,771
541,520,696,799
541,520,696,604
541,520,696,1190
541,520,696,757
541,520,696,577
541,520,696,564
541,520,696,870
541,520,696,496
541,520,696,460
541,520,696,659
541,520,696,607
541,520,696,385
541,520,696,583
541,520,696,1142
541,520,696,769
541,520,696,52
541,520,696,25
541,520,696,733
541,520,696,155
541,520,696,832
541,520,696,683
541,520,696,473
541,520,696,594
541,520,696,853
541,520,696,589
541,520,696,431
541,520,696,659
541,520,696,654
541,520,696,659
541,520,696,813
541,520,696,657
541,520,696,576
541,520,696,747
541,520,696,588
541,520,696,655
541,520,696,777
541,520,696,683
541,520,696,478
541,520,696,641
541,520,696,660
541,520,696,679
541,520,696,666
541,520,696,1208
541,520,696,706
541,520,696,980
541,520,696,454
541,520,696,188
541,520,696,550
541,520,696,926
541,520,696,646
541,520,696,744
541,520,696,758
542,360,360,177
542,360,360,89
542,360,360,1758
542,360,360,1975
542,360,360,2339
542,360,360,423
542,360,360,2059
542,360,360,2367
542,360,360,620
542,360,360,1008
542,360,360,2002
542,360,360,3272
542,360,360,2810
542,360,360,1803
542,360,360,2227
542,360,360,579
542,360,360,1848
542,360,360,1786
542,360,360,2109
542,360,360,2572
542,360,360,2009
542,360,360,635
543,256,256,234
543,256,256,172
543,256,256,328
543,256,256,211
543,256,256,92
543,256,256,142
543,256,256,223
543,256,256,172
544,256,256,50
544,256,256,74
544,256,256,63
544,256,256,87
544,256,256,88
544,256,256,76
544,256,256,83
544,256,256,50
544,256,256,78
544,256,256,61
544,256,256,75
544,256,256,70
544,256,256,80
544,256,256,99
544,256,256,90
544,256,256,95
544,256,256,90
544,256,256,81
544,256,256,172
544,256,256,68
544,256,256,21
544,256,256,76
544,256,256,57
544,256,256,103
544,256,256,123
544,256,256,93
544,256,256,110
544,256,256,75
544,256,256,75
544,256,256,84
544,256,256,95
544,256,256,91
544,256,256,81
544,256,256,42
544,256,256,104
544,256,256,67
544,256,256,59
544,256,256,77
544,256,256,82
544,256,256,31
544,256,256,76
544,256,256,72
544,256,256,96
544,256,256,23
544,256,256,83
544,256,256,105
544,256,256,64
544,256,256,69
544,256,256,68
544,256,256,102
544,256,256,75
544,256,256,56
544,256,256,78
544,256,256,91
544,256,256,144
544,256,256,71
544,256,256,39
544,256,256,103
545,256,256,27
545,256,256,31
545,256,256,45
545,256,256,122
545,256,256,173
545,256,256,219
545,256,256,201
545,256,256,128
545,256,256,48
545,256,256,38
545,256,256,269
545,256,256,75
545,256,256,74
545,256,256,244
545,256,256,52
545,256,256,113
545,256,256,273
545,256,256,114
545,256,256,131
545,256,256,42
545,256,256,134
545,256,256,333
545,256,256,330
545,256,256,74
545,256,256,191
545,256,256,67
545,256,256,47
545,256,256,50
545,256,256,51
545,256,256,215
545,256,256,42
545,256,256,72
546,256,256,143
546,256,256,102
546,256,256,160
546,256,256,43
546,256,256,118
546,256,256,102
546,256,256,129
546,256,256,112
546,256,256,115
546,256,256,153
546,256,256,205
546,256,256,127
546,256,256,110
546,256,256,150
546,256,256,149
546,256,256,72
546,256,256,281
546,256,256,142
546,256,256,103
546,256,256,137
546,256,256,126
546,256,256,136
546,256,256,217
546,256,256,194
546,256,256,23
546,256,256,134
546,256,256,56
546,256,256,167
546,256,256,141
546,256,256,151
546,256,256,82
546,256,256,40
546,256,256,122
546,256,256,106
546,256,256,167
546,256,256,188
546,256,256,119
546,256,256,120
546,256,256,100
546,256,256,57
547,360,360,3137
547,360,360,77
547,360,360,2756
547,360,360,3232
547,360,360,664
547,360,360,2430
547,360,360,1851
547,360,360,2855
547,360,360,633
547,360,360,432
547,360,360,2285
547,360,360,154
547,360,360,1937
547,360,360,1335
547,360,360,92
547,360,360,102
547,360,360,1760
547,360,360,227
547,360,360,2611
547,360,360,440
547,360,360,2848
547,360,360,1721
547,360,360,454
547,360,360,2356
547,360,360,2075
548,360,360,84
548,360,360,419
548,360,360,48
548,360,360,1814
548,360,360,2073
548,360,360,262
548,360,360,2231
548,360,360,2092
548,360,360,2648
548,360,360,2318
548,360,360,1447
548,360,360,2554
548,360,360,2885
548,360,360,760
548,360,360,70
548,360,360,3148
548,360,360,220
548,360,360,2564
548,360,360,3585
548,360,360,1850
548,360,360,354
548,360,360,1247
548,360,360,1768
548,360,360,325
548,360,360,1692
548,360,360,1985
548,360,360,1007
548,360,360,159
548,360,360,75
549,256,256,137
549,256,256,199
549,256,256,196
549,256,256,78
549,256,256,87
549,256,256,200
549,256,256,263
549,256,256,89
549,256,256,132
550,256,256,150
550,256,256,89
550,256,256,84
550,256,256,42
550,256,256,49
550,256,256,87
550,256,256,82
550,256,256,61
550,256,256,49
550,256,256,97
550,256,256,46
550,256,256,40
550,256,256,144
550,256,256,30
550,256,256,107
550,256,256,34
550,256,256,88
550,256,256,48
550,256,256,64
550,256,256,27
550,256,256,60
550,256,256,139
551,256,256,199
551,256,256,66
551,256,256,37
551,256,256,49
551,256,256,155
551,256,256,33
551,256,256,26
551,256,256,237
551,256,256,39
551,256,256,303
551,256,256,298
551,256,256,91
551,256,256,21
551,256,256,72
551,256,256,40
551,256,256,64
551,256,256,107
552,256,320,1038
552,256,320,809
552,256,320,418
552,256,320,488
552,256,320,512
552,256,320,536
552,256,320,435
552,256,320,132
552,256,320,215
552,256,320,677
552,256,320,560
552,256,320,176
552,256,320,885
552,256,320,302
552,256,320,743
552,256,320,474
552,256,320,381
552,256,320,620
552,256,320,283
552,256,320,289
552,256,320,1269
552,256,320,364
552,256,320,426
552,256,320,546
552,256,320,472
552,256,320,576
552,256,320,321
552,256,320,617
552,256,320,250
552,256,320,49
552,256,320,342
552,256,320,135
552,256,320,195
553,256,256,101
553,256,256,232
553,256,256,27
553,256,256,269
553,256,256,156
553,256,256,173
553,256,256,84
553,256,256,218
553,256,256,270
553,256,256,66
553,256,256,327
553,256,256,213
553,256,256,244
553,256,256,279
554,256,256,149
554,256,256,269
554,256,256,92
554,256,256,136
554,256,256,187
554,256,256,155
554,256,256,82
554,256,256,146
554,256,256,86
554,256,256,122
554,256,256,132
554,256,256,122
555,256,256,109
555,256,256,99
555,256,256,340
555,256,256,186
555,256,256,26
555,256,256,145
555,256,256,84
555,256,256,167
555,256,256,192
555,256,256,202
556,256,256,128
556,256,256,133
556,256,256,116
556,256,256,135
556,256,256,167
556,256,256,89
556,256,256,111
556,256,256,116
556,256,256,211
556,256,256,89
556,256,256,133
556,256,256,198
556,256,256,113
556,256,256,183
556,256,256,49
556,256,256,212
556,256,256,103
556,256,256,88
556,256,256,112
556,256,256,112
556,256,256,131
556,256,256,196
556,256,256,54
556,256,256,121
556,256,256,157
556,256,256,59
556,256,256,122
556,256,256,125
556,256,256,124
556,256,256,33
556,256,256,176
556,256,256,124
556,256,256,263
556,256,256,133
556,256,256,110
557,256,256,72
557,256,256,201
557,256,256,133
557,256,256,31
557,256,256,231
557,256,256,204
557,256,256,141
557,256,256,143
558,256,256,147
558,256,256,174
558,256,256,200
558,256,256,279
558,256,256,158
558,256,256,151
558,256,256,125
558,256,256,99
558,256,256,136
558,256,256,128
559,360,360,58
559,360,360,604
559,360,360,42
559,360,360,2116
559,360,360,1921
559,360,360,874
559,360,360,86
559,360,360,2194
559,360,360,2098
559,360,360,1086
559,360,360,1698
559,360,360,1078
559,360,360,2382
559,360,360,2402
559,360,360,1662
559,360,360,2268
559,360,360,1588
559,360,360,2089
559,360,360,2301
559,360,360,423
559,360,360,1476
559,360,360,2023
559,360,360,2628
559,360,360,1410
560,520,696,861
560,520,696,781
560,520,696,729
560,520,696,485
560,520,696,604
560,520,696,581
560,520,696,847
560,520,696,570
560,520,696,955
560,520,696,426
560,520,696,591
560,520,696,460
560,520,696,705
560,520,696,661
560,520,696,960
560,520,696,598
560,520,696,650
560,520,696,595
560,520,696,36
560,520,696,924
560,520,696,199
560,520,696,752
560,520,696,831
560,520,696,698
560,520,696,789
560,520,696,687
560,520,696,662
560,520,696,543
560,520,696,511
560,520,696,604
560,520,696,678
560,520,696,619
560,520,696,601
560,520,696,686
560,520,696,137
560,520,696,809
560,520,696,996
560,520,696,667
560,520,696,845
560,520,696,616
560,520,696,646
560,520,696,610
560,520,696,831
560,520,696,621
560,520,696,554
560,520,696,794
560,520,696,680
560,520,696,327
560,520,696,551
560,520,696,582
560,520,696,223
560,520,696,536
560,520,696,536
560,520,696,728
560,520,696,213
560,520,696,882
560,520,696,111
560,520,696,752
560,520,696,562
560,520,696,853
560,520,696,507
560,520,696,524
560,520,696,848
560,520,696,632
560,520,696,809
560,520,696,645
560,520,696,721
560,520,696,1048
560,520,696,559
560,520,696,465
560,520,696,733
560,520,696,676
560,520,696,602
560,520,696,1106
560,520,696,1079
560,520,696,628
560,520,696,665
560,520,696,464
560,520,696,727
560,520,696,548
560,520,696,44
560,520,696,924
560,520,696,503
560,520,696,753
560,520,696,613
560,520,696,818
560,520,696,587
560,520,696,528
560,520,696,829
560,520,696,773
560,520,696,942
560,520,696,795
560,520,696,276
560,520,696,213
560,520,696,196
560,520,696,184
560,520,696,700
560,520,696,640
560,520,696,740
560,520,696,676
560,520,696,807
560,520,696,489
560,520,696,1168
560,520,696,793
560,520,696,674
560,520,696,906
560,520,696,683
560,520,696,907
560,520,696,871
560,520,696,545
560,520,696,756
560,520,696,654
560,520,696,756
560,520,696,633
560,520,696,561
560,520,696,690
560,520,696,359
560,520,696,596
560,520,696,624
560,520,696,671
560,520,696,638
560,520,696,625
560,520,696,868
560,520,696,463
560,520,696,624
560,520,696,622
561,256,256,209
561,256,256,423
561,256,256,21
561,256,256,21
561,256,256,361
561,256,256,21
561,256,256,157
561,256,256,158
561,256,256,21
561,256,256,21
561,256,256,279
561,256,256,233
561,256,256,335
561,256,256,310
561,256,256,199
561,256,256,21
561,256,256,423
561,256,256,82
561,256,256,241
561,256,256,21
561,256,256,22
561,256,256,381
561,256,256,549
561,256,256,79
561,256,256,421
561,256,256,83
561,256,256,287
561,256,256,21
561,256,256,478
561,256,256,271
561,256,256,298
561,256,256,196
561,256,256,269
561,256,256,21
561,256,256,413
561,256,256,116
561,256,256,285
561,256,256,319
561,256,256,456
561,256,256,325
561,256,256,21
561,256,256,109
561,256,256,387
561,256,256,21
561,256,256,117
561,256,256,21
561,256,256,360
561,256,256,21
561,256,256,21
561,256,256,21
561,256,256,672
561,256,256,353
561,256,256,221
561,256,256,309
561,256,256,306
561,256,256,180
561,256,256,21
561,256,256,363
561,256,256,483
561,256,256,77
561,256,256,501
561,256,256,399
561,256,256,134
561,256,256,130
561,256,256,26
561,256,256,287
561,256,256,38
561,256,256,21
561,256,256,318
561,256,256,21
561,256,256,169
561,256,256,21
561,256,256,493
561,256,256,21
561,256,256,270
561,256,256,253
561,256,256,40
562,360,360,24
562,360,360,1114
562,360,360,1033
562,360,360,41
562,360,360,41
562,360,360,35
562,360,360,1930
562,360,360,407
562,360,360,1288
562,360,360,1908
562,360,360,716
562,360,360,26
562,360,360,2923
562,360,360,2534
562,360,360,1482
562,360,360,417
562,360,360,2557
562,360,360,1909
562,360,360,1792
562,360,360,1640
562,360,360,2071
562,360,360,25
562,360,360,1618
562,360,360,43
562,360,360,87
562,360,360,1893
562,360,360,47
562,360,360,2210
563,360,360,767
563,360,360,1703
563,360,360,2262
563,360,360,1043
563,360,360,626
563,360,360,825
563,360,360,31
563,360,360,2166
563,360,360,1458
563,360,360,633
563,360,360,1689
563,360,360,1416
563,360,360,2199
563,360,360,99
563,360,360,1447
563,360,360,3292
563,360,360,1911
563,360,360,56
563,360,360,230
563,360,360,2085
563,360,360,3344
563,360,360,1717
564,360,360,2324
564,360,360,430
564,360,360,1743
564,360,360,2116
564,360,360,2059
564,360,360,113
564,360,360,1950
564,360,360,62
564,360,360,40
564,360,360,33
564,360,360,3252
564,360,360,2519
564,360,360,3020
564,360,360,34
564,360,360,2406
564,360,360,1303
564,360,360,27
564,360,360,3184
564,360,360,1989
564,360,360,1163
564,360,360,338
564,360,360,70
564,360,360,584
564,360,360,2551
564,360,360,103
564,360,360,2938
564,360,360,1823
565,256,256,104
565,256,256,141
565,256,256,81
565,256,256,54
565,256,256,102
565,256,256,110
565,256,256,53
566,256,256,151
566,256,256,162
566,256,256,94
566,256,256,65
566,256,256,148
566,256,256,156
566,256,256,154
566,256,256,234
566,256,256,281
566,256,256,66
566,256,256,233
566,256,256,215
566,256,256,246
566,256,256,166
566,256,256,192
566,256,256,109
566,256,256,162
566,256,256,194
567,256,256,72
567,256,256,212
567,256,256,127
567,256,256,145
567,256,256,225
567,256,256,170
567,256,256,109
567,256,256,457
567,256,256,612
567,256,256,206
567,256,256,215
567,256,256,228
567,256,256,187
567,256,256,68
567,256,256,342
567,256,256,201
567,256,256,200
567,256,256,226
567,256,256,272
567,256,256,323
567,256,256,279
567,256,256,214
567,256,256,294
567,256,256,131
567,256,256,155
567,256,256,24
567,256,256,454
567,256,256,112
567,256,256,197
568,360,360,2039
568,360,360,2204
568,360,360,1745
568,360,360,461
568,360,360,651
568,360,360,1530
568,360,360,2086
568,360,360,1618
568,360,360,1923
568,360,360,2250
568,360,360,1112
568,360,360,2158
568,360,360,2248
568,360,360,2354
568,360,360,1895
568,360,360,1686
568,360,360,122
568,360,360,1640
568,360,360,1595
568,360,360,449
568,360,360,260
568,360,360,2108
568,360,360,758
568,360,360,1868
569,256,256,21
569,256,256,135
569,256,256,21
569,256,256,278
569,256,256,21
569,256,256,326
569,256,256,280
569,256,256,21
569,256,256,114
569,256,256,108
569,256,256,247
569,256,256,240
569,256,256,218
569,256,256,324
569,256,256,329
569,256,256,85
569,256,256,113
569,256,256,397
569,256,256,175
569,256,256,142
569,256,256,263
569,256,256,86
569,256,256,360
569,256,256,113
570,520,696,2696
570,520,696,1850
570,520,696,1040
570,520,696,1962
570,520,696,1675
570,520,696,1026
570,520,696,840
570,520,696,1405
570,520,696,1546
570,520,696,1939
570,520,696,734
570,520,696,47
570,520,696,604
570,520,696,2253
570,520,696,684
570,520,696,2085
570,520,696,2322
570,520,696,1449
570,520,696,2091
570,520,696,1273
570,520,696,2252
570,520,696,1038
570,520,696,1279
570,520,696,1539
570,520,696,1831
570,520,696,2710
570,520,696,1736
570,520,696,1704
570,520,696,2499
570,520,696,2138
570,520,696,245
570,520,696,651
570,520,696,418
570,520,696,1594
570,520,696,2241
570,520,696,2419
570,520,696,22
570,520,696,1645
570,520,696,260
570,520,696,2046
570,520,696,761
570,520,696,795
570,520,696,2027
570,520,696,55
570,520,696,35
570,520,696,323
570,520,696,36
570,520,696,130
570,520,696,21
570,520,696,455
570,520,696,2350
570,520,696,1137
570,520,696,1654
570,520,696,1430
570,520,696,1704
570,520,696,1830
570,520,696,24
570,520,696,2154
570,520,696,1823
570,520,696,2522
570,520,696,2762
570,520,696,46
571,520,696,331
571,520,696,61
571,520,696,386
571,520,696,52
571,520,696,558
571,520,696,387
571,520,696,574
571,520,696,698
571,520,696,462
571,520,696,431
571,520,696,388
571,520,696,553
571,520,696,591
571,520,696,562
571,520,696,134
571,520,696,449
571,520,696,502
571,520,696,523
571,520,696,615
571,520,696,633
571,520,696,321
571,520,696,501
571,520,696,483
571,520,696,250
571,520,696,427
571,520,696,38
571,520,696,441
571,520,696,134
571,520,696,249
571,520,696,167
571,520,696,133
571,520,696,559
571,520,696,569
571,520,696,438
571,520,696,578
571,520,696,407
571,520,696,575
571,520,696,450
571,520,696,146
571,520,696,260
571,520,696,772
571,520,696,580
571,520,696,722
571,520,696,569
571,520,696,468
571,520,696,605
571,520,696,270
571,520,696,561
571,520,696,223
571,520,696,520
571,520,696,427
571,520,696,642
571,520,696,533
571,520,696,632
571,520,696,386
571,520,696,460
571,520,696,645
571,520,696,460
571,520,696,569
571,520,696,551
571,520,696,363
571,520,696,274
571,520,696,363
571,520,696,476
571,520,696,542
571,520,696,499
571,520,696,25
571,520,696,414
571,520,696,345
571,520,696,500
571,520,696,642
571,520,696,424
571,520,696,620
571,520,696,533
571,520,696,464
571,520,696,37
571,520,696,540
571,520,696,85
571,520,696,517
571,520,696,283
571,520,696,527
571,520,696,362
571,520,696,425
571,520,696,98
571,520,696,454
571,520,696,554
571,520,696,175
571,520,696,597
571,520,696,520
571,520,696,469
571,520,696,483
571,520,696,771
571,520,696,472
571,520,696,477
571,520,696,571
571,520,696,517
571,520,696,347
571,520,696,21
571,520,696,393
571,520,696,402
571,520,696,477
571,520,696,196
571,520,696,469
571,520,696,476
571,520,696,125
571,520,696,503
571,520,696,495
571,520,696,449
571,520,696,317
571,520,696,97
571,520,696,552
571,520,696,447
571,520,696,65
571,520,696,449
571,520,696,539
571,520,696,521
571,520,696,534
571,520,696,203
571,520,696,719
571,520,696,34
571,520,696,336
571,520,696,464
571,520,696,49
571,520,696,615
571,520,696,377
571,520,696,351
571,520,696,505
571,520,696,30
571,520,696,272
571,520,696,434
571,520,696,491
571,520,696,512
571,520,696,448
571,520,696,549
571,520,696,420
571,520,696,522
571,520,696,287
571,520,696,637
571,520,696,163
571,520,696,379
572,256,256,21
572,256,256,21
572,256,256,21
572,256,256,82
572,256,256,88
572,256,256,60
572,256,256,26
572,256,256,87
572,256,256,44
572,256,256,80
572,256,256,61
572,256,256,107
572,256,256,87
572,256,256,60
572,256,256,79
572,256,256,104
572,256,256,27
572,256,256,126
572,256,256,42
572,256,256,79
572,256,256,68
572,256,256,80
572,256,256,53
572,256,256,21
572,256,256,21
572,256,256,48
572,256,256,65
572,256,256,72
572,256,256,21
572,256,256,113
572,256,256,62
572,256,256,93
572,256,256,77
572,256,256,78
572,256,256,66
572,256,256,97
572,256,256,104
572,256,256,26
572,256,256,38
572,256,256,21
572,256,256,38
572,256,256,31
572,256,256,30
572,256,256,73
572,256,256,21
572,256,256,104
572,256,256,21
572,256,256,58
572,256,256,21
572,256,256,61
572,256,256,21
572,256,256,73
572,256,256,21
572,256,256,93
572,256,256,91
573,256,256,111
573,256,256,125
573,256,256,61
573,256,256,117
573,256,256,115
573,256,256,154
573,256,256,98
573,256,256,147
573,256,256,116
573,256,256,111
573,256,256,132
573,256,256,23
573,256,256,169
573,256,256,148
573,256,256,125
573,256,256,118
573,256,256,93
573,256,256,158
573,256,256,88
573,256,256,139
573,256,256,139
573,256,256,124
573,256,256,194
573,256,256,126
573,256,256,93
573,256,256,127
573,256,256,109
573,256,256,134
573,256,256,126
573,256,256,23
573,256,256,53
573,256,256,137
573,256,256,128
573,256,256,132
573,256,256,83
573,256,256,135
573,256,256,119
573,256,256,118
573,256,256,108
573,256,256,119
573,256,256,132
573,256,256,110
573,256,256,110
573,256,256,110
573,256,256,147
573,256,256,121
573,256,256,71
573,256,256,93
573,256,256,126
573,256,256,78
573,256,256,89
573,256,256,153
573,256,256,129
573,256,256,126
573,256,256,142
573,256,256,108
573,256,256,149
573,256,256,119
573,256,256,80
573,256,256,126
574,256,256,143
574,256,256,312
574,256,256,189
574,256,256,45
574,256,256,143
574,256,256,66
574,256,256,159
574,256,256,281
574,256,256,161
574,256,256,114
575,256,256,137
575,256,256,252
575,256,256,200
575,256,256,166
575,256,256,133
575,256,256,240
575,256,256,206
575,256,256,105
575,256,256,109
575,256,256,203
575,256,256,136
575,256,256,157
575,256,256,92
575,256,256,121
575,256,256,123
575,256,256,127
575,256,256,76
575,256,256,139
575,256,256,174
575,256,256,143
575,256,256,169
575,256,256,180
575,256,256,106
575,256,256,175
575,256,256,119
575,256,256,114
575,256,256,144
575,256,256,171
575,256,256,130
575,256,256,157
575,256,256,104
575,256,256,132
575,256,256,200
575,256,256,114
575,256,256,112
575,256,256,152
575,256,256,144
575,256,256,146
575,256,256,149
575,256,256,155
575,256,256,163
575,256,256,145
575,256,256,108
575,256,256,36
575,256,256,116
575,256,256,111
575,256,256,109
575,256,256,178
575,256,256,76
575,256,256,41
576,256,256,368
576,256,256,487
576,256,256,600
576,256,256,448
576,256,256,234
576,256,256,64
576,256,256,527
576,256,256,287
576,256,256,409
576,256,256,391
576,256,256,373
576,256,256,236
576,256,256,151
576,256,256,49
576,256,256,251
576,256,256,437
576,256,256,306
576,256,256,280
576,256,256,75
576,256,256,545
576,256,256,448
576,256,256,465
576,256,256,481
576,256,256,215
576,256,256,392
576,256,256,156
576,256,256,83
576,256,256,517
576,256,256,56
576,256,256,327
576,256,256,48
577,256,256,179
577,256,256,133
577,256,256,66
577,256,256,80
577,256,256,237
577,256,256,69
577,256,256,116
577,256,256,25
577,256,256,149
577,256,256,122
577,256,256,156
577,256,256,209
577,256,256,34
577,256,256,146
577,256,256,159
577,256,256,189
577,256,256,214
577,256,256,301
577,256,256,176
577,256,256,73
577,256,256,51
578,256,256,332
578,256,256,267
578,256,256,21
578,256,256,21
578,256,256,345
578,256,256,627
578,256,256,176
578,256,256,92
578,256,256,611
578,256,256,316
578,256,256,302
578,256,256,275
578,256,256,773
578,256,256,382
578,256,256,29
578,256,256,316
578,256,256,338
578,256,256,626
578,256,256,134
578,256,256,294
578,256,256,231
578,256,256,515
578,256,256,152
578,256,256,541
578,256,256,205
578,256,256,307
578,256,256,231
578,256,256,237
578,256,256,277
578,256,256,346
578,256,256,264
578,256,256,443
578,256,256,89
578,256,256,382
578,256,256,342
578,256,256,21
578,256,256,263
578,256,256,371
579,360,360,2036
579,360,360,3292
579,360,360,1924
579,360,360,3149
579,360,360,317
579,360,360,2013
579,360,360,2296
579,360,360,2150
579,360,360,2058
579,360,360,2021
579,360,360,1961
579,360,360,1877
579,360,360,1963
579,360,360,1851
579,360,360,3141
579,360,360,843
579,360,360,30
580,520,696,350
580,520,696,604
580,520,696,626
580,520,696,464
580,520,696,817
580,520,696,622
580,520,696,772
580,520,696,784
580,520,696,813
580,520,696,490
580,520,696,693
580,520,696,478
580,520,696,710
580,520,696,175
580,520,696,567
580,520,696,731
580,520,696,755
580,520,696,817
580,520,696,491
580,520,696,801
580,520,696,564
580,520,696,339
580,520,696,163
580,520,696,662
580,520,696,531
580,520,696,503
580,520,696,694
580,520,696,523
580,520,696,851
580,520,696,1107
580,520,696,952
580,520,696,612
580,520,696,894
580,520,696,685
580,520,696,643
580,520,696,718
580,520,696,1100
580,520,696,616
580,520,696,793
580,520,696,283
580,520,696,562
580,520,696,558
580,520,696,583
580,520,696,682
580,520,696,228
580,520,696,37
580,520,696,638
580,520,696,234
580,520,696,22
580,520,696,908
580,520,696,551
580,520,696,649
580,520,696,638
580,520,696,805
580,520,696,499
580,520,696,667
580,520,696,32
580,520,696,493
580,520,696,404
580,520,696,515
580,520,696,95
580,520,696,910
580,520,696,629
580,520,696,786
580,520,696,556
580,520,696,169
580,520,696,468
580,520,696,663
580,520,696,696
580,520,696,838
580,520,696,558
580,520,696,583
580,520,696,456
580,520,696,707
580,520,696,588
580,520,696,602
580,520,696,408
580,520,696,620
580,520,696,678
580,520,696,598
580,520,696,750
580,520,696,87
580,520,696,799
580,520,696,736
580,520,696,567
580,520,696,431
580,520,696,694
580,520,696,614
580,520,696,601
580,520,696,440
580,520,696,128
580,520,696,35
580,520,696,836
580,520,696,865
580,520,696,670
580,520,696,184
580,520,696,666
580,520,696,590
580,520,696,710
580,520,696,644
580,520,696,605
580,520,696,988
580,520,696,838
580,520,696,551
580,520,696,27
580,520,696,491
580,520,696,801
580,520,696,633
580,520,696,452
580,520,696,793
580,520,696,806
580,520,696,469
580,520,696,589
580,520,696,633
580,520,696,1006
580,520,696,762
580,520,696,722
580,520,696,975
580,520,696,675
580,520,696,929
580,520,696,536
580,520,696,847
580,520,696,593
580,520,696,689
580,520,696,1108
580,520,696,867
580,520,696,681
580,520,696,1337
580,520,696,834
580,520,696,640
580,520,696,594
580,520,696,637
580,520,696,936
580,520,696,465
580,520,696,925
580,520,696,520
580,520,696,361
580,520,696,609
580,520,696,548
580,520,696,711
580,520,696,364
581,256,256,63
581,256,256,89
581,256,256,62
581,256,256,42
581,256,256,63
581,256,256,21
581,256,256,56
581,256,256,85
581,256,256,161
581,256,256,111
581,256,256,38
581,256,256,78
581,256,256,66
581,256,256,68
581,256,256,96
581,256,256,74
581,256,256,35
581,256,256,43
581,256,256,78
581,256,256,97
581,256,256,94
581,256,256,131
581,256,256,72
581,256,256,72
581,256,256,84
581,256,256,120
581,256,256,127
581,256,256,121
581,256,256,110
581,256,256,144
582,360,360,2963
582,360,360,21
582,360,360,1816
582,360,360,2217
582,360,360,1971
582,360,360,2251
582,360,360,2953
582,360,360,145
582,360,360,1579
582,360,360,2235
582,360,360,3266
582,360,360,1915
582,360,360,33
582,360,360,1942
582,360,360,2138
582,360,360,1058
582,360,360,2539
582,360,360,29
582,360,360,2154
582,360,360,32
582,360,360,21
583,256,256,94
583,256,256,214
583,256,256,129
583,256,256,137
583,256,256,49
583,256,256,137
583,256,256,142
583,256,256,35
583,256,256,128
583,256,256,21
583,256,256,57
583,256,256,329
583,256,256,118
583,256,256,209
583,256,256,170
583,256,256,102
583,256,256,91
583,256,256,92
583,256,256,288
583,256,256,87
583,256,256,21
583,256,256,34
583,256,256,21
583,256,256,21
583,256,256,299
583,256,256,235
583,256,256,122
583,256,256,247
583,256,256,59
583,256,256,77
583,256,256,184
583,256,256,148
583,256,256,81
583,256,256,226
583,256,256,35
583,256,256,63
583,256,256,55
583,256,256,39
583,256,256,226
583,256,256,104
583,256,256,165
583,256,256,55
583,256,256,177
583,256,256,116
583,256,256,151
583,256,256,247
583,256,256,44
584,260,347,96
584,260,347,38
584,260,347,114
584,260,347,51
584,260,347,120
584,260,347,243
584,260,347,126
584,260,347,83
584,260,347,326
584,260,347,56
584,260,347,341
584,260,347,258
584,260,347,132
584,260,347,123
584,260,347,154
584,260,347,180
584,260,347,316
584,260,347,95
584,260,347,165
584,260,347,158
584,260,347,142
584,260,347,35
584,260,347,230
584,260,347,261
584,260,347,293
584,260,347,179
584,260,347,89
584,260,347,107
584,260,347,66
584,260,347,41
584,260,347,206
584,260,347,241
584,260,347,30
584,260,347,191
584,260,347,32
584,260,347,24
584,260,347,130
584,260,347,217
584,260,347,43
584,260,347,49
584,260,347,235
584,260,347,157
584,260,347,23
584,260,347,229
584,260,347,228
584,260,347,277
584,260,347,103
584,260,347,291
584,260,347,117
584,260,347,76
584,260,347,230
584,260,347,56
584,260,347,163
584,260,347,36
584,260,347,90
584,260,347,91
584,260,347,167
584,260,347,259
584,260,347,203
584,260,347,164
584,260,347,24
584,260,347,172
584,260,347,108
584,260,347,62
584,260,347,46
584,260,347,261
584,260,347,44
584,260,347,171
584,260,347,200
584,260,347,111
584,260,347,224
584,260,347,187
584,260,347,155
584,260,347,111
584,260,347,227
584,260,347,211
584,260,347,205
584,260,347,21
584,260,347,288
584,260,347,154
585,512,640,902
585,512,640,697
585,512,640,339
585,512,640,253
585,512,640,877
585,512,640,2052
585,512,640,60
585,512,640,168
585,512,640,319
585,512,640,1061
585,512,640,705
585,512,640,1462
585,512,640,636
585,512,640,850
585,512,640,1179
585,512,640,864
585,512,640,1559
585,512,640,1330
585,512,640,3948
585,512,640,3584
585,512,640,1031
585,512,640,610
586,256,256,240
586,256,256,378
586,256,256,200
586,256,256,73
586,256,256,53
586,256,256,180
586,256,256,143
586,256,256,330
586,256,256,514
586,256,256,323
586,256,256,202
586,256,256,510
586,256,256,294
586,256,256,297
586,256,256,147
586,256,256,362
586,256,256,190
586,256,256,119
586,256,256,179
586,256,256,164
586,256,256,120
586,256,256,360
586,256,256,154
586,256,256,328
586,256,256,115
586,256,256,162
587,256,256,114
587,256,256,121
587,256,256,67
587,256,256,26
587,256,256,21
587,256,256,230
588,256,256,31
588,256,256,70
588,256,256,97
588,256,256,31
588,256,256,113
588,256,256,99
588,256,256,61
588,256,256,104
588,256,256,112
588,256,256,87
588,256,256,88
588,256,256,130
588,256,256,31
588,256,256,22
588,256,256,108
588,256,256,107
588,256,256,52
588,256,256,83
588,256,256,76
588,256,256,70
588,256,256,53
589,520,696,226
589,520,696,561
589,520,696,446
589,520,696,468
589,520,696,627
589,520,696,688
589,520,696,205
589,520,696,273
589,520,696,363
589,520,696,427
589,520,696,531
589,520,696,654
589,520,696,345
589,520,696,609
589,520,696,270
589,520,696,546
589,520,696,381
589,520,696,212
589,520,696,447
589,520,696,197
589,520,696,426
589,520,696,293
589,520,696,464
589,520,696,549
589,520,696,468
589,520,696,560
589,520,696,349
589,520,696,449
589,520,696,562
589,520,696,606
589,520,696,101
589,520,696,232
589,520,696,535
589,520,696,248
589,520,696,619
589,520,696,318
589,520,696,633
589,520,696,227
589,520,696,388
589,520,696,183
589,520,696,370
589,520,696,451
589,520,696,559
589,520,696,215
589,520,696,388
589,520,696,565
589,520,696,525
589,520,696,490
589,520,696,221
589,520,696,444
589,520,696,213
589,520,696,823
589,520,696,572
589,520,696,480
589,520,696,422
589,520,696,367
589,520,696,593
589,520,696,412
589,520,696,135
589,520,696,194
589,520,696,445
589,520,696,261
589,520,696,593
589,520,696,500
589,520,696,602
589,520,696,427
589,520,696,413
589,520,696,609
589,520,696,524
589,520,696,504
589,520,696,187
589,520,696,343
589,520,696,713
589,520,696,559
589,520,696,328
589,520,696,175
589,520,696,757
589,520,696,492
589,520,696,435
589,520,696,175
589,520,696,59
589,520,696,294
589,520,696,666
589,520,696,579
589,520,696,131
589,520,696,73
589,520,696,548
589,520,696,425
589,520,696,529
589,520,696,406
589,520,696,444
589,520,696,296
589,520,696,451
589,520,696,61
589,520,696,478
589,520,696,422
589,520,696,678
589,520,696,435
589,520,696,361
589,520,696,451
589,520,696,546
589,520,696,444
589,520,696,290
589,520,696,367
589,520,696,375
589,520,696,229
589,520,696,426
589,520,696,382
589,520,696,539
589,520,696,544
589,520,696,196
589,520,696,412
589,520,696,626
589,520,696,382
589,520,696,195
589,520,696,541
589,520,696,417
589,520,696,516
589,520,696,568
589,520,696,523
589,520,696,682
589,520,696,198
589,520,696,604
589,520,696,285
589,520,696,513
589,520,696,641
589,520,696,433
589,520,696,362
589,520,696,381
589,520,696,217
589,520,696,583
589,520,696,450
589,520,696,722
589,520,696,315
589,520,696,765
589,520,696,325
589,520,696,642
589,520,696,526
589,520,696,431
589,520,696,248
589,520,696,399
589,520,696,378
589,520,696,506
589,520,696,571
589,520,696,444
589,520,696,513
589,520,696,501
589,520,696,441
589,520,696,619
589,520,696,579
589,520,696,512
589,520,696,202
589,520,696,493
589,520,696,562
589,520,696,539
589,520,696,585
589,520,696,552
589,520,696,427
589,520,696,562
589,520,696,433
589,520,696,498
589,520,696,266
589,520,696,700
589,520,696,500
589,520,696,500
589,520,696,54
589,520,696,187
589,520,696,37
589,520,696,180
589,520,696,463
589,520,696,629
589,520,696,510
589,520,696,554
589,520,696,149
589,520,696,641
589,520,696,559
589,520,696,252
589,520,696,410
589,520,696,671
589,520,696,400
589,520,696,740
589,520,696,193
589,520,696,525
589,520,696,244
589,520,696,434
589,520,696,483
589,520,696,547
589,520,696,651
589,520,696,301
589,520,696,493
589,520,696,294
589,520,696,462
589,520,696,331
589,520,696,321
589,520,696,366
589,520,696,247
589,520,696,85
589,520,696,191
589,520,696,592
590,256,256,108
590,256,256,117
590,256,256,141
590,256,256,136
590,256,256,189
590,256,256,217
590,256,256,110
590,256,256,106
590,256,256,133
590,256,256,212
590,256,256,86
590,256,256,134
590,256,256,27
590,256,256,158
590,256,256,178
590,256,256,173
590,256,256,138
590,256,256,137
590,256,256,140
590,256,256,148
590,256,256,216
590,256,256,116
590,256,256,138
590,256,256,116
590,256,256,220
590,256,256,151
590,256,256,107
590,256,256,133
590,256,256,110
590,256,256,55
590,256,256,100
590,256,256,124
590,256,256,103
590,256,256,379
590,256,256,109
590,256,256,123
590,256,256,91
590,256,256,120
590,256,256,116
590,256,256,121
590,256,256,142
590,256,256,271
591,256,256,195
591,256,256,95
591,256,256,290
591,256,256,256
591,256,256,45
591,256,256,103
591,256,256,256
591,256,256,200
591,256,256,136
591,256,256,202
591,256,256,351
591,256,256,452
591,256,256,210
591,256,256,62
591,256,256,82
592,256,320,463
592,256,320,85
592,256,320,465
592,256,320,619
592,256,320,611
592,256,320,487
592,256,320,325
592,256,320,417
592,256,320,297
592,256,320,404
592,256,320,333
592,256,320,149
592,256,320,101
592,256,320,345
592,256,320,437
592,256,320,55
592,256,320,366
592,256,320,539
592,256,320,386
592,256,320,849
592,256,320,203
592,256,320,670
592,256,320,285
592,256,320,780
592,256,320,411
592,256,320,312
592,256,320,524
592,256,320,415
592,256,320,318
592,256,320,282
592,256,320,32
592,256,320,161
592,256,320,331
592,256,320,350
592,256,320,46
592,256,320,216
592,256,320,433
592,256,320,470
592,256,320,455
592,256,320,75
592,256,320,750
592,256,320,262
592,256,320,1570
592,256,320,694
592,256,320,390
592,256,320,526
592,256,320,295
592,256,320,155
592,256,320,470
592,256,320,275
592,256,320,106
592,256,320,444
592,256,320,178
592,256,320,135
592,256,320,398
592,256,320,177
592,256,320,419
592,256,320,845
592,256,320,244
592,256,320,472
592,256,320,472
592,256,320,189
592,256,320,743
593,256,256,292
593,256,256,295
593,256,256,290
593,256,256,164
593,256,256,157
593,256,256,22
593,256,256,270
593,256,256,251
593,256,256,262
593,256,256,272
593,256,256,186
593,256,256,154
593,256,256,217
593,256,256,235
593,256,256,219
593,256,256,438
593,256,256,21
593,256,256,223
593,256,256,273
593,256,256,257
593,256,256,262
594,256,320,878
594,256,320,235
594,256,320,1174
594,256,320,323
594,256,320,382
594,256,320,782
594,256,320,78
594,256,320,349
594,256,320,252
594,256,320,229
594,256,320,302
594,256,320,190
594,256,320,833
594,256,320,328
594,256,320,64
594,256,320,517
594,256,320,113
594,256,320,27
594,256,320,84
594,256,320,715
594,256,320,464
594,256,320,85
594,256,320,414
594,256,320,526
594,256,320,396
594,256,320,57
594,256,320,236
594,256,320,165
594,256,320,101
594,256,320,577
594,256,320,324
594,256,320,174
594,256,320,444
594,256,320,124
594,256,320,616
594,256,320,170
594,256,320,40
594,256,320,430
594,256,320,705
594,256,320,217
594,256,320,420
594,256,320,24
594,256,320,421
594,256,320,480
594,256,320,361
594,256,320,948
594,256,320,821
594,256,320,757
594,256,320,396
594,256,320,508
594,256,320,243
594,256,320,684
594,256,320,144
594,256,320,112
594,256,320,409
594,256,320,651
594,256,320,459
594,256,320,239
594,256,320,515
594,256,320,738
594,256,320,26
594,256,320,55
594,256,320,473
594,256,320,60
594,256,320,422
594,256,320,192
594,256,320,958
594,256,320,510
594,256,320,288
595,256,256,297
595,256,256,187
595,256,256,153
595,256,256,182
595,256,256,125
595,256,256,26
595,256,256,211
595,256,256,163
595,256,256,57
595,256,256,146
595,256,256,75
595,256,256,76
595,256,256,107
595,256,256,223
595,256,256,233
595,256,256,268
596,256,256,392
596,256,256,172
596,256,256,329
596,256,256,169
596,256,256,160
596,256,256,292
596,256,256,167
596,256,256,278
596,256,256,36
596,256,256,363
596,256,256,462
596,256,256,122
596,256,256,95
596,256,256,385
596,256,256,88
596,256,256,118
596,256,256,455
596,256,256,174
596,256,256,33
596,256,256,91
596,256,256,46
596,256,256,323
596,256,256,385
596,256,256,279
596,256,256,323
596,256,256,149
596,256,256,326
596,256,256,332
596,256,256,172
597,256,256,139
597,256,256,203
597,256,256,247
597,256,256,188
597,256,256,414
597,256,256,662
597,256,256,517
597,256,256,382
597,256,256,206
597,256,256,296
597,256,256,25
597,256,256,492
597,256,256,470
597,256,256,439
597,256,256,328
597,256,256,289
597,256,256,507
597,256,256,128
597,256,256,562
597,256,256,521
597,256,256,268
597,256,256,121
597,256,256,368
597,256,256,368
597,256,256,484
597,256,256,515
597,256,256,349
597,256,256,304
597,256,256,264
597,256,256,216
597,256,256,140
597,256,256,642
597,256,256,251
597,256,256,251
597,256,256,112
597,256,256,331
597,256,256,659
597,256,256,489
597,256,256,254
597,256,256,208
597,256,256,512
597,256,256,184
597,256,256,64
597,256,256,434
597,256,256,258
597,256,256,243
597,256,256,567
597,256,256,459
597,256,256,91
597,256,256,331
597,256,256,252
597,256,256,70
597,256,256,251
597,256,256,335
597,256,256,303
597,256,256,406
597,256,256,129
597,256,256,204
597,256,256,388
597,256,256,539
597,256,256,450
597,256,256,474
597,256,256,378
597,256,256,264
597,256,256,159
597,256,256,449
597,256,256,312
598,520,696,940
598,520,696,884
598,520,696,1006
598,520,696,707
598,520,696,602
598,520,696,896
598,520,696,409
598,520,696,732
598,520,696,1052
598,520,696,501
598,520,696,555
598,520,696,420
598,520,696,822
598,520,696,864
598,520,696,751
598,520,696,713
598,520,696,839
598,520,696,768
598,520,696,553
598,520,696,916
598,520,696,643
598,520,696,848
598,520,696,625
598,520,696,678
598,520,696,587
598,520,696,438
598,520,696,975
598,520,696,738
598,520,696,548
598,520,696,642
598,520,696,745
598,520,696,469
598,520,696,471
598,520,696,557
598,520,696,971
598,520,696,581
598,520,696,420
598,520,696,660
598,520,696,373
598,520,696,1044
598,520,696,484
598,520,696,717
598,520,696,1314
598,520,696,862
598,520,696,671
598,520,696,936
598,520,696,240
598,520,696,567
598,520,696,800
598,520,696,859
598,520,696,600
598,520,696,183
598,520,696,833
598,520,696,607
598,520,696,548
598,520,696,846
598,520,696,468
598,520,696,793
598,520,696,370
598,520,696,696
598,520,696,707
598,520,696,538
598,520,696,668
598,520,696,556
598,520,696,79
598,520,696,937
598,520,696,115
598,520,696,321
598,520,696,783
598,520,696,140
598,520,696,741
598,520,696,676
598,520,696,660
598,520,696,696
598,520,696,859
598,520,696,610
598,520,696,586
598,520,696,749
598,520,696,1173
598,520,696,888
598,520,696,144
598,520,696,481
598,520,696,635
598,520,696,520
598,520,696,730
598,520,696,505
598,520,696,55
598,520,696,470
598,520,696,618
598,520,696,665
598,520,696,658
598,520,696,130
598,520,696,605
598,520,696,520
598,520,696,850
598,520,696,1165
598,520,696,658
598,520,696,563
598,520,696,693
598,520,696,509
598,520,696,227
598,520,696,696
598,520,696,737
598,520,696,902
598,520,696,720
598,520,696,1278
598,520,696,32
598,520,696,615
598,520,696,170
598,520,696,589
598,520,696,617
598,520,696,461
598,520,696,625
598,520,696,1033
598,520,696,445
598,520,696,620
598,520,696,1200
598,520,696,428
598,520,696,866
598,520,696,630
598,520,696,1020
598,520,696,724
598,520,696,613
598,520,696,389
598,520,696,604
598,520,696,915
598,520,696,443
598,520,696,500
598,520,696,524
598,520,696,57
599,360,360,1860
599,360,360,1986
599,360,360,2087
599,360,360,1733
599,360,360,54
599,360,360,1636
599,360,360,1993
599,360,360,2407
599,360,360,1869
599,360,360,1844
599,360,360,1630
599,360,360,1349
599,360,360,330
599,360,360,1798
599,360,360,2710
599,360,360,1584
599,360,360,121
599,360,360,2464
599,360,360,896
599,360,360,2252
599,360,360,1263
599,360,360,1883
599,360,360,2444
599,360,360,538
599,360,360,498
599,360,360,1907
599,360,360,2173
599,360,360,1699
600,520,696,620
600,520,696,320
600,520,696,468
600,520,696,230
600,520,696,487
600,520,696,69
600,520,696,591
600,520,696,261
600,520,696,692
600,520,696,279
600,520,696,135
600,520,696,457
600,520,696,294
600,520,696,559
600,520,696,191
600,520,696,591
600,520,696,214
600,520,696,924
600,520,696,867
600,520,696,496
600,520,696,616
600,520,696,280
600,520,696,231
600,520,696,128
600,520,696,468
600,520,696,431
601,360,360,26
601,360,360,804
601,360,360,43
601,360,360,480
601,360,360,1775
601,360,360,131
601,360,360,1175
601,360,360,3473
601,360,360,186
601,360,360,1833
601,360,360,1910
601,360,360,2733
601,360,360,1628
601,360,360,2818
601,360,360,3130
601,360,360,1597
601,360,360,1403
601,360,360,1833
601,360,360,2130
601,360,360,312
602,256,256,92
602,256,256,99
603,256,256,85
603,256,256,282
603,256,256,243
603,256,256,271
603,256,256,133
603,256,256,179
604,256,256,171
604,256,256,219
604,256,256,144
604,256,256,292
604,256,256,236
604,256,256,347
604,256,256,118
604,256,256,213
604,256,256,21
604,256,256,148
604,256,256,62
605,256,256,259
605,256,256,48
605,256,256,115
605,256,256,104
605,256,256,207
605,256,256,152
605,256,256,83
605,256,256,229
605,256,256,89
605,256,256,203
605,256,256,98
606,520,696,707
606,520,696,224
606,520,696,704
606,520,696,773
606,520,696,593
606,520,696,769
606,520,696,682
606,520,696,212
606,520,696,638
606,520,696,742
606,520,696,262
606,520,696,472
606,520,696,444
606,520,696,544
606,520,696,545
606,520,696,182
606,520,696,759
606,520,696,536
606,520,696,797
606,520,696,712
606,520,696,776
606,520,696,511
606,520,696,648
606,520,696,480
606,520,696,630
606,520,696,670
606,520,696,580
606,520,696,672
606,520,696,139
606,520,696,641
606,520,696,376
606,520,696,677
606,520,696,683
606,520,696,173
606,520,696,749
606,520,696,667
606,520,696,635
606,520,696,728
606,520,696,619
606,520,696,336
606,520,696,879
606,520,696,502
606,520,696,581
606,520,696,460
606,520,696,620
606,520,696,305
606,520,696,516
606,520,696,610
606,520,696,536
606,520,696,337
606,520,696,113
606,520,696,691
606,520,696,120
606,520,696,472
606,520,696,654
606,520,696,438
606,520,696,662
606,520,696,786
606,520,696,852
606,520,696,650
606,520,696,785
606,520,696,581
606,520,696,314
606,520,696,529
606,520,696,617
606,520,696,570
606,520,696,635
606,520,696,480
606,520,696,663
606,520,696,661
606,520,696,563
606,520,696,40
606,520,696,771
606,520,696,581
606,520,696,739
606,520,696,86
606,520,696,639
606,520,696,787
606,520,696,860
606,520,696,539
606,520,696,432
606,520,696,670
606,520,696,442
606,520,696,268
606,520,696,799
606,520,696,1071
606,520,696,656
606,520,696,685
606,520,696,686
606,520,696,477
606,520,696,514
606,520,696,553
606,520,696,535
606,520,696,356
606,520,696,643
606,520,696,733
606,520,696,382
606,520,696,630
606,520,696,475
606,520,696,437
606,520,696,450
606,520,696,491
606,520,696,530
606,520,696,584
606,520,696,647
606,520,696,408
606,520,696,440
606,520,696,527
606,520,696,461
606,520,696,681
606,520,696,448
606,520,696,691
606,520,696,894
606,520,696,117
606,520,696,743
606,520,696,441
606,520,696,551
606,520,696,696
606,520,696,686
606,520,696,610
606,520,696,706
606,520,696,788
606,520,696,703
606,520,696,490
606,520,696,711
606,520,696,378
606,520,696,461
606,520,696,358
606,520,696,593
606,520,696,507
606,520,696,525
606,520,696,696
606,520,696,625
606,520,696,648
606,520,696,441
606,520,696,824
606,520,696,672
606,520,696,847
606,520,696,507
606,520,696,573
606,520,696,573
606,520,696,742
606,520,696,83
606,520,696,616
606,520,696,637
606,520,696,525
606,520,696,430
606,520,696,547
606,520,696,328
606,520,696,684
607,256,256,679
607,256,256,934
607,256,256,27
607,256,256,281
607,256,256,411
607,256,256,1235
607,256,256,81
607,256,256,97
607,256,256,430
607,256,256,317
607,256,256,106
607,256,256,419
607,256,256,310
607,256,256,333
607,256,256,219
607,256,256,389
607,256,256,511
607,256,256,278
607,256,256,381
607,256,256,362
607,256,256,127
607,256,256,631
607,256,256,633
607,256,256,159
607,256,256,302
607,256,256,341
607,256,256,379
607,256,256,336
607,256,256,493
607,256,256,1047
607,256,256,369
607,256,256,602
607,256,256,392
607,256,256,113
607,256,256,126
607,256,256,1932
607,256,256,398
607,256,256,510
607,256,256,355
607,256,256,454
607,256,256,255
607,256,256,1039
607,256,256,780
607,256,256,51
607,256,256,315
607,256,256,423
607,256,256,423
608,256,256,126
608,256,256,53
608,256,256,155
608,256,256,82
608,256,256,90
608,256,256,58
608,256,256,175
608,256,256,149
608,256,256,61
608,256,256,60
608,256,256,49
608,256,256,170
608,256,256,85
608,256,256,100
608,256,256,157
608,256,256,52
608,256,256,60
608,256,256,63
608,256,256,30
608,256,256,121
608,256,256,91
608,256,256,73
608,256,256,108
608,256,256,146
608,256,256,76
608,256,256,45
608,256,256,91
609,256,256,37
609,256,256,79
609,256,256,44
609,256,256,116
609,256,256,175
609,256,256,94
609,256,256,153
609,256,256,148
609,256,256,86
609,256,256,105
609,256,256,159
609,256,256,61
610,256,256,128
610,256,256,129
610,256,256,152
610,256,256,130
610,256,256,95
610,256,256,183
610,256,256,100
610,256,256,118
610,256,256,42
610,256,256,126
610,256,256,122
610,256,256,121
610,256,256,94
610,256,256,135
610,256,256,137
610,256,256,131
610,256,256,57
610,256,256,140
610,256,256,102
610,256,256,142
610,256,256,109
610,256,256,100
610,256,256,33
610,256,256,113
610,256,256,131
610,256,256,86
610,256,256,119
610,256,256,154
610,256,256,117
610,256,256,136
610,256,256,94
610,256,256,159
610,256,256,150
610,256,256,119
610,256,256,141
610,256,256,135
610,256,256,140
610,256,256,153
610,256,256,137
610,256,256,118
611,256,320,381
611,256,320,331
611,256,320,2223
611,256,320,278
611,256,320,347
611,256,320,342
611,256,320,764
611,256,320,107
611,256,320,509
611,256,320,419
611,256,320,188
611,256,320,155
611,256,320,54
611,256,320,259
611,256,320,280
611,256,320,405
611,256,320,128
611,256,320,297
611,256,320,378
611,256,320,199
611,256,320,446
611,256,320,2163
611,256,320,80
611,256,320,682
611,256,320,453
611,256,320,357
611,256,320,210
611,256,320,277
611,256,320,454
611,256,320,66
611,256,320,609
611,256,320,1775
611,256,320,546
611,256,320,1639
611,256,320,394
611,256,320,175
611,256,320,1673
611,256,320,878
611,256,320,47
611,256,320,599
611,256,320,259
611,256,320,2592
612,256,256,210
612,256,256,179
612,256,256,79
612,256,256,200
612,256,256,170
612,256,256,261
613,256,320,692
613,256,320,394
613,256,320,679
613,256,320,188
613,256,320,376
613,256,320,66
613,256,320,1248
613,256,320,271
613,256,320,205
613,256,320,962
613,256,320,970
613,256,320,361
613,256,320,408
613,256,320,528
613,256,320,28
613,256,320,307
613,256,320,384
613,256,320,805
613,256,320,653
613,256,320,216
613,256,320,582
613,256,320,434
613,256,320,238
613,256,320,351
613,256,320,471
613,256,320,471
613,256,320,293
613,256,320,421
613,256,320,1442
613,256,320,337
613,256,320,186
613,256,320,365
613,256,320,361
613,256,320,454
613,256,320,535
613,256,320,915
613,256,320,202
613,256,320,179
613,256,320,434
613,256,320,21
613,256,320,137
613,256,320,306
613,256,320,323
613,256,320,368
613,256,320,192
613,256,320,114
613,256,320,1014
613,256,320,394
613,256,320,546
613,256,320,100
613,256,320,558
613,256,320,425
613,256,320,562
613,256,320,711
613,256,320,267
613,256,320,1105
613,256,320,984
613,256,320,377
613,256,320,470
614,256,256,243
614,256,256,265
614,256,256,260
614,256,256,139
614,256,256,182
614,256,256,118
614,256,256,257
614,256,256,92
615,256,320,2320
615,256,320,1223
615,256,320,749
615,256,320,2318
615,256,320,64
615,256,320,102
615,256,320,1882
615,256,320,715
615,256,320,2110
615,256,320,1960
615,256,320,2956
615,256,320,3273
615,256,320,1971
615,256,320,2052
615,256,320,321
615,256,320,641
615,256,320,115
615,256,320,2866
615,256,320,2122
616,256,256,78
616,256,256,139
616,256,256,76
616,256,256,161
616,256,256,173
616,256,256,161
616,256,256,199
616,256,256,268
616,256,256,68
617,256,256,68
617,256,256,92
617,256,256,46
617,256,256,49
617,256,256,44
617,256,256,66
617,256,256,107
617,256,256,61
617,256,256,49
617,256,256,128
617,256,256,116
618,520,696,626
618,520,696,65
618,520,696,888
618,520,696,522
618,520,696,484
618,520,696,789
618,520,696,707
618,520,696,1097
618,520,696,655
618,520,696,631
618,520,696,1039
618,520,696,415
618,520,696,602
618,520,696,548
618,520,696,796
618,520,696,899
618,520,696,396
618,520,696,752
618,520,696,686
618,520,696,582
618,520,696,558
618,520,696,1014
618,520,696,681
618,520,696,505
618,520,696,952
618,520,696,586
618,520,696,565
618,520,696,133
618,520,696,928
618,520,696,490
618,520,696,799
618,520,696,820
618,520,696,271
618,520,696,1094
618,520,696,832
618,520,696,1018
618,520,696,847
618,520,696,738
618,520,696,713
618,520,696,648
618,520,696,511
618,520,696,978
618,520,696,742
618,520,696,952
618,520,696,670
618,520,696,510
618,520,696,889
618,520,696,267
618,520,696,794
618,520,696,591
618,520,696,630
618,520,696,672
618,520,696,582
618,520,696,1029
618,520,696,633
618,520,696,688
618,520,696,81
618,520,696,301
618,520,696,500
618,520,696,538
618,520,696,63
618,520,696,647
618,520,696,884
618,520,696,615
618,520,696,717
618,520,696,975
618,520,696,949
618,520,696,754
618,520,696,467
618,520,696,723
618,520,696,683
618,520,696,768
618,520,696,1168
618,520,696,772
618,520,696,1141
618,520,696,649
618,520,696,939
618,520,696,643
618,520,696,680
618,520,696,897
618,520,696,510
618,520,696,963
618,520,696,636
618,520,696,648
618,520,696,940
618,520,696,640
618,520,696,53
618,520,696,441
618,520,696,540
618,520,696,477
618,520,696,756
618,520,696,239
618,520,696,931
618,520,696,967
618,520,696,102
618,520,696,739
618,520,696,490
618,520,696,631
618,520,696,1282
618,520,696,804
618,520,696,579
618,520,696,738
618,520,696,915
618,520,696,638
618,520,696,744
618,520,696,619
618,520,696,687
618,520,696,874
618,520,696,188
618,520,696,632
618,520,696,87
618,520,696,584
618,520,696,682
618,520,696,609
618,520,696,732
618,520,696,937
618,520,696,723
618,520,696,734
618,520,696,96
618,520,696,630
619,256,256,41
619,256,256,60
619,256,256,87
619,256,256,55
619,256,256,131
619,256,256,79
619,256,256,97
619,256,256,57
619,256,256,86
619,256,256,83
619,256,256,59
619,256,256,159
619,256,256,111
619,256,256,80
619,256,256,142
619,256,256,121
619,256,256,88
619,256,256,29
619,256,256,154
619,256,256,85
619,256,256,54
619,256,256,89
619,256,256,72
619,256,256,120
619,256,256,85
619,256,256,53
619,256,256,140
619,256,256,81
619,256,256,41
619,256,256,113
619,256,256,95
619,256,256,86
619,256,256,150
619,256,256,28
619,256,256,109
619,256,256,144
619,256,256,105
619,256,256,128
619,256,256,63
619,256,256,87
619,256,256,159
619,256,256,94
619,256,256,72
619,256,256,63
619,256,256,92
619,256,256,117
619,256,256,82
619,256,256,95
619,256,256,61
619,256,256,51
619,256,256,71
619,256,256,237
619,256,256,55
619,256,256,78
619,256,256,67
619,256,256,125
619,256,256,82
619,256,256,88
619,256,256,69
619,256,256,82
619,256,256,130
619,256,256,68
619,256,256,63
619,256,256,92
619,256,256,119
619,256,256,237
619,256,256,121
619,256,256,133
619,256,256,50
619,256,256,124
619,256,256,286
619,256,256,123
619,256,256,120
619,256,256,106
619,256,256,104
619,256,256,137
620,256,320,291
620,256,320,374
620,256,320,398
620,256,320,454
620,256,320,340
620,256,320,659
620,256,320,389
620,256,320,579
620,256,320,95
620,256,320,586
620,256,320,606
620,256,320,307
620,256,320,458
620,256,320,764
620,256,320,287
620,256,320,843
620,256,320,797
620,256,320,491
620,256,320,425
620,256,320,237
620,256,320,92
620,256,320,693
620,256,320,358
620,256,320,42
620,256,320,356
620,256,320,462
620,256,320,505
620,256,320,415
620,256,320,325
620,256,320,976
620,256,320,681
620,256,320,459
620,256,320,124
620,256,320,466
620,256,320,156
620,256,320,424
620,256,320,156
620,256,320,262
620,256,320,441
620,256,320,413
620,256,320,289
620,256,320,507
621,256,256,72
621,256,256,67
621,256,256,113
621,256,256,71
621,256,256,33
621,256,256,77
621,256,256,110
621,256,256,41
621,256,256,21
621,256,256,60
621,256,256,59
621,256,256,59
621,256,256,83
621,256,256,93
621,256,256,37
621,256,256,48
621,256,256,65
621,256,256,82
621,256,256,40
621,256,256,63
621,256,256,47
621,256,256,116
621,256,256,49
621,256,256,97
621,256,256,46
621,256,256,50
621,256,256,77
621,256,256,126
621,256,256,47
621,256,256,67
621,256,256,46
621,256,256,58
621,256,256,57
621,256,256,142
621,256,256,97
621,256,256,101
621,256,256,89
621,256,256,93
621,256,256,81
621,256,256,68
621,256,256,104
621,256,256,125
621,256,256,66
621,256,256,95
621,256,256,70
621,256,256,117
621,256,256,98
621,256,256,115
621,256,256,63
621,256,256,88
621,256,256,26
621,256,256,72
621,256,256,55
621,256,256,26
621,256,256,76
621,256,256,47
621,256,256,111
621,256,256,44
621,256,256,63
621,256,256,91
621,256,256,166
621,256,256,56
621,256,256,64
621,256,256,21
621,256,256,82
621,256,256,69
621,256,256,38
621,256,256,38
621,256,256,51
621,256,256,103
621,256,256,28
621,256,256,135
621,256,256,77
621,256,256,41
621,256,256,124
621,256,256,21
621,256,256,31
621,256,256,99
621,256,256,134
621,256,256,21
621,256,256,65
621,256,256,81
621,256,256,78
621,256,256,54
621,256,256,71
621,256,256,47
621,256,256,76
621,256,256,101
621,256,256,77
621,256,256,114
621,256,256,31
622,256,256,350
622,256,256,331
622,256,256,429
622,256,256,540
622,256,256,409
622,256,256,471
622,256,256,522
622,256,256,358
622,256,256,238
622,256,256,299
622,256,256,547
622,256,256,424
622,256,256,372
622,256,256,381
622,256,256,495
622,256,256,283
622,256,256,389
622,256,256,355
622,256,256,336
622,256,256,448
622,256,256,501
622,256,256,361
622,256,256,279
622,256,256,414
622,256,256,174
622,256,256,505
622,256,256,182
622,256,256,533
622,256,256,408
622,256,256,25
622,256,256,366
622,256,256,460
622,256,256,142
622,256,256,268
622,256,256,469
622,256,256,201
622,256,256,459
622,256,256,49
622,256,256,372
622,256,256,442
622,256,256,423
622,256,256,318
622,256,256,278
622,256,256,101
622,256,256,927
622,256,256,492
622,256,256,368
622,256,256,300
622,256,256,61
623,256,256,49
623,256,256,53
623,256,256,66
623,256,256,28
623,256,256,70
623,256,256,49
623,256,256,154
623,256,256,46
623,256,256,81
623,256,256,90
623,256,256,21
623,256,256,96
623,256,256,79
623,256,256,70
623,256,256,57
623,256,256,55
623,256,256,62
623,256,256,32
623,256,256,67
623,256,256,116
623,256,256,21
623,256,256,64
623,256,256,81
623,256,256,64
623,256,256,69
623,256,256,128
623,256,256,33
623,256,256,44
623,256,256,54
623,256,256,64
623,256,256,105
623,256,256,77
623,256,256,55
623,256,256,77
623,256,256,70
623,256,256,68
623,256,256,114
623,256,256,62
623,256,256,21
623,256,256,89
623,256,256,49
623,256,256,60
623,256,256,21
623,256,256,58
623,256,256,31
623,256,256,77
623,256,256,54
623,256,256,78
623,256,256,21
623,256,256,53
623,256,256,71
623,256,256,75
623,256,256,115
623,256,256,71
623,256,256,21
623,256,256,68
623,256,256,21
623,256,256,101
623,256,256,86
623,256,256,21
623,256,256,50
623,256,256,61
623,256,256,70
623,256,256,74
623,256,256,84
624,256,256,55
624,256,256,70
624,256,256,33
624,256,256,94
624,256,256,106
624,256,256,66
624,256,256,86
624,256,256,130
624,256,256,112
624,256,256,29
624,256,256,81
624,256,256,108
624,256,256,106
624,256,256,54
624,256,256,126
624,256,256,74
624,256,256,166
624,256,256,66
624,256,256,86
624,256,256,117
624,256,256,26
624,256,256,143
624,256,256,136
624,256,256,68
624,256,256,92
624,256,256,137
624,256,256,83
624,256,256,50
624,256,256,105
624,256,256,64
624,256,256,76
624,256,256,85
624,256,256,56
624,256,256,79
624,256,256,88
624,256,256,123
624,256,256,133
624,256,256,26
624,256,256,83
624,256,256,77
624,256,256,146
624,256,256,53
624,256,256,57
624,256,256,48
624,256,256,54
624,256,256,58
624,256,256,83
624,256,256,36
624,256,256,62
624,256,256,95
625,256,320,498
625,256,320,344
625,256,320,270
625,256,320,201
625,256,320,343
625,256,320,288
625,256,320,501
625,256,320,505
625,256,320,236
625,256,320,340
625,256,320,533
625,256,320,69
625,256,320,630
625,256,320,358
625,256,320,167
625,256,320,43
625,256,320,585
625,256,320,138
625,256,320,304
625,256,320,255
625,256,320,247
625,256,320,240
625,256,320,247
625,256,320,441
625,256,320,829
625,256,320,476
625,256,320,556
625,256,320,109
625,256,320,74
625,256,320,265
625,256,320,418
625,256,320,399
625,256,320,358
625,256,320,397
625,256,320,306
625,256,320,514
625,256,320,485
625,256,320,542
625,256,320,259
625,256,320,297
625,256,320,434
625,256,320,246
625,256,320,105
625,256,320,558
625,256,320,486
625,256,320,45
625,256,320,305
625,256,320,1342
625,256,320,382
625,256,320,438
625,256,320,408
625,256,320,468
625,256,320,189
625,256,320,112
625,256,320,165
625,256,320,196
625,256,320,329
625,256,320,442
625,256,320,52
625,256,320,574
625,256,320,948
625,256,320,85
625,256,320,504
625,256,320,652
625,256,320,258
625,256,320,458
625,256,320,278
625,256,320,379
625,256,320,133
625,256,320,374
625,256,320,345
625,256,320,423
625,256,320,176
625,256,320,726
625,256,320,380
626,256,256,587
626,256,256,391
626,256,256,589
626,256,256,585
626,256,256,337
626,256,256,71
626,256,256,434
626,256,256,549
626,256,256,548
626,256,256,474
626,256,256,246
626,256,256,372
626,256,256,533
626,256,256,343
626,256,256,800
626,256,256,368
626,256,256,277
626,256,256,370
626,256,256,590
626,256,256,593
626,256,256,334
626,256,256,133
626,256,256,160
626,256,256,255
626,256,256,389
626,256,256,383
626,256,256,365
626,256,256,290
626,256,256,355
626,256,256,305
626,256,256,288
626,256,256,458
627,520,696,1357
627,520,696,1397
627,520,696,2134
627,520,696,588
627,520,696,971
627,520,696,2197
627,520,696,2102
627,520,696,1725
627,520,696,1276
627,520,696,2209
627,520,696,2170
627,520,696,1683
627,520,696,1602
627,520,696,1121
627,520,696,1860
627,520,696,1000
627,520,696,757
627,520,696,1828
627,520,696,2146
627,520,696,2182
627,520,696,460
627,520,696,1968
627,520,696,1876
627,520,696,2077
627,520,696,771
627,520,696,1758
627,520,696,2238
627,520,696,1971
628,256,256,212
628,256,256,192
628,256,256,111
628,256,256,181
628,256,256,157
628,256,256,94
628,256,256,80
628,256,256,289
628,256,256,156
628,256,256,192
628,256,256,155
628,256,256,196
629,360,360,837
629,360,360,2324
629,360,360,77
629,360,360,1268
629,360,360,395
629,360,360,3187
629,360,360,1853
629,360,360,1351
629,360,360,1946
629,360,360,3193
629,360,360,3520
629,360,360,1872
629,360,360,2050
629,360,360,130
629,360,360,524
629,360,360,1920
629,360,360,472
629,360,360,207
629,360,360,331
629,360,360,1782
629,360,360,395
629,360,360,723
629,360,360,1667
629,360,360,1877
630,360,360,1507
630,360,360,32
630,360,360,284
630,360,360,1199
630,360,360,2031
630,360,360,1626
630,360,360,2230
630,360,360,1682
630,360,360,1716
630,360,360,2429
630,360,360,2158
630,360,360,2297
630,360,360,2122
630,360,360,1184
630,360,360,2352
630,360,360,3000
630,360,360,2605
630,360,360,112
630,360,360,2746
630,360,360,1723
630,360,360,1608
630,360,360,1630
630,360,360,1274
630,360,360,2813
631,256,256,201
631,256,256,145
631,256,256,112
631,256,256,174
631,256,256,135
631,256,256,265
631,256,256,427
631,256,256,354
631,256,256,186
631,256,256,119
631,256,256,127
631,256,256,123
631,256,256,157
631,256,256,168
631,256,256,64
631,256,256,189
631,256,256,37
631,256,256,67
631,256,256,129
631,256,256,176
631,256,256,144
631,256,256,198
631,256,256,168
631,256,256,128
631,256,256,119
631,256,256,21
631,256,256,141
631,256,256,166
631,256,256,116
631,256,256,89
632,256,256,458
632,256,256,536
632,256,256,342
632,256,256,198
632,256,256,106
632,256,256,438
632,256,256,473
632,256,256,412
632,256,256,152
632,256,256,549
632,256,256,32
632,256,256,21
632,256,256,440
632,256,256,436
632,256,256,325
632,256,256,416
632,256,256,454
632,256,256,425
632,256,256,443
632,256,256,419
632,256,256,516
632,256,256,336
632,256,256,415
632,256,256,520
632,256,256,340
632,256,256,397
632,256,256,495
632,256,256,510
632,256,256,169
632,256,256,380
632,256,256,569
632,256,256,405
632,256,256,411
632,256,256,119
632,256,256,466
632,256,256,1297
632,256,256,373
632,256,256,413
632,256,256,412
632,256,256,864
632,256,256,355
632,256,256,388
632,256,256,477
632,256,256,374
632,256,256,439
632,256,256,346
632,256,256,424
632,256,256,465
632,256,256,86
632,256,256,113
632,256,256,248
632,256,256,470
633,603,1272,683
633,603,1272,107
633,603,1272,93
633,603,1272,285
633,603,1272,304
633,603,1272,228
633,603,1272,307
633,603,1272,194
633,603,1272,289
633,603,1272,265
633,603,1272,414
633,603,1272,294
633,603,1272,446
633,603,1272,230
633,603,1272,383
633,603,1272,320
633,603,1272,437
633,603,1272,377
633,603,1272,129
633,603,1272,340
633,603,1272,211
633,603,1272,105
633,603,1272,70
633,603,1272,207
633,603,1272,359
633,603,1272,403
633,603,1272,131
633,603,1272,178
633,603,1272,133
633,603,1272,564
633,603,1272,330
633,603,1272,267
633,603,1272,264
633,603,1272,275
633,603,1272,232
633,603,1272,213
633,603,1272,234
633,603,1272,453
633,603,1272,367
633,603,1272,262
633,603,1272,208
633,603,1272,105
633,603,1272,247
633,603,1272,408
633,603,1272,109
633,603,1272,123
633,603,1272,446
633,603,1272,535
633,603,1272,54
633,603,1272,216
633,603,1272,352
633,603,1272,211
633,603,1272,401
633,603,1272,92
633,603,1272,528
633,603,1272,354
633,603,1272,122
633,603,1272,351
633,603,1272,169
633,603,1272,63
633,603,1272,330
633,603,1272,373
633,603,1272,427
633,603,1272,486
633,603,1272,469
633,603,1272,92
633,603,1272,363
633,603,1272,186
633,603,1272,143
633,603,1272,303
633,603,1272,60
633,603,1272,223
633,603,1272,225
633,603,1272,234
633,603,1272,330
633,603,1272,152
633,603,1272,329
633,603,1272,267
633,603,1272,67
633,603,1272,69
633,603,1272,64
633,603,1272,297
633,603,1272,465
633,603,1272,294
633,603,1272,190
633,603,1272,74
633,603,1272,234
633,603,1272,50
633,603,1272,142
633,603,1272,146
633,603,1272,407
633,603,1272,554
633,603,1272,166
633,603,1272,214
633,603,1272,51
633,603,1272,208
633,603,1272,47
633,603,1272,171
633,603,1272,266
633,603,1272,40
633,603,1272,91
633,603,1272,345
633,603,1272,67
633,603,1272,397
633,603,1272,239
633,603,1272,215
633,603,1272,167
633,603,1272,276
633,603,1272,225
633,603,1272,202
633,603,1272,205
633,603,1272,246
633,603,1272,145
633,603,1272,217
633,603,1272,181
633,603,1272,429
633,603,1272,188
633,603,1272,237
633,603,1272,316
633,603,1272,328
633,603,1272,278
633,603,1272,284
633,603,1272,298
633,603,1272,325
633,603,1272,95
633,603,1272,217
633,603,1272,353
633,603,1272,316
633,603,1272,307
633,603,1272,290
633,603,1272,320
633,603,1272,324
633,603,1272,67
633,603,1272,67
633,603,1272,384
633,603,1272,211
633,603,1272,278
633,603,1272,262
633,603,1272,106
633,603,1272,287
633,603,1272,69
633,603,1272,303
633,603,1272,91
633,603,1272,314
633,603,1272,399
633,603,1272,429
633,603,1272,261
633,603,1272,125
633,603,1272,423
633,603,1272,77
633,603,1272,42
633,603,1272,96
633,603,1272,298
633,603,1272,135
633,603,1272,310
633,603,1272,102
633,603,1272,323
633,603,1272,373
633,603,1272,97
633,603,1272,182
633,603,1272,473
633,603,1272,378
633,603,1272,221
633,603,1272,529
633,603,1272,105
633,603,1272,438
633,603,1272,314
633,603,1272,416
633,603,1272,130
633,603,1272,469
633,603,1272,369
633,603,1272,424
633,603,1272,411
633,603,1272,291
633,603,1272,219
633,603,1272,62
633,603,1272,172
633,603,1272,105
633,603,1272,95
633,603,1272,247
633,603,1272,344
633,603,1272,440
633,603,1272,343
633,603,1272,307
633,603,1272,289
633,603,1272,105
633,603,1272,184
633,603,1272,266
633,603,1272,374
633,603,1272,374
633,603,1272,257
633,603,1272,286
633,603,1272,105
633,603,1272,83
633,603,1272,376
633,603,1272,280
633,603,1272,58
633,603,1272,149
633,603,1272,187
634,256,256,199
634,256,256,194
634,256,256,242
634,256,256,171
634,256,256,152
634,256,256,124
634,256,256,203
634,256,256,170
634,256,256,142
635,256,256,159
635,256,256,134
635,256,256,122
635,256,256,367
635,256,256,138
635,256,256,55
635,256,256,52
635,256,256,74
635,256,256,144
635,256,256,105
635,256,256,145
635,256,256,167
635,256,256,140
635,256,256,100
635,256,256,214
635,256,256,217
635,256,256,186
635,256,256,159
636,256,256,514
636,256,256,347
636,256,256,186
636,256,256,213
636,256,256,361
636,256,256,300
636,256,256,120
636,256,256,282
636,256,256,253
636,256,256,267
636,256,256,345
636,256,256,292
636,256,256,564
636,256,256,257
636,256,256,234
636,256,256,396
636,256,256,232
636,256,256,167
636,256,256,246
636,256,256,288
636,256,256,291
636,256,256,115
636,256,256,297
636,256,256,381
636,256,256,228
636,256,256,240
636,256,256,318
636,256,256,348
636,256,256,297
636,256,256,148
636,256,256,86
636,256,256,191
636,256,256,366
636,256,256,92
636,256,256,274
636,256,256,242
636,256,256,321
636,256,256,280
636,256,256,151
636,256,256,230
636,256,256,634
636,256,256,327
636,256,256,349
636,256,256,245
636,256,256,255
636,256,256,283
636,256,256,212
637,256,320,826
637,256,320,1276
637,256,320,527
637,256,320,21
637,256,320,671
637,256,320,236
637,256,320,159
637,256,320,78
637,256,320,1348
638,603,1272,26
638,603,1272,90
638,603,1272,71
638,603,1272,148
638,603,1272,86
638,603,1272,60
638,603,1272,134
638,603,1272,59
638,603,1272,166
638,603,1272,87
638,603,1272,41
638,603,1272,121
638,603,1272,126
638,603,1272,59
638,603,1272,102
638,603,1272,177
638,603,1272,176
638,603,1272,223
638,603,1272,68
638,603,1272,152
638,603,1272,175
638,603,1272,147
638,603,1272,68
638,603,1272,130
638,603,1272,107
638,603,1272,275
638,603,1272,64
638,603,1272,179
638,603,1272,115
638,603,1272,147
638,603,1272,82
638,603,1272,236
638,603,1272,80
638,603,1272,114
638,603,1272,124
638,603,1272,94
638,603,1272,26
638,603,1272,169
638,603,1272,99
638,603,1272,207
638,603,1272,193
638,603,1272,81
638,603,1272,42
638,603,1272,205
638,603,1272,91
638,603,1272,36
638,603,1272,170
638,603,1272,72
638,603,1272,45
638,603,1272,40
638,603,1272,149
638,603,1272,95
638,603,1272,39
638,603,1272,149
638,603,1272,131
638,603,1272,130
638,603,1272,208
638,603,1272,101
638,603,1272,102
638,603,1272,143
638,603,1272,129
638,603,1272,103
638,603,1272,94
638,603,1272,57
638,603,1272,52
638,603,1272,217
638,603,1272,186
638,603,1272,175
639,520,696,2314
639,520,696,1541
639,520,696,795
639,520,696,2082
639,520,696,2794
639,520,696,1189
639,520,696,1821
639,520,696,1999
639,520,696,2569
639,520,696,362
639,520,696,2168
639,520,696,2027
639,520,696,1932
639,520,696,2382
640,256,256,160
640,256,256,283
640,256,256,90
640,256,256,438
640,256,256,163
640,256,256,348
640,256,256,155
640,256,256,157
640,256,256,172
640,256,256,330
640,256,256,53
640,256,256,151
640,256,256,411
640,256,256,109
640,256,256,243
640,256,256,152
640,256,256,21
640,256,256,295
641,256,256,169
641,256,256,312
641,256,256,138
641,256,256,320
641,256,256,171
641,256,256,194
641,256,256,255
641,256,256,28
641,256,256,135
641,256,256,138
641,256,256,159
641,256,256,226
642,256,256,251
642,256,256,410
642,256,256,740
642,256,256,87
642,256,256,21
642,256,256,197
642,256,256,344
642,256,256,48
642,256,256,696
642,256,256,291
642,256,256,206
642,256,256,373
642,256,256,21
642,256,256,21
642,256,256,533
642,256,256,216
642,256,256,21
642,256,256,377
642,256,256,287
642,256,256,264
642,256,256,353
642,256,256,21
642,256,256,25
642,256,256,21
642,256,256,21
642,256,256,647
642,256,256,467
642,256,256,215
642,256,256,416
642,256,256,271
642,256,256,233
642,256,256,311
642,256,256,236
642,256,256,480
642,256,256,171
642,256,256,178
642,256,256,394
642,256,256,179
642,256,256,30
642,256,256,21
642,256,256,39
642,256,256,307
642,256,256,178
642,256,256,21
642,256,256,222
642,256,256,339
642,256,256,201
642,256,256,540
642,256,256,590
642,256,256,21
642,256,256,21
642,256,256,28
642,256,256,298
642,256,256,21
642,256,256,255
642,256,256,307
642,256,256,294
642,256,256,117
642,256,256,21
642,256,256,231
642,256,256,310
642,256,256,21
642,256,256,401
642,256,256,21
642,256,256,125
642,256,256,269
642,256,256,402
642,256,256,282
642,256,256,80
642,256,256,21
642,256,256,425
642,256,256,21
642,256,256,364
642,256,256,472
642,256,256,106
642,256,256,59
642,256,256,21
642,256,256,845
642,256,256,549
642,256,256,145
642,256,256,255
642,256,256,277
642,256,256,352
642,256,256,358
642,256,256,478
642,256,256,409
642,256,256,323
642,256,256,328
642,256,256,525
642,256,256,114
642,256,256,317
642,256,256,195
643,256,256,93
643,256,256,145
643,256,256,230
643,256,256,161
643,256,256,32
643,256,256,88
643,256,256,173
643,256,256,58
644,360,360,194
644,360,360,2606
644,360,360,687
644,360,360,3016
644,360,360,974
644,360,360,2515
644,360,360,2872
644,360,360,2892
644,360,360,3613
644,360,360,3357
644,360,360,1142
644,360,360,657
644,360,360,3124
644,360,360,1906
644,360,360,2361
644,360,360,4335
644,360,360,2705
645,512,640,1499
645,512,640,1333
645,512,640,960
645,512,640,1192
645,512,640,1903
645,512,640,1257
645,512,640,667
645,512,640,996
645,512,640,141
645,512,640,1997
645,512,640,982
645,512,640,2139
645,512,640,98
645,512,640,988
645,512,640,1249
645,512,640,1366
645,512,640,1879
645,512,640,1129
645,512,640,641
645,512,640,901
645,512,640,1639
645,512,640,662
645,512,640,771
645,512,640,379
645,512,640,1284
645,512,640,1230
645,512,640,1007
645,512,640,184
645,512,640,255
645,512,640,153
645,512,640,911
645,512,640,575
645,512,640,1069
645,512,640,1113
645,512,640,211
645,512,640,1314
645,512,640,811
645,512,640,362
645,512,640,24
645,512,640,1108
645,512,640,1944
645,512,640,1086
645,512,640,1524
645,512,640,630
645,512,640,383
645,512,640,402
645,512,640,1120
645,512,640,919
645,512,640,879
645,512,640,240
645,512,640,780
645,512,640,1415
645,512,640,1085
645,512,640,178
646,256,256,367
646,256,256,297
646,256,256,344
646,256,256,251
646,256,256,283
646,256,256,298
646,256,256,362
646,256,256,362
646,256,256,373
646,256,256,363
646,256,256,409
646,256,256,231
646,256,256,326
646,256,256,32
646,256,256,533
646,256,256,465
646,256,256,213
646,256,256,361
646,256,256,415
646,256,256,321
646,256,256,326
646,256,256,470
646,256,256,310
646,256,256,331
646,256,256,455
646,256,256,207
646,256,256,402
646,256,256,236
646,256,256,316
646,256,256,89
646,256,256,430
646,256,256,342
646,256,256,553
646,256,256,394
646,256,256,355
646,256,256,284
646,256,256,323
647,256,320,791
647,256,320,242
647,256,320,576
647,256,320,1033
647,256,320,752
647,256,320,455
647,256,320,433
647,256,320,943
647,256,320,1422
647,256,320,51
647,256,320,563
647,256,320,1034
647,256,320,137
647,256,320,309
647,256,320,834
647,256,320,547
647,256,320,618
647,256,320,876
647,256,320,152
647,256,320,551
647,256,320,202
647,256,320,653
647,256,320,75
647,256,320,156
647,256,320,1321
647,256,320,654
648,256,256,150
648,256,256,156
648,256,256,132
648,256,256,185
648,256,256,161
648,256,256,358
648,256,256,149
648,256,256,248
648,256,256,87
648,256,256,101
648,256,256,220
649,256,256,266
649,256,256,102
649,256,256,320
649,256,256,66
649,256,256,172
649,256,256,238
649,256,256,125
649,256,256,122
649,256,256,292
649,256,256,58
649,256,256,41
649,256,256,255
649,256,256,21
649,256,256,65
649,256,256,261
649,256,256,163
649,256,256,120
649,256,256,301
649,256,256,247
649,256,256,204
650,256,256,283
650,256,256,214
650,256,256,129
650,256,256,302
650,256,256,109
650,256,256,57
650,256,256,240
650,256,256,21
650,256,256,21
650,256,256,21
650,256,256,21
650,256,256,432
650,256,256,163
650,256,256,281
650,256,256,313
650,256,256,73
650,256,256,255
650,256,256,255
650,256,256,358
650,256,256,296
650,256,256,21
650,256,256,327
650,256,256,81
650,256,256,251
650,256,256,21
650,256,256,21
650,256,256,232
650,256,256,328
650,256,256,50
650,256,256,21
650,256,256,323
650,256,256,21
650,256,256,326
650,256,256,142
650,256,256,21
650,256,256,240
650,256,256,146
650,256,256,341
650,256,256,21
650,256,256,222
650,256,256,294
650,256,256,69
650,256,256,21
650,256,256,296
650,256,256,21
650,256,256,26
650,256,256,21
650,256,256,257
650,256,256,554
650,256,256,306
650,256,256,54
650,256,256,369
650,256,256,30
650,256,256,250
650,256,256,519
650,256,256,407
650,256,256,22
651,256,256,197
651,256,256,119
651,256,256,42
651,256,256,122
651,256,256,247
651,256,256,123
651,256,256,189
651,256,256,127
651,256,256,122
651,256,256,95
651,256,256,22
651,256,256,163
651,256,256,149
651,256,256,132
651,256,256,140
651,256,256,161
651,256,256,151
651,256,256,139
651,256,256,138
651,256,256,147
651,256,256,155
651,256,256,179
651,256,256,156
651,256,256,59
651,256,256,156
651,256,256,148
651,256,256,200
651,256,256,138
651,256,256,143
651,256,256,169
651,256,256,150
651,256,256,193
652,256,320,124
652,256,320,286
652,256,320,250
652,256,320,120
652,256,320,73
652,256,320,24
652,256,320,141
652,256,320,137
652,256,320,108
652,256,320,70
652,256,320,505
652,256,320,314
652,256,320,132
652,256,320,150
652,256,320,156
652,256,320,148
652,256,320,44
652,256,320,86
652,256,320,95
652,256,320,87
652,256,320,119
652,256,320,250
652,256,320,330
652,256,320,304
652,256,320,310
652,256,320,108
652,256,320,78
652,256,320,137
652,256,320,201
652,256,320,39
652,256,320,217
652,256,320,46
652,256,320,123
652,256,320,129
652,256,320,102
652,256,320,215
652,256,320,56
652,256,320,50
652,256,320,133
652,256,320,91
652,256,320,296
652,256,320,148
652,256,320,103
652,256,320,48
652,256,320,121
652,256,320,279
652,256,320,94
652,256,320,426
652,256,320,123
652,256,320,136
652,256,320,134
652,256,320,212
652,256,320,85
652,256,320,61
652,256,320,216
652,256,320,83
652,256,320,50
652,256,320,32
652,256,320,196
652,256,320,30
652,256,320,137
652,256,320,208
652,256,320,96
652,256,320,170
652,256,320,87
652,256,320,24
652,256,320,92
652,256,320,120
652,256,320,175
652,256,320,109
652,256,320,170
652,256,320,57
652,256,320,197
652,256,320,235
652,256,320,145
652,256,320,119
652,256,320,67
652,256,320,269
652,256,320,43
652,256,320,64
652,256,320,240
652,256,320,109
652,256,320,162
652,256,320,69
652,256,320,76
652,256,320,258
652,256,320,43
652,256,320,74
652,256,320,108
652,256,320,313
652,256,320,75
652,256,320,135
652,256,320,138
652,256,320,86
652,256,320,189
652,256,320,83
652,256,320,95
652,256,320,233
652,256,320,104
652,256,320,167
652,256,320,118
652,256,320,261
652,256,320,235
652,256,320,117
652,256,320,73
652,256,320,206
652,256,320,232
652,256,320,27
652,256,320,288
652,256,320,280
652,256,320,212
652,256,320,88
652,256,320,169
652,256,320,79
652,256,320,132
652,256,320,104
652,256,320,71
652,256,320,108
652,256,320,104
652,256,320,128
652,256,320,179
652,256,320,51
652,256,320,81
652,256,320,90
652,256,320,42
652,256,320,108
652,256,320,132
652,256,320,164
652,256,320,55
652,256,320,191
652,256,320,126
652,256,320,72
652,256,320,249
652,256,320,153
652,256,320,173
652,256,320,213
652,256,320,209
652,256,320,81
652,256,320,164
652,256,320,164
652,256,320,43
652,256,320,77
652,256,320,64
652,256,320,66
652,256,320,74
652,256,320,50
652,256,320,452
652,256,320,120
652,256,320,47
652,256,320,91
652,256,320,166
653,256,256,351
653,256,256,102
653,256,256,98
653,256,256,95
653,256,256,287
653,256,256,291
653,256,256,105
653,256,256,70
653,256,256,137
653,256,256,156
653,256,256,102
653,256,256,155
653,256,256,91
653,256,256,265
653,256,256,154
653,256,256,142
653,256,256,139
653,256,256,149
653,256,256,132
653,256,256,79
654,360,360,6128
654,360,360,86
654,360,360,72
654,360,360,208
654,360,360,2097
654,360,360,205
654,360,360,1087
654,360,360,924
654,360,360,41
654,360,360,2483
654,360,360,2454
654,360,360,885
654,360,360,2264
654,360,360,30
654,360,360,68
654,360,360,39
654,360,360,1715
654,360,360,1406
654,360,360,32
654,360,360,1944
654,360,360,52
654,360,360,195
654,360,360,200
654,360,360,45
654,360,360,174
655,256,256,47
655,256,256,79
655,256,256,104
655,256,256,187
655,256,256,49
655,256,256,28
655,256,256,46
656,256,256,183
656,256,256,153
656,256,256,192
656,256,256,190
656,256,256,36
656,256,256,242
656,256,256,126
656,256,256,169
656,256,256,133
656,256,256,158
656,256,256,127
656,256,256,134
656,256,256,146
656,256,256,148
656,256,256,183
656,256,256,152
656,256,256,160
656,256,256,158
656,256,256,305
656,256,256,155
656,256,256,163
656,256,256,171
656,256,256,155
656,256,256,151
656,256,256,119
656,256,256,162
656,256,256,202
656,256,256,161
656,256,256,161
656,256,256,92
656,256,256,148
656,256,256,151
656,256,256,179
656,256,256,300
656,256,256,93
656,256,256,126
656,256,256,211
656,256,256,155
656,256,256,170
656,256,256,59
656,256,256,133
656,256,256,162
656,256,256,132
657,256,256,72
657,256,256,114
657,256,256,30
657,256,256,44
657,256,256,73
657,256,256,69
657,256,256,140
657,256,256,75
657,256,256,79
657,256,256,52
657,256,256,45
657,256,256,111
657,256,256,110
657,256,256,84
657,256,256,25
657,256,256,101
657,256,256,94
657,256,256,45
657,256,256,41
657,256,256,97
657,256,256,63
657,256,256,243
657,256,256,63
657,256,256,67
657,256,256,110
657,256,256,123
657,256,256,55
657,256,256,38
657,256,256,167
657,256,256,52
657,256,256,112
657,256,256,282
657,256,256,55
657,256,256,88
657,256,256,46
657,256,256,66
657,256,256,78
657,256,256,80
657,256,256,57
658,520,696,714
658,520,696,968
658,520,696,894
658,520,696,614
658,520,696,543
658,520,696,641
658,520,696,690
658,520,696,414
658,520,696,656
658,520,696,554
658,520,696,299
658,520,696,271
658,520,696,697
658,520,696,439
658,520,696,186
658,520,696,365
658,520,696,586
658,520,696,659
658,520,696,799
658,520,696,486
658,520,696,768
658,520,696,731
658,520,696,416
658,520,696,420
658,520,696,487
658,520,696,807
658,520,696,36
658,520,696,674
658,520,696,528
658,520,696,488
658,520,696,390
658,520,696,493
658,520,696,709
658,520,696,280
658,520,696,603
658,520,696,596
658,520,696,905
658,520,696,528
658,520,696,576
658,520,696,693
658,520,696,310
658,520,696,1220
658,520,696,583
658,520,696,349
658,520,696,585
658,520,696,438
658,520,696,475
658,520,696,596
658,520,696,423
658,520,696,534
658,520,696,828
658,520,696,800
658,520,696,382
658,520,696,536
658,520,696,664
658,520,696,111
658,520,696,241
658,520,696,812
658,520,696,395
658,520,696,747
658,520,696,456
658,520,696,415
658,520,696,666
658,520,696,572
658,520,696,421
658,520,696,679
658,520,696,544
658,520,696,547
658,520,696,360
658,520,696,622
658,520,696,658
658,520,696,729
658,520,696,386
658,520,696,612
658,520,696,602
658,520,696,766
658,520,696,622
658,520,696,580
658,520,696,467
658,520,696,528
658,520,696,640
658,520,696,656
658,520,696,473
658,520,696,886
658,520,696,260
658,520,696,510
658,520,696,609
658,520,696,454
658,520,696,612
659,256,256,32
659,256,256,156
659,256,256,131
659,256,256,105
659,256,256,146
659,256,256,134
659,256,256,85
659,256,256,127
659,256,256,243
659,256,256,110
660,256,256,313
660,256,256,322
660,256,256,364
660,256,256,131
660,256,256,509
660,256,256,298
660,256,256,379
660,256,256,234
660,256,256,63
660,256,256,381
660,256,256,51
660,256,256,411
660,256,256,241
660,256,256,300
660,256,256,472
660,256,256,405
660,256,256,450
660,256,256,191
660,256,256,429
660,256,256,123
660,256,256,450
660,256,256,466
660,256,256,294
660,256,256,500
660,256,256,300
660,256,256,313
660,256,256,606
660,256,256,368
660,256,256,94
660,256,256,261
660,256,256,345
660,256,256,251
661,256,256,266
661,256,256,142
661,256,256,93
661,256,256,100
661,256,256,185
662,256,256,238
662,256,256,302
662,256,256,311
662,256,256,627
662,256,256,576
662,256,256,154
662,256,256,96
662,256,256,563
662,256,256,501
662,256,256,403
662,256,256,447
662,256,256,448
662,256,256,718
662,256,256,420
662,256,256,282
662,256,256,399
662,256,256,554
662,256,256,22
662,256,256,310
662,256,256,552
662,256,256,597
662,256,256,145
662,256,256,635
662,256,256,566
662,256,256,617
662,256,256,579
662,256,256,171
662,256,256,489
662,256,256,462
662,256,256,83
662,256,256,680
662,256,256,367
662,256,256,409
662,256,256,490
662,256,256,486
662,256,256,578
662,256,256,99
662,256,256,631
662,256,256,630
662,256,256,543
662,256,256,397
662,256,256,607
662,256,256,596
662,256,256,345
662,256,256,372
662,256,256,593
662,256,256,451
662,256,256,361
662,256,256,478
662,256,256,23
662,256,256,615
662,256,256,205
663,256,256,472
663,256,256,48
663,256,256,318
663,256,256,469
663,256,256,238
663,256,256,296
663,256,256,248
663,256,256,343
663,256,256,333
663,256,256,248
663,256,256,302
663,256,256,479
663,256,256,499
663,256,256,291
663,256,256,494
663,256,256,138
663,256,256,296
663,256,256,196
663,256,256,214
663,256,256,254
663,256,256,361
663,256,256,295
663,256,256,111
663,256,256,189
663,256,256,249
663,256,256,248
663,256,256,432
663,256,256,306
663,256,256,274
663,256,256,522
664,520,696,2598
664,520,696,1349
664,520,696,2496
664,520,696,1719
664,520,696,1886
664,520,696,82
664,520,696,1991
664,520,696,2743
664,520,696,1430
664,520,696,1673
664,520,696,2062
665,256,256,169
665,256,256,138
665,256,256,63
665,256,256,175
665,256,256,75
665,256,256,130
665,256,256,178
665,256,256,155
665,256,256,75
665,256,256,75
665,256,256,207
665,256,256,72
665,256,256,235
666,256,256,35
666,256,256,53
666,256,256,74
666,256,256,33
666,256,256,87
666,256,256,87
666,256,256,88
666,256,256,83
666,256,256,88
666,256,256,50
666,256,256,71
666,256,256,56
666,256,256,35
666,256,256,23
666,256,256,84
666,256,256,73
666,256,256,78
666,256,256,87
666,256,256,63
666,256,256,76
666,256,256,115
666,256,256,54
666,256,256,87
666,256,256,36
666,256,256,49
666,256,256,51
666,256,256,77
666,256,256,72
666,256,256,101
666,256,256,58
666,256,256,62
666,256,256,49
666,256,256,35
666,256,256,178
666,256,256,100
666,256,256,47
666,256,256,64
666,256,256,47
667,520,696,1631
667,520,696,2260
667,520,696,1606
667,520,696,2092
667,520,696,1836
667,520,696,1778
667,520,696,1928
667,520,696,2275
667,520,696,1832
667,520,696,1306
667,520,696,1453
667,520,696,68
667,520,696,1894
667,520,696,379
667,520,696,1745
667,520,696,1762
667,520,696,2410
667,520,696,2229
667,520,696,1462
668,256,256,75
668,256,256,191
668,256,256,118
668,256,256,184
668,256,256,146
668,256,256,150
668,256,256,88
668,256,256,221
668,256,256,163
668,256,256,26
668,256,256,347
668,256,256,80
668,256,256,195
669,360,360,2976
669,360,360,2775
669,360,360,657
669,360,360,1784
669,360,360,2862
669,360,360,2699
669,360,360,1534
669,360,360,2569
669,360,360,419
669,360,360,329
669,360,360,2606
669,360,360,1452
669,360,360,249
669,360,360,2238
669,360,360,224
669,360,360,2102
669,360,360,60
669,360,360,1656
669,360,360,1750
669,360,360,1087
669,360,360,1863
669,360,360,957
669,360,360,2456
669,360,360,2702
